HH1,HH2,TNLN,TN4,TN5,TN6,TN8,TN9,TN10,TN11,TN12_1,TN12_2,TN12_3,TN12_4,TN2,HH6,HH7,helevel,wscore,windex5,PSU,stratum,hhweight
6,8,1,1,11,4, , , ,2, , , , ,1,2,1,2,-0.6244727371835077,3,6,5,1.617169
12,14,1,1,98,12,2,2, ,2, , , , ,3,2,1,5,1.7242513688814514,5,12,5,1.617169
12,14,2,1,98,12,2,2, ,2, , , , ,3,2,1,5,1.7242513688814514,5,12,5,1.617169
12,14,3,1,98,12,2,2, ,2, , , , ,3,2,1,5,1.7242513688814514,5,12,5,1.617169
18,3,1,1,11,98, , , ,2, , , , ,3,1,1,5,1.7401898681270302,5,18,1,0.575678
18,3,2,1,11,98, , , ,2, , , , ,3,1,1,5,1.7401898681270302,5,18,1,0.575678
18,3,3,1,11,98, , , ,2, , , , ,3,1,1,5,1.7401898681270302,5,18,1,0.575678
22,1,1,2,18,95, , , ,2, , , , ,1,1,1,4,2.0134407188901444,5,22,1,0.575678
47,10,1,1,11,95, , , ,2, , , , ,1,1,1,1,0.4448113540079888,4,47,1,0.500259
71,2,1,2,11,95, , , ,2, , , , ,1,2,1,3,-0.8535537774717279,2,71,5,1.617169
71,8,1,1,98,95,8,2, ,2, , , , ,1,2,1,2,-1.152734368599638,1,71,5,1.617169
74,1,1,1,11,95, , , ,2, , , , ,1,2,1,5,0.3720912261326421,4,74,5,1.617169
74,5,1,1,98,24,2,2, ,2, , , , ,1,2,1,1,-0.7927261507566296,2,74,5,1.617169
75,5,1,1,18,95, , , ,2, , , , ,1,2,1,1,-1.2537383761060945,1,75,5,1.617169
76,9,1,1,13,24, , , ,2, , , , ,1,2,1,3,-0.4250858825686992,3,76,5,1.617169
77,5,1,1,11,95, , , ,2, , , , ,1,2,1,2,-0.16933156490577303,3,77,5,1.617169
78,12,1,1,16,95, , , ,2, , , , ,1,2,1,2,-0.5101077956897556,3,78,5,1.617169
83,7,1,1,11,12, , , ,1,4,90, , ,2,2,1,4,1.206638856947116,5,83,5,1.617169
83,7,2,1,11,23, , , ,2, , , , ,2,2,1,4,1.206638856947116,5,83,5,1.617169
86,11,1,1,11,13, , , ,2, , , , ,1,2,1,3,1.0941211953800225,5,86,5,1.617169
86,13,1,1,11,14, , , ,2, , , , ,2,2,1,2,-0.5480503121024078,3,86,5,1.617169
86,13,2,1,11,14, , , ,2, , , , ,2,2,1,2,-0.5480503121024078,3,86,5,1.617169
92,4,1,1,31,95,1,2, ,2, , , , ,1,2,1,1,-1.0906937423018763,1,92,5,1.617169
92,6,1,1,11,24, , , ,2, , , , ,2,2,1,1,-1.3145230604740363,1,92,5,1.617169
92,6,2,1,11,24, , , ,1,3,6,8,90,2,2,1,1,-1.3145230604740363,1,92,5,1.617169
92,7,1,1,11,24, , , ,2, , , , ,1,2,1,2,-0.8266519017972543,2,92,5,1.617169
95,1,1,1,11,0, , , ,2, , , , ,6,2,1,1,-1.2011179171648592,1,95,5,1.617169
95,1,2,1,11,0, , , ,2, , , , ,6,2,1,1,-1.2011179171648592,1,95,5,1.617169
95,1,3,1,11,0, , , ,2, , , , ,6,2,1,1,-1.2011179171648592,1,95,5,1.617169
95,1,4,1,11,0, , , ,2, , , , ,6,2,1,1,-1.2011179171648592,1,95,5,1.617169
95,1,5,1,11,0, , , ,2, , , , ,6,2,1,1,-1.2011179171648592,1,95,5,1.617169
95,1,6,1,11,0, , , ,2, , , , ,6,2,1,1,-1.2011179171648592,1,95,5,1.617169
95,2,1,1,11,0, , , ,2, , , , ,3,2,1,1,-0.8758613745071503,2,95,5,1.617169
95,2,2,1,11,0, , , ,2, , , , ,3,2,1,1,-0.8758613745071503,2,95,5,1.617169
95,2,3,1,11,0, , , ,2, , , , ,3,2,1,1,-0.8758613745071503,2,95,5,1.617169
95,3,1,1,11,0, , , ,2, , , , ,3,2,1,1,-0.9375032711079946,2,95,5,1.617169
95,3,2,1,11,0, , , ,2, , , , ,3,2,1,1,-0.9375032711079946,2,95,5,1.617169
95,3,3,1,11,0, , , ,2, , , , ,3,2,1,1,-0.9375032711079946,2,95,5,1.617169
95,4,1,1,11,0, , , ,2, , , , ,3,2,1,1,-1.3923484611832961,1,95,5,1.617169
95,4,2,1,11,0, , , ,2, , , , ,3,2,1,1,-1.3923484611832961,1,95,5,1.617169
95,4,3,1,11,0, , , ,2, , , , ,3,2,1,1,-1.3923484611832961,1,95,5,1.617169
95,5,1,1,11,0, , , ,2, , , , ,3,2,1,1,-0.8496946161258883,2,95,5,1.617169
95,5,2,1,11,0, , , ,2, , , , ,3,2,1,1,-0.8496946161258883,2,95,5,1.617169
95,5,3,1,11,0, , , ,2, , , , ,3,2,1,1,-0.8496946161258883,2,95,5,1.617169
95,6,1,1,11,0, , , ,2, , , , ,2,2,1,1,-0.8167398871957974,2,95,5,1.617169
95,6,2,1,11,0, , , ,2, , , , ,2,2,1,1,-0.8167398871957974,2,95,5,1.617169
95,7,1,1,11,0, , , ,1,1,90, , ,7,2,1,1,0.0474622497550681,4,95,5,1.617169
95,7,2,1,11,0, , , ,1,4,90, , ,7,2,1,1,0.0474622497550681,4,95,5,1.617169
95,7,3,1,11,0, , , ,2, , , , ,7,2,1,1,0.0474622497550681,4,95,5,1.617169
95,7,4,1,11,0, , , ,2, , , , ,7,2,1,1,0.0474622497550681,4,95,5,1.617169
95,7,5,1,11,0, , , ,2, , , , ,7,2,1,1,0.0474622497550681,4,95,5,1.617169
95,7,6,1,11,0, , , ,2, , , , ,7,2,1,1,0.0474622497550681,4,95,5,1.617169
95,7,7,1,11,0, , , ,2, , , , ,7,2,1,1,0.0474622497550681,4,95,5,1.617169
95,8,1,1,11,0, , , ,2, , , , ,6,2,1,2,-0.05715479810421037,4,95,5,1.617169
95,8,2,1,11,0, , , ,2, , , , ,6,2,1,2,-0.05715479810421037,4,95,5,1.617169
95,8,3,1,11,0, , , ,2, , , , ,6,2,1,2,-0.05715479810421037,4,95,5,1.617169
95,8,4,1,11,0, , , ,2, , , , ,6,2,1,2,-0.05715479810421037,4,95,5,1.617169
95,8,5,1,11,0, , , ,2, , , , ,6,2,1,2,-0.05715479810421037,4,95,5,1.617169
95,8,6,1,11,0, , , ,2, , , , ,6,2,1,2,-0.05715479810421037,4,95,5,1.617169
95,9,1,1,11,0, , , ,2, , , , ,4,2,1,1,-0.9826024731897028,2,95,5,1.617169
95,9,2,1,11,0, , , ,2, , , , ,4,2,1,1,-0.9826024731897028,2,95,5,1.617169
95,9,3,1,11,0, , , ,2, , , , ,4,2,1,1,-0.9826024731897028,2,95,5,1.617169
95,9,4,1,11,0, , , ,2, , , , ,4,2,1,1,-0.9826024731897028,2,95,5,1.617169
95,10,1,1,11,0, , , ,2, , , , ,7,2,1,3,-0.5963392620407982,3,95,5,1.617169
95,10,2,1,11,0, , , ,2, , , , ,7,2,1,3,-0.5963392620407982,3,95,5,1.617169
95,10,3,1,11,0, , , ,2, , , , ,7,2,1,3,-0.5963392620407982,3,95,5,1.617169
95,10,4,1,11,0, , , ,2, , , , ,7,2,1,3,-0.5963392620407982,3,95,5,1.617169
95,10,5,1,11,0, , , ,2, , , , ,7,2,1,3,-0.5963392620407982,3,95,5,1.617169
95,10,6,1,11,0, , , ,2, , , , ,7,2,1,3,-0.5963392620407982,3,95,5,1.617169
95,10,7,1,11,0, , , ,2, , , , ,7,2,1,3,-0.5963392620407982,3,95,5,1.617169
95,11,1,1,11,0, , , ,2, , , , ,2,2,1,2,-1.8502386765927443,1,95,5,1.617169
95,11,2,1,11,0, , , ,2, , , , ,2,2,1,2,-1.8502386765927443,1,95,5,1.617169
95,12,1,1,11,0, , , ,2, , , , ,3,2,1,2,0.41447498009439177,4,95,5,1.617169
95,12,2,1,11,0, , , ,2, , , , ,3,2,1,2,0.41447498009439177,4,95,5,1.617169
95,12,3,1,11,0, , , ,2, , , , ,3,2,1,2,0.41447498009439177,4,95,5,1.617169
95,13,1,1,11,0, , , ,2, , , , ,2,2,1,1,-1.2988909524558723,1,95,5,1.617169
95,13,2,1,11,0, , , ,2, , , , ,2,2,1,1,-1.2988909524558723,1,95,5,1.617169
95,15,1,1,11,0, , , ,2, , , , ,3,2,1,1,-0.8545963381422824,2,95,5,1.617169
95,15,2,1,11,0, , , ,2, , , , ,3,2,1,1,-0.8545963381422824,2,95,5,1.617169
95,15,3,1,11,0, , , ,2, , , , ,3,2,1,1,-0.8545963381422824,2,95,5,1.617169
97,1,1,1,11,1, , , ,2, , , , ,1,2,1,1,-0.9258960676555046,2,97,5,1.617169
97,2,1,1,11,1, , , ,2, , , , ,3,2,1,2,-0.40964110391740743,3,97,5,1.617169
97,2,2,1,11,1, , , ,2, , , , ,3,2,1,2,-0.40964110391740743,3,97,5,1.617169
97,2,3,1,16,95, , , ,2, , , , ,3,2,1,2,-0.40964110391740743,3,97,5,1.617169
97,3,1,1,11,1, , , ,2, , , , ,2,2,1,1,-0.22474105803451444,3,97,5,1.617169
97,3,2,1,11,1, , , ,2, , , , ,2,2,1,1,-0.22474105803451444,3,97,5,1.617169
97,4,1,1,11,1, , , ,2, , , , ,6,2,1,9,-0.7993069698139391,2,97,5,1.617169
97,4,2,1,11,1, , , ,2, , , , ,6,2,1,9,-0.7993069698139391,2,97,5,1.617169
97,4,3,1,11,1, , , ,2, , , , ,6,2,1,9,-0.7993069698139391,2,97,5,1.617169
97,4,4,1,11,1, , , ,2, , , , ,6,2,1,9,-0.7993069698139391,2,97,5,1.617169
97,4,5,1,11,1, , , ,2, , , , ,6,2,1,9,-0.7993069698139391,2,97,5,1.617169
97,4,6,1,11,1, , , ,2, , , , ,6,2,1,9,-0.7993069698139391,2,97,5,1.617169
97,5,1,1,11,0, , , ,2, , , , ,8,2,1,2,-0.36105963578505923,3,97,5,1.617169
97,5,2,1,11,0, , , ,2, , , , ,8,2,1,2,-0.36105963578505923,3,97,5,1.617169
97,5,3,1,11,0, , , ,2, , , , ,8,2,1,2,-0.36105963578505923,3,97,5,1.617169
97,5,4,1,11,0, , , ,2, , , , ,8,2,1,2,-0.36105963578505923,3,97,5,1.617169
97,5,5,1,11,0, , , ,2, , , , ,8,2,1,2,-0.36105963578505923,3,97,5,1.617169
97,5,6,1,11,0, , , ,2, , , , ,8,2,1,2,-0.36105963578505923,3,97,5,1.617169
97,5,7,1,11,0, , , ,2, , , , ,8,2,1,2,-0.36105963578505923,3,97,5,1.617169
97,5,8,1,11,0, , , ,2, , , , ,8,2,1,2,-0.36105963578505923,3,97,5,1.617169
97,6,1,1,11,1, , , ,2, , , , ,3,2,1,2,0.10539618028600879,4,97,5,1.617169
97,6,2,1,11,1, , , ,2, , , , ,3,2,1,2,0.10539618028600879,4,97,5,1.617169
97,6,3,1,11,1, , , ,2, , , , ,3,2,1,2,0.10539618028600879,4,97,5,1.617169
97,7,1,1,11,0, , , ,2, , , , ,2,2,1,1,-0.5995420156553748,3,97,5,1.617169
97,7,2,1,11,0, , , ,2, , , , ,2,2,1,1,-0.5995420156553748,3,97,5,1.617169
97,8,1,1,11,0, , , ,1,5,3,90, ,9,2,1,1,-0.8767980707585303,2,97,5,1.617169
97,8,2,1,11,0, , , ,2, , , , ,9,2,1,1,-0.8767980707585303,2,97,5,1.617169
97,8,3,1,11,0, , , ,2, , , , ,9,2,1,1,-0.8767980707585303,2,97,5,1.617169
97,8,4,1,11,0, , , ,2, , , , ,9,2,1,1,-0.8767980707585303,2,97,5,1.617169
97,8,5,1,11,0, , , ,2, , , , ,9,2,1,1,-0.8767980707585303,2,97,5,1.617169
97,8,6,1,11,0, , , ,2, , , , ,9,2,1,1,-0.8767980707585303,2,97,5,1.617169
97,8,7,1,11,0, , , ,2, , , , ,9,2,1,1,-0.8767980707585303,2,97,5,1.617169
97,8,8,1,11,0, , , ,2, , , , ,9,2,1,1,-0.8767980707585303,2,97,5,1.617169
97,8,9,1,98,0,8,8, ,2, , , , ,9,2,1,1,-0.8767980707585303,2,97,5,1.617169
97,9,1,1,11,0, , , ,2, , , , ,1,2,1,1,-1.4426479077032908,1,97,5,1.617169
97,10,1,1,11,1, , , ,2, , , , ,1,2,1,2,-0.8620537717805946,2,97,5,1.617169
97,11,1,1,11,1, , , ,1,1,4,2,90,2,2,1,1,-0.5995450970435531,3,97,5,1.617169
97,11,2,1,11,1, , , ,2, , , , ,2,2,1,1,-0.5995450970435531,3,97,5,1.617169
97,12,1,1,11,1, , , ,2, , , , ,2,2,1,2,-0.756557159688813,2,97,5,1.617169
97,12,2,1,11,1, , , ,2, , , , ,2,2,1,2,-0.756557159688813,2,97,5,1.617169
97,13,1,1,11,1, , , ,2, , , , ,8,2,1,1,-0.4691132320602242,3,97,5,1.617169
97,13,2,1,11,1, , , ,2, , , , ,8,2,1,1,-0.4691132320602242,3,97,5,1.617169
97,13,3,1,11,1, , , ,2, , , , ,8,2,1,1,-0.4691132320602242,3,97,5,1.617169
97,13,4,1,11,1, , , ,2, , , , ,8,2,1,1,-0.4691132320602242,3,97,5,1.617169
97,13,5,1,11,1, , , ,2, , , , ,8,2,1,1,-0.4691132320602242,3,97,5,1.617169
97,13,6,1,11,1, , , ,2, , , , ,8,2,1,1,-0.4691132320602242,3,97,5,1.617169
97,13,7,1,11,1, , , ,2, , , , ,8,2,1,1,-0.4691132320602242,3,97,5,1.617169
97,13,8,1,11,1, , , ,2, , , , ,8,2,1,1,-0.4691132320602242,3,97,5,1.617169
97,14,1,1,11,95, , , ,1,5,4,90, ,6,2,1,2,-0.850388865615346,2,97,5,1.617169
97,14,2,1,11,0, , , ,2, , , , ,6,2,1,2,-0.850388865615346,2,97,5,1.617169
97,14,3,1,11,0, , , ,2, , , , ,6,2,1,2,-0.850388865615346,2,97,5,1.617169
97,14,4,1,11,98, , , ,2, , , , ,6,2,1,2,-0.850388865615346,2,97,5,1.617169
97,14,5,1,98,98,8,8, ,2, , , , ,6,2,1,2,-0.850388865615346,2,97,5,1.617169
97,14,6,1,98,98,8,8, ,2, , , , ,6,2,1,2,-0.850388865615346,2,97,5,1.617169
97,15,1,1,11,0, , , ,2, , , , ,3,2,1,1,-1.2715555232949622,1,97,5,1.617169
97,15,2,1,11,0, , , ,2, , , , ,3,2,1,1,-1.2715555232949622,1,97,5,1.617169
97,15,3,1,11,0, , , ,2, , , , ,3,2,1,1,-1.2715555232949622,1,97,5,1.617169
98,13,1,1,11,95, , , ,1,11,9,90, ,1,2,2,4,-0.5620273791117508,3,98,6,1.359647
108,8,1,1,11,95, , , ,1,1,2,90, ,1,1,2,4,-0.008172598561746654,4,108,2,1.057359
111,10,1,1,18,2, , , ,2, , , , ,1,2,2,1,-1.4869524309506448,1,111,6,1.359647
111,14,1,2,11,16, , , ,2, , , , ,1,2,2,2,-1.0244133856258724,2,111,6,1.359647
112,3,1,1,18,13, , , ,2, , , , ,1,2,2,4,-0.21105730046790858,3,112,6,1.359647
112,11,1,1,11,1, , , ,2, , , , ,1,2,2,2,-0.13206274225711265,4,112,6,1.359647
112,14,1,9,18,95, , , ,2, , , , ,1,2,2,5,0.3059262781056502,4,112,6,1.359647
114,15,1,1,11,24, , , ,2, , , , ,1,2,2,3,-0.9476936923165326,2,114,6,1.359647
117,9,1,1,18,24, , , ,2, , , , ,3,2,2,4,0.5458560574584431,4,117,6,1.359647
117,9,2,1,18,24, , , ,2, , , , ,3,2,2,4,0.5458560574584431,4,117,6,1.359647
117,9,3,1,18,24, , , ,2, , , , ,3,2,2,4,0.5458560574584431,4,117,6,1.359647
117,14,1,2,11,95, , , ,2, , , , ,2,2,2,3,1.3566681196652046,5,117,6,1.359647
117,14,2,2,11,95, , , ,2, , , , ,2,2,2,3,1.3566681196652046,5,117,6,1.359647
122,5,1,1,11,18, , , ,2, , , , ,1,2,2,1,-1.1007281768584602,1,122,6,1.359647
122,15,1,1,11,18, , , ,2, , , , ,1,2,2,1,0.3060384442987129,4,122,6,1.359647
127,14,1,1,16,95, , , ,2, , , , ,1,2,2,3,-0.2660712566291302,3,127,6,1.359647
128,7,1,1,98,95,8,1,95,2, , , , ,1,2,2,4,0.7658276441930852,5,128,6,1.359647
129,13,1,1,98,18,8,2, ,2, , , , ,1,2,2,3,0.027972260296161938,4,129,6,1.359647
130,6,1,1,11,95, , , ,2, , , , ,2,2,2,5,1.3860706351049692,5,130,6,1.359647
130,6,2,1,11,95, , , ,2, , , , ,2,2,2,5,1.3860706351049692,5,130,6,1.359647
130,15,1,1,11,11, , , ,2, , , , ,1,2,2,5,0.7636121796448312,5,130,6,1.359647
131,4,1,2,11,95, , , ,2, , , , ,1,2,2,5,1.7642451347439527,5,131,6,1.359647
134,9,1,1,18,14, , , ,8, , , , ,1,1,2,4,0.5894743548006901,4,134,2,1.057359
135,5,1,2,11,11, , , ,2, , , , ,2,1,2,9,-0.35588160248635287,3,135,2,1.057359
135,5,2,2,11,11, , , ,2, , , , ,2,1,2,9,-0.35588160248635287,3,135,2,1.057359
136,13,1,1,11,95, , , ,1,1,2,3,90,1,1,2,3,0.2929918571554879,4,136,2,1.057359
145,4,1,1,98,95,2,2, ,1,1,90, , ,1,1,2,4,0.5390411380368901,4,145,2,1.057359
145,10,1,1,11,24, , , ,1,1,90, , ,1,1,2,2,-0.4609669730163397,3,145,2,1.057359
147,11,1,1,11,95, , , ,2, , , , ,1,1,2,5,0.8039207825771044,5,147,2,1.057359
150,11,1,1,98,95,2,2, ,1,1,4,90, ,1,1,2,3,-0.5566762671779981,3,150,2,1.057359
151,9,1,1,98,95,2,2, ,1,1,90, , ,1,1,2,2,1.4699481262570944,5,151,2,1.057359
151,11,1,1,98,11,1,2, ,2, , , , ,1,1,2,3,1.012012757825613,5,151,2,1.057359
151,13,1,1,11,95, , , ,2, , , , ,1,1,2,2,1.0546111055068335,5,151,2,1.057359
153,2,1,1,98,7,8,2, ,2, , , , ,1,1,2,2,-0.30751954238183943,3,153,2,1.057359
155,4,1,1,98,24,8,2, ,2, , , , ,1,1,2,4,0.4761934864990329,4,155,2,1.057359
156,12,1,1,11,1, , , ,1,1,90, , ,1,1,2,1,0.5126282736191367,4,156,2,1.057359
157,14,1,1,26,95, ,2, ,2, , , , ,3,1,2,4,1.8904667339393728,5,157,2,1.057359
157,14,2,1,26,95, ,2, ,2, , , , ,3,1,2,4,1.8904667339393728,5,157,2,1.057359
157,14,3,1,26,95, ,2, ,2, , , , ,3,1,2,4,1.8904667339393728,5,157,2,1.057359
158,3,1,1,11,95, , , ,2, , , , ,1,1,2,5,1.4248440492802585,5,158,2,1.295265
158,5,1,1,11,95, , , ,1,2,90, , ,2,1,2,5,1.177723719668692,5,158,2,1.295265
158,5,2,1,11,95, , , ,1,1,3,90, ,2,1,2,5,1.177723719668692,5,158,2,1.295265
158,11,1,1,11,12, , , ,2, , , , ,1,1,2,4,1.029601535737733,5,158,2,1.295265
159,4,1,1,16,95, , , ,2, , , , ,1,1,2,5,0.9963293573246813,5,159,2,1.295265
161,2,1,2,11,95, , , ,2, , , , ,1,1,2,3,1.800263209688054,5,161,2,1.057359
163,5,1,1,31,11,1,2, ,2, , , , ,1,1,2,4,1.0422977386602503,5,163,2,1.057359
163,7,1,1,98,11,1,2, ,1,2,90, , ,1,1,2,5,1.4590410055835776,5,163,2,1.057359
163,12,1,1,11,1, , , ,2, , , , ,1,1,2,5,0.4114479254167018,4,163,2,1.057359
167,1,1,1,11,4, , , ,2, , , , ,1,1,2,4,1.5432418099767504,5,167,2,1.057359
167,9,1,1,31,95,8,2, ,2, , , , ,1,1,2,5,1.7531186281655924,5,167,2,1.057359
170,4,1,1,11,12, , , ,2, , , , ,1,1,2,5,1.4150620056322238,5,170,2,1.057359
171,9,1,1,98,1,8,2, ,2, , , , ,1,1,2,3,0.09608998479155531,4,171,2,1.057359
171,10,1,1,98,95,8,2, ,1,3,90, , ,1,1,2,9,0.312857234642285,4,171,2,1.057359
175,11,1,1,11,12, , , ,1,2,3,90, ,1,1,2,5,0.7818842185933698,5,175,2,1.057359
177,7,1,1,11,18, , , ,1,1,2,90, ,1,1,2,3,0.7072091345851538,5,177,2,1.057359
181,2,1,1,11,12, , , ,2, , , , ,1,1,2,2,0.7466816653178556,5,181,2,1.057359
181,9,1,1,11,4, , , ,2, , , , ,1,1,2,2,1.0960354037289253,5,181,2,1.057359
184,12,1,1,11,95, , , ,1,1,90, , ,1,1,2,5,0.6515640528938085,5,184,2,1.057359
184,15,1,1,11,1, , , ,1,1,90, , ,1,1,2,4,-0.21007246553864084,3,184,2,1.057359
186,7,1,1,11,8, , , ,2, , , , ,1,1,2,2,-0.3138662577483024,3,186,2,1.057359
187,13,1,1,11,1, , , ,1,1,90, , ,1,1,2,3,1.0631150015460236,5,187,2,1.057359
188,15,1,1,11,2, , , ,2, , , , ,1,1,2,5,0.5480159163558517,4,188,2,1.057359
192,1,1,1,11,0, , , ,2, , , , ,1,2,2,3,-0.40315379226998643,3,192,6,1.359647
192,8,1,1,98,95,8,2, ,2, , , , ,1,2,2,1,-0.612677935772689,3,192,6,1.359647
193,15,1,1,11,95, , , ,2, , , , ,2,2,2,5,1.599431524254144,5,193,6,1.359647
193,15,2,1,11,95, , , ,2, , , , ,2,2,2,5,1.599431524254144,5,193,6,1.359647
194,11,1,1,11,5, , , ,1,3,4,90, ,1,1,2,3,-0.3011302816942162,3,194,2,1.057359
194,13,1,1,98,3,8,2, ,1,1,90, , ,1,1,2,4,-0.34056346145250393,3,194,2,1.057359
194,14,1,1,98,95,8,2, ,2, , , , ,1,1,2,2,-0.27342361654136044,3,194,2,1.057359
195,3,1,1,11,95, , , ,2, , , , ,1,2,2,3,0.03613618242601799,4,195,6,1.359647
195,4,1,1,98,24,8,2, ,2, , , , ,1,2,2,3,1.2032723255387343,5,195,6,1.359647
195,6,1,1,18,10, , , ,2, , , , ,1,2,2,3,-0.7277683130931571,2,195,6,1.359647
196,5,1,1,11,95, , , ,2, , , , ,1,2,2,1,-1.352227193671196,1,196,6,1.359647
196,11,1,1,11,12, , , ,2, , , , ,1,2,2,3,-0.8962003006380406,2,196,6,1.359647
197,3,1,1,11,12, , , ,1,1,90, , ,1,2,2,2,-0.8200718984375842,2,197,6,1.359647
197,4,1,1,11,8, , , ,2, , , , ,3,2,2,2,-0.32004065093557704,3,197,6,1.359647
197,4,2,1,11,8, , , ,2, , , , ,3,2,2,2,-0.32004065093557704,3,197,6,1.359647
197,4,3,1,11,8, , , ,2, , , , ,3,2,2,2,-0.32004065093557704,3,197,6,1.359647
197,5,1,1,11,9, , , ,1,1,2,90, ,1,2,2,1,-1.1018487016824592,1,197,6,1.359647
197,6,1,1,18,98, , , ,1,1,90, , ,1,2,2,3,-0.636564825369469,3,197,6,1.359647
197,9,1,2,11,12, , , ,1,1,90, , ,1,2,2,1,-0.7554017320423548,2,197,6,1.359647
198,1,1,1,11,6, , , ,2, , , , ,1,1,2,4,0.3452350659315225,4,198,2,1.295265
198,5,1,2,18,95, , , ,2, , , , ,1,1,2,5,1.4167645929062889,5,198,2,1.295265
198,15,1,1,11,6, , , ,2, , , , ,1,1,2,5,0.6318581889808713,5,198,2,1.295265
211,10,1,1,16,24, , , ,2, , , , ,1,2,3,3,0.7632906322870595,5,211,7,0.970818
231,6,1,1,11,12, , , ,2, , , , ,2,1,3,5,1.6729846526730672,5,231,3,0.511717
231,6,2,1,11,12, , , ,2, , , , ,2,1,3,5,1.6729846526730672,5,231,3,0.511717
237,10,1,9,11,3, , , ,2, , , , ,1,1,3,5,1.3289540686318089,5,237,3,0.511717
260,12,1,1,16,95, , , ,2, , , , ,1,2,3,2,-0.8822310281971668,2,260,7,0.970818
262,3,1,1,11,95, , , ,2, , , , ,1,2,3,3,-1.754496153261144,1,262,7,0.970818
268,15,1,1,11,5, , , ,2, , , , ,1,2,3,2,-0.9451027759911127,2,268,7,0.970818
269,14,1,1,11,34, , , ,1,1,5,6,90,2,2,3,2,-1.56898869551524,1,269,7,0.970818
269,14,2,1,18,95, , , ,1,2,4,90, ,2,2,3,2,-1.56898869551524,1,269,7,0.970818
271,2,1,1,11,24, , , ,1,7,90, , ,1,2,3,2,-1.1377886570587643,1,271,7,0.970818
273,2,1,1,11,12, , , ,2, , , , ,1,2,3,2,-1.3123644493379751,1,273,7,0.970818
274,13,1,1,11,2, , , ,1,1,90, , ,1,2,3,1,-1.373019255985482,1,274,7,0.970818
275,14,1,1,11,12, , , ,2, , , , ,1,2,3,1,-0.0339777753991527,4,275,7,0.970818
277,12,1,1,11,13, , , ,2, , , , ,1,2,4,2,-1.1913106171445211,1,277,8,0.899704
279,8,1,1,11,24, , , ,2, , , , ,1,2,4,1,-0.1719124851576824,3,279,8,0.899704
279,9,1,2,98,95,2,1,11,2, , , , ,1,2,4,3,-0.4603892259535593,3,279,8,0.899704
279,12,1,1,16,95, , , ,2, , , , ,1,2,4,2,-1.0464283043892721,1,279,8,0.899704
280,5,1,1,11,98, , , ,2, , , , ,1,2,4,3,0.7556500231224589,5,280,8,0.899704
280,8,1,1,11,12, , , ,2, , , , ,1,2,4,2,-0.21658042351646398,3,280,8,0.899704
281,2,1,1,11,17, , , ,2, , , , ,1,2,4,1,0.4684060823701857,4,281,8,0.899704
281,14,1,1,11,1, , , ,2, , , , ,1,2,4,3,0.13779212806437802,4,281,8,0.899704
281,15,1,1,11,95, , , ,2, , , , ,1,2,4,3,-1.1125159502859872,1,281,8,0.899704
282,4,1,1,11,95, , , ,1,3,12,90, ,2,2,4,2,0.2108891056399443,4,282,8,0.899704
282,4,2,2,98,12,8,2, ,2, , , , ,2,2,4,2,0.2108891056399443,4,282,8,0.899704
282,9,1,1,11,24, , , ,2, , , , ,1,2,4,2,-0.1992019933689897,3,282,8,0.899704
282,11,1,1,11,0, , , ,2, , , , ,1,2,4,1,-0.6784758008167918,2,282,8,0.899704
283,5,1,1,11,12, , , ,2, , , , ,1,2,4,5,1.2865781539435697,5,283,8,0.899704
283,6,1,1,11,95, , , ,2, , , , ,2,2,4,5,0.9007024205677925,5,283,8,0.899704
283,6,2,1,11,95, , , ,2, , , , ,2,2,4,5,0.9007024205677925,5,283,8,0.899704
283,12,1,1,11,95, , , ,2, , , , ,2,2,4,4,-0.825307219245133,2,283,8,0.899704
283,12,2,2,11,12, , , ,2, , , , ,2,2,4,4,-0.825307219245133,2,283,8,0.899704
284,15,1,1,11,95, , , ,2, , , , ,1,2,4,1,0.5091723034079455,4,284,8,0.899704
285,1,1,1,11,12, , , ,2, , , , ,1,2,4,1,-1.4075255472455692,1,285,8,0.899704
285,5,1,1,11,95, , , ,1,2,3,90, ,1,2,4,1,-1.372549921943151,1,285,8,0.899704
286,4,1,1,11,12, , , ,2, , , , ,1,2,4,1,-1.2179793659567137,1,286,8,0.899704
286,10,1,1,11,3, , , ,2, , , , ,3,2,4,2,-1.0583132100776682,1,286,8,0.899704
286,10,2,1,11,3, , , ,2, , , , ,3,2,4,2,-1.0583132100776682,1,286,8,0.899704
286,10,3,1,11,3, , , ,2, , , , ,3,2,4,2,-1.0583132100776682,1,286,8,0.899704
286,11,1,1,11,4, , , ,2, , , , ,1,2,4,2,-0.39494154047300534,3,286,8,0.899704
286,12,1,1,11,4, , , ,2, , , , ,4,2,4,2,-1.1234591150632716,1,286,8,0.899704
286,12,2,1,11,4, , , ,2, , , , ,4,2,4,2,-1.1234591150632716,1,286,8,0.899704
286,12,3,1,11,4, , , ,2, , , , ,4,2,4,2,-1.1234591150632716,1,286,8,0.899704
286,12,4,1,11,4, , , ,2, , , , ,4,2,4,2,-1.1234591150632716,1,286,8,0.899704
287,1,1,1,11,6, , , ,2, , , , ,3,2,4,2,-0.15029022189035238,3,287,8,0.899704
287,1,2,1,11,6, , , ,2, , , , ,3,2,4,2,-0.15029022189035238,3,287,8,0.899704
287,1,3,1,11,6, , , ,2, , , , ,3,2,4,2,-0.15029022189035238,3,287,8,0.899704
287,2,1,1,11,2, , , ,2, , , , ,3,2,4,5,-0.5671952303834737,3,287,8,0.899704
287,2,2,1,11,2, , , ,2, , , , ,3,2,4,5,-0.5671952303834737,3,287,8,0.899704
287,2,3,1,11,2, , , ,2, , , , ,3,2,4,5,-0.5671952303834737,3,287,8,0.899704
287,3,1,1,11,4, , , ,2, , , , ,3,2,4,5,1.6577565279280961,5,287,8,0.899704
287,3,2,1,11,4, , , ,2, , , , ,3,2,4,5,1.6577565279280961,5,287,8,0.899704
287,3,3,1,11,4, , , ,2, , , , ,3,2,4,5,1.6577565279280961,5,287,8,0.899704
287,4,1,1,11,6, , , ,1,1,90, , ,3,2,4,3,0.2120608671096387,4,287,8,0.899704
287,4,2,1,11,6, , , ,2, , , , ,3,2,4,3,0.2120608671096387,4,287,8,0.899704
287,4,3,1,11,6, , , ,2, , , , ,3,2,4,3,0.2120608671096387,4,287,8,0.899704
287,5,1,1,11,1, , , ,2, , , , ,2,2,4,4,0.13814351908171418,4,287,8,0.899704
287,5,2,1,11,1, , , ,1,1,90, , ,2,2,4,4,0.13814351908171418,4,287,8,0.899704
287,7,1,1,11,1, , , ,2, , , , ,3,2,4,1,-0.746128075720761,2,287,8,0.899704
287,7,2,1,11,1, , , ,2, , , , ,3,2,4,1,-0.746128075720761,2,287,8,0.899704
287,7,3,1,11,1, , , ,2, , , , ,3,2,4,1,-0.746128075720761,2,287,8,0.899704
287,8,1,1,11,2, , , ,2, , , , ,1,2,4,3,-1.1438442349627804,1,287,8,0.899704
287,9,1,1,11,3, , , ,2, , , , ,1,2,4,1,-0.6195962860613488,3,287,8,0.899704
287,10,1,1,11,1, , , ,2, , , , ,5,2,4,2,-0.6256731160482152,3,287,8,0.899704
287,10,2,1,11,1, , , ,2, , , , ,5,2,4,2,-0.6256731160482152,3,287,8,0.899704
287,10,3,1,11,1, , , ,2, , , , ,5,2,4,2,-0.6256731160482152,3,287,8,0.899704
287,10,4,1,11,1, , , ,2, , , , ,5,2,4,2,-0.6256731160482152,3,287,8,0.899704
287,10,5,1,11,1, , , ,2, , , , ,5,2,4,2,-0.6256731160482152,3,287,8,0.899704
287,11,1,1,11,3, , , ,2, , , , ,3,2,4,2,-1.2378506390805548,1,287,8,0.899704
287,11,2,1,11,3, , , ,2, , , , ,3,2,4,2,-1.2378506390805548,1,287,8,0.899704
287,11,3,1,11,3, , , ,2, , , , ,3,2,4,2,-1.2378506390805548,1,287,8,0.899704
287,12,1,1,11,1, , , ,2, , , , ,2,2,4,2,-0.816038343282055,2,287,8,0.899704
287,12,2,1,11,1, , , ,2, , , , ,2,2,4,2,-0.816038343282055,2,287,8,0.899704
287,13,1,1,11,3, , , ,2, , , , ,2,2,4,2,0.20301529646250052,4,287,8,0.899704
287,13,2,1,11,3, , , ,2, , , , ,2,2,4,2,0.20301529646250052,4,287,8,0.899704
287,14,1,1,11,1, , , ,2, , , , ,3,2,4,4,-1.7858505768659148,1,287,8,0.899704
287,14,2,1,11,1, , , ,2, , , , ,3,2,4,4,-1.7858505768659148,1,287,8,0.899704
287,14,3,1,11,1, , , ,2, , , , ,3,2,4,4,-1.7858505768659148,1,287,8,0.899704
287,15,1,1,11,1, , , ,2, , , , ,2,2,4,1,-1.6100544051972059,1,287,8,0.899704
287,15,2,1,11,1, , , ,2, , , , ,2,2,4,1,-1.6100544051972059,1,287,8,0.899704
288,1,1,1,11,2, , , ,1,1,90, , ,9,2,4,1,-0.853997649478209,2,288,8,0.899704
288,1,2,1,11,2, , , ,1,5,90, , ,9,2,4,1,-0.853997649478209,2,288,8,0.899704
288,1,3,1,11,2, , , ,2, , , , ,9,2,4,1,-0.853997649478209,2,288,8,0.899704
288,1,4,1,11,2, , , ,2, , , , ,9,2,4,1,-0.853997649478209,2,288,8,0.899704
288,1,5,1,11,2, , , ,2, , , , ,9,2,4,1,-0.853997649478209,2,288,8,0.899704
288,1,6,1,11,2, , , ,2, , , , ,9,2,4,1,-0.853997649478209,2,288,8,0.899704
288,1,7,1,11,2, , , ,2, , , , ,9,2,4,1,-0.853997649478209,2,288,8,0.899704
288,1,8,1,11,2, , , ,2, , , , ,9,2,4,1,-0.853997649478209,2,288,8,0.899704
288,1,9,1,11,2, , , ,2, , , , ,9,2,4,1,-0.853997649478209,2,288,8,0.899704
288,2,1,1,11,3, , , ,2, , , , ,2,2,4,1,-0.7662748352381821,2,288,8,0.899704
288,2,2,1,11,3, , , ,2, , , , ,2,2,4,1,-0.7662748352381821,2,288,8,0.899704
288,4,1,1,11,2, , , ,2, , , , ,3,2,4,1,-1.8340265024553024,1,288,8,0.899704
288,4,2,1,11,2, , , ,2, , , , ,3,2,4,1,-1.8340265024553024,1,288,8,0.899704
288,4,3,1,11,2, , , ,2, , , , ,3,2,4,1,-1.8340265024553024,1,288,8,0.899704
288,6,1,1,11,3, , , ,2, , , , ,3,2,4,1,-0.654334027828918,3,288,8,0.899704
288,6,2,1,11,3, , , ,2, , , , ,3,2,4,1,-0.654334027828918,3,288,8,0.899704
288,6,3,1,11,3, , , ,2, , , , ,3,2,4,1,-0.654334027828918,3,288,8,0.899704
288,7,1,1,11,3, , , ,1,1,90, , ,1,2,4,1,-0.5788677716734832,3,288,8,0.899704
288,8,1,1,11,5, , , ,1,1,90, , ,1,2,4,3,-0.20725766754322053,3,288,8,0.899704
288,9,1,1,11,4, , , ,2, , , , ,2,2,4,1,-1.8613589526113654,1,288,8,0.899704
288,9,2,1,11,4, , , ,2, , , , ,2,2,4,1,-1.8613589526113654,1,288,8,0.899704
288,10,1,1,11,3, , , ,1,3,10,90, ,3,2,4,1,-1.6670981982532487,1,288,8,0.899704
288,10,2,1,11,3, , , ,2, , , , ,3,2,4,1,-1.6670981982532487,1,288,8,0.899704
288,10,3,1,11,3, , , ,2, , , , ,3,2,4,1,-1.6670981982532487,1,288,8,0.899704
288,11,1,1,11,3, , , ,8, , , , ,3,2,4,1,-1.6366538434218807,1,288,8,0.899704
288,11,2,1,11,3, , , ,8, , , , ,3,2,4,1,-1.6366538434218807,1,288,8,0.899704
288,11,3,1,11,3, , , ,8, , , , ,3,2,4,1,-1.6366538434218807,1,288,8,0.899704
288,12,1,1,11,4, , , ,2, , , , ,3,2,4,2,-0.9484465470378561,2,288,8,0.899704
288,12,2,1,11,4, , , ,2, , , , ,3,2,4,2,-0.9484465470378561,2,288,8,0.899704
288,12,3,1,11,4, , , ,2, , , , ,3,2,4,2,-0.9484465470378561,2,288,8,0.899704
288,13,1,1,11,4, , , ,2, , , , ,3,2,4,1,-0.9024459436344799,2,288,8,0.899704
288,13,2,1,11,4, , , ,2, , , , ,3,2,4,1,-0.9024459436344799,2,288,8,0.899704
288,13,3,1,11,4, , , ,2, , , , ,3,2,4,1,-0.9024459436344799,2,288,8,0.899704
288,14,1,1,11,4, , , ,2, , , , ,2,2,4,1,-0.736575133428188,2,288,8,0.899704
288,14,2,1,11,4, , , ,2, , , , ,2,2,4,1,-0.736575133428188,2,288,8,0.899704
288,15,1,1,11,4, , , ,2, , , , ,3,2,4,2,-0.7791878543080345,2,288,8,0.899704
288,15,2,1,11,4, , , ,2, , , , ,3,2,4,2,-0.7791878543080345,2,288,8,0.899704
288,15,3,1,11,4, , , ,2, , , , ,3,2,4,2,-0.7791878543080345,2,288,8,0.899704
289,1,1,1,11,6, , , ,2, , , , ,2,2,4,2,-1.3791796526512918,1,289,8,0.899704
289,1,2,1,11,6, , , ,2, , , , ,2,2,4,2,-1.3791796526512918,1,289,8,0.899704
289,2,1,1,11,6, , , ,1,1,90, , ,3,2,4,3,-0.8957892088201982,2,289,8,0.899704
289,2,2,1,11,6, , , ,1,2,4,90, ,3,2,4,3,-0.8957892088201982,2,289,8,0.899704
289,2,3,1,11,6, , , ,1,3,90, , ,3,2,4,3,-0.8957892088201982,2,289,8,0.899704
289,3,1,1,11,6, , , ,2, , , , ,4,2,4,2,0.041145583731289945,4,289,8,0.899704
289,3,2,1,11,6, , , ,2, , , , ,4,2,4,2,0.041145583731289945,4,289,8,0.899704
289,3,3,1,11,6, , , ,2, , , , ,4,2,4,2,0.041145583731289945,4,289,8,0.899704
289,3,4,1,11,6, , , ,2, , , , ,4,2,4,2,0.041145583731289945,4,289,8,0.899704
289,4,1,1,11,9, , , ,2, , , , ,7,2,4,2,-0.8505548740993653,2,289,8,0.899704
289,4,2,1,11,9, , , ,2, , , , ,7,2,4,2,-0.8505548740993653,2,289,8,0.899704
289,4,3,1,11,9, , , ,2, , , , ,7,2,4,2,-0.8505548740993653,2,289,8,0.899704
289,4,4,1,11,9, , , ,2, , , , ,7,2,4,2,-0.8505548740993653,2,289,8,0.899704
289,4,5,1,11,9, , , ,2, , , , ,7,2,4,2,-0.8505548740993653,2,289,8,0.899704
289,4,6,1,11,9, , , ,2, , , , ,7,2,4,2,-0.8505548740993653,2,289,8,0.899704
289,4,7,1,11,9, , , ,2, , , , ,7,2,4,2,-0.8505548740993653,2,289,8,0.899704
289,5,1,1,11,8, , , ,2, , , , ,4,2,4,3,-0.2456847226440874,3,289,8,0.899704
289,5,2,1,11,8, , , ,2, , , , ,4,2,4,3,-0.2456847226440874,3,289,8,0.899704
289,5,3,1,11,8, , , ,2, , , , ,4,2,4,3,-0.2456847226440874,3,289,8,0.899704
289,5,4,1,11,8, , , ,2, , , , ,4,2,4,3,-0.2456847226440874,3,289,8,0.899704
289,6,1,1,11,17, , , ,1,1,90, , ,3,2,4,1,-1.2284281503412537,1,289,8,0.899704
289,6,2,1,11,17, , , ,1,3,4,5,7,3,2,4,1,-1.2284281503412537,1,289,8,0.899704
289,6,3,1,11,17, , , ,1,2,8,6,90,3,2,4,1,-1.2284281503412537,1,289,8,0.899704
289,7,1,1,11,10, , , ,2, , , , ,1,2,4,5,0.8566932309985713,5,289,8,0.899704
289,8,1,1,11,9, , , ,2, , , , ,2,2,4,4,-0.6844816762711433,2,289,8,0.899704
289,8,2,1,11,9, , , ,2, , , , ,2,2,4,4,-0.6844816762711433,2,289,8,0.899704
289,9,1,1,11,9, , , ,2, , , , ,3,2,4,1,0.09672938161209825,4,289,8,0.899704
289,9,2,1,11,9, , , ,2, , , , ,3,2,4,1,0.09672938161209825,4,289,8,0.899704
289,9,3,1,11,9, , , ,2, , , , ,3,2,4,1,0.09672938161209825,4,289,8,0.899704
289,11,1,1,11,98, , , ,2, , , , ,4,2,4,9,-1.0409914445001456,1,289,8,0.899704
289,11,2,1,11,6, , , ,2, , , , ,4,2,4,9,-1.0409914445001456,1,289,8,0.899704
289,11,3,1,11,6, , , ,2, , , , ,4,2,4,9,-1.0409914445001456,1,289,8,0.899704
289,11,4,1,11,6, , , ,2, , , , ,4,2,4,9,-1.0409914445001456,1,289,8,0.899704
289,12,1,2,98,98,1,2, ,2, , , , ,1,2,4,2,-0.9528590913233809,2,289,8,0.899704
289,13,1,1,11,7, , , ,2, , , , ,1,2,4,1,-0.24253342432555455,3,289,8,0.899704
289,14,1,1,11,98, , , ,2, , , , ,2,2,4,1,-0.9998069595936218,2,289,8,0.899704
289,14,2,1,11,98, , , ,2, , , , ,2,2,4,1,-0.9998069595936218,2,289,8,0.899704
291,2,1,1,11,6, , , ,2, , , , ,1,2,4,5,1.2281837364388097,5,291,8,0.899704
291,6,1,1,11,24, , , ,2, , , , ,1,2,4,2,-0.9281399004708003,2,291,8,0.899704
291,9,1,1,11,95, , , ,2, , , , ,1,2,4,2,0.2594410272564925,4,291,8,0.899704
291,15,1,2,98,95,1,2, ,2, , , , ,1,2,4,2,-0.45847461621931646,3,291,8,0.899704
292,5,1,1,11,95, , , ,2, , , , ,1,2,4,2,-1.1503925661959296,1,292,8,0.899704
292,8,1,1,11,24, , , ,2, , , , ,1,2,4,1,0.1988002057126171,4,292,8,0.899704
292,9,1,1,11,95, , , ,1,1,6,90, ,2,2,4,2,-0.8653189041150072,2,292,8,0.899704
292,9,2,1,11,95, , , ,2, , , , ,2,2,4,2,-0.8653189041150072,2,292,8,0.899704
292,10,1,1,11,95, , , ,2, , , , ,1,2,4,2,-1.5210446823930903,1,292,8,0.899704
292,12,1,1,11,9, , , ,2, , , , ,1,2,4,4,-0.3505911963238443,3,292,8,0.899704
292,13,1,1,11,9, , , ,2, , , , ,1,2,4,4,0.04809788270499598,4,292,8,0.899704
292,14,1,1,11,9, , , ,2, , , , ,1,2,4,4,0.567136292204081,4,292,8,0.899704
293,4,1,1,11,95, , , ,2, , , , ,1,2,4,1,-1.1878295074734768,1,293,8,0.899704
293,9,1,1,11,1, , , ,2, , , , ,1,2,4,1,-0.8580183667121888,2,293,8,0.899704
293,12,1,1,99,4,9,9, ,2, , , , ,2,2,4,2,-0.6159311582944352,3,293,8,0.899704
293,12,2,1,99,4,9,9, ,2, , , , ,2,2,4,2,-0.6159311582944352,3,293,8,0.899704
293,15,1,1,99,95,9,9, ,2, , , , ,2,2,4,2,-1.105692968697483,1,293,8,0.899704
293,15,2,1,99,95,9,9, ,2, , , , ,2,2,4,2,-1.105692968697483,1,293,8,0.899704
294,1,1,1,16,95, , , ,2, , , , ,1,2,4,1,0.2669033978813935,4,294,8,0.899704
294,11,1,1,11,12, , , ,2, , , , ,1,2,4,2,-0.9232388603559757,2,294,8,0.899704
294,12,1,1,11,98, , , ,2, , , , ,1,2,4,1,-1.292315550001943,1,294,8,0.899704
294,13,1,1,31,95,8,2, ,2, , , , ,2,2,4,5,0.9818181535960877,5,294,8,0.899704
294,13,2,1,31,24,8,2, ,2, , , , ,2,2,4,5,0.9818181535960877,5,294,8,0.899704
295,3,1,1,11,13, , , ,2, , , , ,3,2,4,1,-1.5351042724898216,1,295,8,0.899704
295,3,2,1,11,13, , , ,1,7,14,90, ,3,2,4,1,-1.5351042724898216,1,295,8,0.899704
295,3,3,1,11,13, , , ,1,2,90, , ,3,2,4,1,-1.5351042724898216,1,295,8,0.899704
295,4,1,1,99,95,9,9, ,1,1,90, , ,3,2,4,2,-0.13736780112143893,3,295,8,0.899704
295,4,2,1,99,95,9,9, ,2, , , , ,3,2,4,2,-0.13736780112143893,3,295,8,0.899704
295,4,3,1,99,95,9,9, ,2, , , , ,3,2,4,2,-0.13736780112143893,3,295,8,0.899704
296,1,1,1,11,3, , , ,2, , , , ,1,2,4,4,0.9095279159358983,5,296,8,0.899704
296,3,1,1,99,2,9,9, ,1,1,2,5,90,2,2,4,2,-0.8475325480894398,2,296,8,0.899704
296,3,2,1,99,2,9,9, ,1,3,4,90, ,2,2,4,2,-0.8475325480894398,2,296,8,0.899704
296,4,1,1,11,2, , , ,1,1,2,4,90,2,2,4,1,-1.127217399417236,1,296,8,0.899704
296,4,2,1,11,2, , , ,1,3,90, , ,2,2,4,1,-1.127217399417236,1,296,8,0.899704
296,5,1,1,11,2, , , ,2, , , , ,3,2,4,2,0.31592249350753643,4,296,8,0.899704
296,5,2,1,11,2, , , ,2, , , , ,3,2,4,2,0.31592249350753643,4,296,8,0.899704
296,5,3,1,11,2, , , ,2, , , , ,3,2,4,2,0.31592249350753643,4,296,8,0.899704
296,6,1,1,11,5, , , ,2, , , , ,3,2,4,5,0.9551189516934122,5,296,8,0.899704
296,6,2,1,11,5, , , ,2, , , , ,3,2,4,5,0.9551189516934122,5,296,8,0.899704
296,6,3,1,11,5, , , ,2, , , , ,3,2,4,5,0.9551189516934122,5,296,8,0.899704
296,7,1,1,11,4, , , ,2, , , , ,1,2,4,2,-1.7040439055915535,1,296,8,0.899704
296,9,1,1,11,4, , , ,1,1,6,90, ,3,2,4,1,-1.3644789777604294,1,296,8,0.899704
296,9,2,1,11,4, , , ,1,2,7,90, ,3,2,4,1,-1.3644789777604294,1,296,8,0.899704
296,9,3,1,11,4, , , ,1,3,4,5,90,3,2,4,1,-1.3644789777604294,1,296,8,0.899704
296,10,1,1,11,4, , , ,2, , , , ,1,2,4,2,-1.6560431625557237,1,296,8,0.899704
296,11,1,1,11,24, , , ,2, , , , ,2,2,4,4,0.2640311748379029,4,296,8,0.899704
296,11,2,1,11,3, , , ,1,1,90, , ,2,2,4,4,0.2640311748379029,4,296,8,0.899704
296,12,1,2,98,3,1,2, ,2, , , , ,1,2,4,2,0.22730137496047298,4,296,8,0.899704
296,13,1,1,11,6, , , ,1,3,7,90, ,6,2,4,2,-0.6586036679156378,3,296,8,0.899704
296,13,2,1,11,6, , , ,2, , , , ,6,2,4,2,-0.6586036679156378,3,296,8,0.899704
296,13,3,1,11,6, , , ,2, , , , ,6,2,4,2,-0.6586036679156378,3,296,8,0.899704
296,13,4,1,11,6, , , ,2, , , , ,6,2,4,2,-0.6586036679156378,3,296,8,0.899704
296,13,5,1,11,6, , , ,2, , , , ,6,2,4,2,-0.6586036679156378,3,296,8,0.899704
296,13,6,1,11,6, , , ,2, , , , ,6,2,4,2,-0.6586036679156378,3,296,8,0.899704
296,15,1,1,11,6, , , ,2, , , , ,3,2,4,2,-0.507929567196666,3,296,8,0.899704
296,15,2,1,11,6, , , ,2, , , , ,3,2,4,2,-0.507929567196666,3,296,8,0.899704
296,15,3,1,11,6, , , ,2, , , , ,3,2,4,2,-0.507929567196666,3,296,8,0.899704
297,2,1,1,11,95, , , ,1,1,2,90, ,1,2,4,5,1.6946998866649543,5,297,8,0.899704
297,3,1,1,11,12, , , ,1,1,90, , ,1,2,4,2,0.342538828206832,4,297,8,0.899704
297,6,1,1,11,5, , , ,2, , , , ,1,2,4,4,1.903207327004416,5,297,8,0.899704
297,7,1,1,11,12, , , ,2, , , , ,2,2,4,3,-0.5265767914466003,3,297,8,0.899704
297,7,2,1,11,12, , , ,2, , , , ,2,2,4,3,-0.5265767914466003,3,297,8,0.899704
297,8,1,1,11,95, , , ,2, , , , ,2,2,4,2,-0.41838470611997225,3,297,8,0.899704
297,8,2,1,11,95, , , ,2, , , , ,2,2,4,2,-0.41838470611997225,3,297,8,0.899704
297,10,1,1,11,24, , , ,2, , , , ,2,2,4,2,0.07546672100444712,4,297,8,0.899704
297,10,2,1,11,23, , , ,2, , , , ,2,2,4,2,0.07546672100444712,4,297,8,0.899704
297,11,1,1,11,95, , , ,2, , , , ,1,2,4,2,0.059296362696096006,4,297,8,0.899704
297,13,1,1,11,6, , , ,2, , , , ,1,2,4,2,0.747920200725926,5,297,8,0.899704
298,3,1,1,11,3, , , ,2, , , , ,3,2,4,3,-0.4668815566004057,3,298,8,0.899704
298,3,2,1,11,3, , , ,2, , , , ,3,2,4,3,-0.4668815566004057,3,298,8,0.899704
298,3,3,1,11,3, , , ,2, , , , ,3,2,4,3,-0.4668815566004057,3,298,8,0.899704
298,6,1,1,18,12, , , ,1,1,2,3,90,1,2,4,3,-1.2724043497639452,1,298,8,0.899704
298,8,1,1,11,3, , , ,1,1,90, , ,3,2,4,3,0.9122565868162238,5,298,8,0.899704
298,8,2,1,11,3, , , ,1,2,4,90, ,3,2,4,3,0.9122565868162238,5,298,8,0.899704
298,8,3,1,11,3, , , ,1,3,90, , ,3,2,4,3,0.9122565868162238,5,298,8,0.899704
298,11,1,1,11,2, , , ,2, , , , ,2,2,4,1,-1.201453237330376,1,298,8,0.899704
298,11,2,1,11,2, , , ,2, , , , ,2,2,4,1,-1.201453237330376,1,298,8,0.899704
298,12,1,1,11,12, , , ,1,1,90, , ,1,2,4,1,0.8653977952092905,5,298,8,0.899704
298,13,1,1,11,3, , , ,2, , , , ,1,2,4,5,0.6806767030319556,5,298,8,0.899704
299,13,1,1,11,95, , , ,2, , , , ,1,2,4,4,-1.0336577739272161,1,299,8,0.899704
301,5,1,1,11,12, , , ,2, , , , ,1,2,4,1,-0.73209254743136,2,301,8,0.899704
301,6,1,1,18,95, , , ,1,1,5,90, ,2,2,4,1,-0.9333053029745181,2,301,8,0.899704
301,6,2,1,18,95, , , ,1,2,4,90, ,2,2,4,1,-0.9333053029745181,2,301,8,0.899704
301,9,1,1,11,9, , , ,2, , , , ,2,2,4,4,1.2526524029029449,5,301,8,0.899704
301,9,2,1,11,9, , , ,2, , , , ,2,2,4,4,1.2526524029029449,5,301,8,0.899704
301,13,1,1,11,24, , , ,2, , , , ,1,2,4,1,-0.02029495283476643,4,301,8,0.899704
302,1,1,1,11,3, , , ,2, , , , ,3,2,4,2,-0.9736503808531073,2,302,8,0.899704
302,1,2,1,11,3, , , ,2, , , , ,3,2,4,2,-0.9736503808531073,2,302,8,0.899704
302,1,3,1,11,3, , , ,2, , , , ,3,2,4,2,-0.9736503808531073,2,302,8,0.899704
302,2,1,1,11,1, , , ,2, , , , ,1,2,4,2,-0.7988076571200391,2,302,8,0.899704
302,3,1,1,11,3, , , ,2, , , , ,3,2,4,3,0.2551142724496825,4,302,8,0.899704
302,3,2,1,11,3, , , ,2, , , , ,3,2,4,3,0.2551142724496825,4,302,8,0.899704
302,3,3,1,11,3, , , ,2, , , , ,3,2,4,3,0.2551142724496825,4,302,8,0.899704
302,4,1,1,11,1, , , ,2, , , , ,7,2,4,2,-0.7583516296725866,2,302,8,0.899704
302,4,2,1,11,1, , , ,2, , , , ,7,2,4,2,-0.7583516296725866,2,302,8,0.899704
302,4,3,1,11,1, , , ,2, , , , ,7,2,4,2,-0.7583516296725866,2,302,8,0.899704
302,4,4,1,11,1, , , ,2, , , , ,7,2,4,2,-0.7583516296725866,2,302,8,0.899704
302,4,5,1,11,1, , , ,2, , , , ,7,2,4,2,-0.7583516296725866,2,302,8,0.899704
302,4,6,1,11,1, , , ,2, , , , ,7,2,4,2,-0.7583516296725866,2,302,8,0.899704
302,4,7,1,11,1, , , ,2, , , , ,7,2,4,2,-0.7583516296725866,2,302,8,0.899704
302,5,1,1,11,3, , , ,2, , , , ,5,2,4,2,0.17981974715074858,4,302,8,0.899704
302,5,2,1,11,3, , , ,2, , , , ,5,2,4,2,0.17981974715074858,4,302,8,0.899704
302,5,3,1,11,3, , , ,2, , , , ,5,2,4,2,0.17981974715074858,4,302,8,0.899704
302,5,4,1,11,3, , , ,2, , , , ,5,2,4,2,0.17981974715074858,4,302,8,0.899704
302,5,5,1,11,3, , , ,2, , , , ,5,2,4,2,0.17981974715074858,4,302,8,0.899704
302,6,1,1,11,3, , , ,2, , , , ,3,2,4,2,0.3338464904382936,4,302,8,0.899704
302,6,2,1,11,3, , , ,2, , , , ,3,2,4,2,0.3338464904382936,4,302,8,0.899704
302,6,3,1,11,3, , , ,2, , , , ,3,2,4,2,0.3338464904382936,4,302,8,0.899704
302,7,1,1,11,4, , , ,2, , , , ,2,2,4,2,-0.8844848799359885,2,302,8,0.899704
302,7,2,1,11,4, , , ,2, , , , ,2,2,4,2,-0.8844848799359885,2,302,8,0.899704
302,8,1,1,11,4, , , ,2, , , , ,3,2,4,3,-0.8398252252323822,2,302,8,0.899704
302,8,2,1,11,4, , , ,2, , , , ,3,2,4,3,-0.8398252252323822,2,302,8,0.899704
302,8,3,1,11,4, , , ,2, , , , ,3,2,4,3,-0.8398252252323822,2,302,8,0.899704
302,12,1,1,11,2, , , ,2, , , , ,1,2,4,2,-0.07161805523806347,4,302,8,0.899704
302,13,1,1,11,2, , , ,2, , , , ,5,2,4,3,-0.6461115905144368,3,302,8,0.899704
302,13,2,1,11,2, , , ,2, , , , ,5,2,4,3,-0.6461115905144368,3,302,8,0.899704
302,13,3,1,11,2, , , ,2, , , , ,5,2,4,3,-0.6461115905144368,3,302,8,0.899704
302,13,4,1,11,2, , , ,1,1,3,90, ,5,2,4,3,-0.6461115905144368,3,302,8,0.899704
302,13,5,1,11,2, , , ,2, , , , ,5,2,4,3,-0.6461115905144368,3,302,8,0.899704
302,14,1,1,11,3, , , ,2, , , , ,2,2,4,2,-1.1592546891340902,1,302,8,0.899704
302,14,2,1,11,3, , , ,2, , , , ,2,2,4,2,-1.1592546891340902,1,302,8,0.899704
302,15,1,1,11,2, , , ,2, , , , ,2,2,4,1,-1.2561933306517532,1,302,8,0.899704
302,15,2,1,11,2, , , ,2, , , , ,2,2,4,1,-1.2561933306517532,1,302,8,0.899704
304,1,1,1,11,3, , , ,2, , , , ,4,2,4,1,0.07606030426371577,4,304,8,0.899704
304,1,2,1,11,3, , , ,2, , , , ,4,2,4,1,0.07606030426371577,4,304,8,0.899704
304,1,3,1,11,3, , , ,2, , , , ,4,2,4,1,0.07606030426371577,4,304,8,0.899704
304,1,4,1,11,3, , , ,2, , , , ,4,2,4,1,0.07606030426371577,4,304,8,0.899704
304,2,1,2,11,2, , , ,2, , , , ,1,2,4,4,1.3515075224253499,5,304,8,0.899704
304,3,1,1,11,1, , , ,2, , , , ,5,2,4,1,-0.604234374654049,3,304,8,0.899704
304,3,2,1,11,1, , , ,2, , , , ,5,2,4,1,-0.604234374654049,3,304,8,0.899704
304,3,3,1,11,1, , , ,2, , , , ,5,2,4,1,-0.604234374654049,3,304,8,0.899704
304,3,4,1,11,1, , , ,1,1,90, , ,5,2,4,1,-0.604234374654049,3,304,8,0.899704
304,3,5,1,11,1, , , ,2, , , , ,5,2,4,1,-0.604234374654049,3,304,8,0.899704
304,5,1,1,11,2, , , ,2, , , , ,2,2,4,1,0.06329205965583079,4,304,8,0.899704
304,5,2,1,11,2, , , ,2, , , , ,2,2,4,1,0.06329205965583079,4,304,8,0.899704
304,8,1,1,11,3, , , ,2, , , , ,3,2,4,3,-1.145435572298245,1,304,8,0.899704
304,8,2,1,11,3, , , ,2, , , , ,3,2,4,3,-1.145435572298245,1,304,8,0.899704
304,8,3,1,11,3, , , ,2, , , , ,3,2,4,3,-1.145435572298245,1,304,8,0.899704
304,9,1,1,11,1, , , ,1,1,2,3,4,2,2,4,1,-0.5788833837780923,3,304,8,0.899704
304,9,2,1,11,1, , , ,2, , , , ,2,2,4,1,-0.5788833837780923,3,304,8,0.899704
304,15,1,1,11,1, , , ,2, , , , ,3,2,4,2,-0.7412272393656977,2,304,8,0.899704
304,15,2,1,11,1, , , ,2, , , , ,3,2,4,2,-0.7412272393656977,2,304,8,0.899704
304,15,3,1,11,1, , , ,2, , , , ,3,2,4,2,-0.7412272393656977,2,304,8,0.899704
305,10,1,1,11,95, , , ,2, , , , ,1,2,4,1,0.05048998850096234,4,305,8,0.899704
306,1,1,1,11,24, , , ,2, , , , ,2,2,4,1,0.6143213888734159,4,306,8,0.899704
306,1,2,1,11,21, , , ,2, , , , ,2,2,4,1,0.6143213888734159,4,306,8,0.899704
306,2,1,1,11,95, , , ,2, , , , ,1,2,4,1,0.9318866999586757,5,306,8,0.899704
306,3,1,1,11,12, , , ,1,1,90, , ,1,2,4,3,0.5266024482069094,4,306,8,0.899704
306,4,1,1,11,24, , , ,1,1,90, , ,1,2,4,2,0.1870085569232701,4,306,8,0.899704
306,5,1,1,11,13, , , ,1,1,90, , ,1,2,4,2,0.1337997948065376,4,306,8,0.899704
306,6,1,1,11,2, , , ,1,1,90, , ,1,2,4,4,0.34960457013332236,4,306,8,0.899704
306,7,1,1,11,9, , , ,1,1,90, , ,1,2,4,4,0.4026206472875745,4,306,8,0.899704
306,8,1,1,11,13, , , ,2, , , , ,1,2,4,3,1.0485977901880081,5,306,8,0.899704
306,9,1,1,11,9, , , ,1,2,1,6,90,3,2,4,4,1.5120479687973392,5,306,8,0.899704
306,9,2,1,11,9, , , ,2, , , , ,3,2,4,4,1.5120479687973392,5,306,8,0.899704
306,9,3,1,98,13,1,2, ,1,4,3,5,90,3,2,4,4,1.5120479687973392,5,306,8,0.899704
306,10,1,1,11,95, , , ,2, , , , ,1,2,4,5,1.0763258616934739,5,306,8,0.899704
306,11,1,1,11,11, , , ,1,6,7,90, ,2,2,4,4,1.039986813505088,5,306,8,0.899704
306,11,2,1,11,11, , , ,2, , , , ,2,2,4,4,1.039986813505088,5,306,8,0.899704
306,14,1,1,11,11, , , ,1,2,4,90, ,2,2,4,4,1.0512953971852963,5,306,8,0.899704
306,14,2,1,11,11, , , ,2, , , , ,2,2,4,4,1.0512953971852963,5,306,8,0.899704
306,15,1,1,11,11, , , ,2, , , , ,3,2,4,4,1.2020266855151596,5,306,8,0.899704
306,15,2,1,11,11, , , ,2, , , , ,3,2,4,4,1.2020266855151596,5,306,8,0.899704
306,15,3,1,11,11, , , ,2, , , , ,3,2,4,4,1.2020266855151596,5,306,8,0.899704
307,5,1,1,11,3, , , ,1,1,90, , ,1,2,4,2,-0.5600600573294656,3,307,8,0.899704
307,8,1,1,11,6, , , ,1,1,90, , ,1,2,4,2,-0.46785255810668874,3,307,8,0.899704
308,2,1,1,11,3, , , ,1,2,90, , ,2,2,4,1,-1.5285352274945898,1,308,8,0.899704
308,2,2,1,11,3, , , ,2, , , , ,2,2,4,1,-1.5285352274945898,1,308,8,0.899704
308,4,1,1,11,3, , , ,2, , , , ,3,2,4,2,-0.03922037158965937,4,308,8,0.899704
308,4,2,1,11,3, , , ,2, , , , ,3,2,4,2,-0.03922037158965937,4,308,8,0.899704
308,4,3,1,99,3,9,9, ,2, , , , ,3,2,4,2,-0.03922037158965937,4,308,8,0.899704
308,5,1,1,11,3, , , ,2, , , , ,1,2,4,1,-1.3526449465914814,1,308,8,0.899704
308,7,1,1,11,1, , , ,2, , , , ,3,2,4,2,-0.8982367850258398,2,308,8,0.899704
308,7,2,1,11,1, , , ,2, , , , ,3,2,4,2,-0.8982367850258398,2,308,8,0.899704
308,7,3,1,11,1, , , ,2, , , , ,3,2,4,2,-0.8982367850258398,2,308,8,0.899704
308,8,1,1,11,1, , , ,2, , , , ,3,2,4,2,-0.5907521658343883,3,308,8,0.899704
308,8,2,1,11,1, , , ,2, , , , ,3,2,4,2,-0.5907521658343883,3,308,8,0.899704
308,8,3,1,11,1, , , ,2, , , , ,3,2,4,2,-0.5907521658343883,3,308,8,0.899704
308,9,1,1,11,1, , , ,2, , , , ,3,2,4,1,-1.215012604893921,1,308,8,0.899704
308,9,2,1,11,1, , , ,2, , , , ,3,2,4,1,-1.215012604893921,1,308,8,0.899704
308,9,3,1,11,1, , , ,1,2,90, , ,3,2,4,1,-1.215012604893921,1,308,8,0.899704
308,10,1,1,11,1, , , ,2, , , , ,3,2,4,1,-0.9569425054325296,2,308,8,0.899704
308,10,2,1,11,1, , , ,2, , , , ,3,2,4,1,-0.9569425054325296,2,308,8,0.899704
308,10,3,1,11,1, , , ,2, , , , ,3,2,4,1,-0.9569425054325296,2,308,8,0.899704
308,11,1,1,11,1, , , ,2, , , , ,3,2,4,2,-1.7274923453582702,1,308,8,0.899704
308,11,2,1,11,1, , , ,2, , , , ,3,2,4,2,-1.7274923453582702,1,308,8,0.899704
308,11,3,1,11,1, , , ,2, , , , ,3,2,4,2,-1.7274923453582702,1,308,8,0.899704
308,12,1,1,11,2, , , ,2, , , , ,5,2,4,2,-0.9243195193803658,2,308,8,0.899704
308,12,2,1,11,2, , , ,2, , , , ,5,2,4,2,-0.9243195193803658,2,308,8,0.899704
308,12,3,1,11,2, , , ,2, , , , ,5,2,4,2,-0.9243195193803658,2,308,8,0.899704
308,12,4,1,11,2, , , ,2, , , , ,5,2,4,2,-0.9243195193803658,2,308,8,0.899704
308,12,5,1,11,2, , , ,2, , , , ,5,2,4,2,-0.9243195193803658,2,308,8,0.899704
308,13,1,1,11,4, , , ,2, , , , ,3,2,4,2,-0.8702948991826228,2,308,8,0.899704
308,13,2,1,11,4, , , ,2, , , , ,3,2,4,2,-0.8702948991826228,2,308,8,0.899704
308,13,3,1,11,4, , , ,2, , , , ,3,2,4,2,-0.8702948991826228,2,308,8,0.899704
308,14,1,1,11,2, , , ,2, , , , ,7,2,4,2,-0.998461770372957,2,308,8,0.899704
308,14,2,1,11,2, , , ,2, , , , ,7,2,4,2,-0.998461770372957,2,308,8,0.899704
308,14,3,1,11,2, , , ,2, , , , ,7,2,4,2,-0.998461770372957,2,308,8,0.899704
308,14,4,1,11,2, , , ,2, , , , ,7,2,4,2,-0.998461770372957,2,308,8,0.899704
308,14,5,1,11,2, , , ,2, , , , ,7,2,4,2,-0.998461770372957,2,308,8,0.899704
308,14,6,1,11,2, , , ,2, , , , ,7,2,4,2,-0.998461770372957,2,308,8,0.899704
308,14,7,1,11,2, , , ,2, , , , ,7,2,4,2,-0.998461770372957,2,308,8,0.899704
308,15,1,1,11,3, , , ,2, , , , ,3,2,4,3,-0.6627014371849863,3,308,8,0.899704
308,15,2,1,11,3, , , ,2, , , , ,3,2,4,3,-0.6627014371849863,3,308,8,0.899704
308,15,3,1,11,3, , , ,2, , , , ,3,2,4,3,-0.6627014371849863,3,308,8,0.899704
309,9,1,1,11,95, , , ,2, , , , ,2,2,4,2,-0.7977420671638115,2,309,8,0.899704
309,9,2,1,11,95, , , ,2, , , , ,2,2,4,2,-0.7977420671638115,2,309,8,0.899704
309,15,1,1,11,4, , , ,2, , , , ,1,2,4,1,-1.8519959832508412,1,309,8,0.899704
310,4,1,1,11,19, , , ,2, , , , ,1,1,4,4,1.3604004650417334,5,310,4,0.806193
311,13,1,2,11,95, , , ,2, , , , ,1,1,4,2,0.5355054392905554,4,311,4,0.806193
312,11,1,1,31,95,1,2, ,2, , , , ,1,1,4,4,1.2194333438388496,5,312,4,0.806193
312,15,1,1,98,95,8,2, ,1,1,90, , ,1,1,4,5,1.0481172884092786,5,312,4,0.806193
313,7,1,1,16,95, , , ,2, , , , ,1,1,4,1,-0.6860551513387001,2,313,4,0.806193
313,9,1,1,16,95, , , ,2, , , , ,1,1,4,4,-0.4287005457567392,3,313,4,0.806193
314,8,1,1,11,2, , , ,1,2,90, , ,1,1,4,4,0.3686846154759251,4,314,4,0.806193
314,12,1,1,11,9, , , ,2, , , , ,1,1,4,1,0.2544966842206745,4,314,4,0.806193
316,14,1,1,11,12, , , ,1,3,90, , ,3,1,4,5,2.0805280768990344,5,316,4,0.806193
316,14,2,1,11,12, , , ,1,1,2,90, ,3,1,4,5,2.0805280768990344,5,316,4,0.806193
316,14,3,1,11,12, , , ,2, , , , ,3,1,4,5,2.0805280768990344,5,316,4,0.806193
316,15,1,1,11,95, , , ,2, , , , ,1,1,4,4,1.5614342071875391,5,316,4,0.806193
317,4,1,1,31,16,1,2, ,1,1,90, , ,1,1,4,2,0.877762934595882,5,317,4,0.806193
318,2,1,1,11,12, , , ,2, , , , ,2,1,4,4,-0.286080035130398,3,318,4,0.806193
318,2,2,1,11,95, , , ,2, , , , ,2,1,4,4,-0.286080035130398,3,318,4,0.806193
318,4,1,1,16,95, , , ,2, , , , ,2,1,4,1,-0.10832665937798058,4,318,4,0.806193
318,4,2,1,16,95, , , ,2, , , , ,2,1,4,1,-0.10832665937798058,4,318,4,0.806193
318,5,1,1,11,12, , , ,2, , , , ,3,1,4,2,-0.2889478604952834,3,318,4,0.806193
318,5,2,1,11,12, , , ,2, , , , ,3,1,4,2,-0.2889478604952834,3,318,4,0.806193
318,5,3,1,11,12, , , ,2, , , , ,3,1,4,2,-0.2889478604952834,3,318,4,0.806193
318,7,1,1,11,95, , , ,2, , , , ,1,1,4,2,-0.5418432564495891,3,318,4,0.806193
319,11,1,1,11,24, , , ,2, , , , ,1,1,4,3,-0.9260124498774853,2,319,4,0.806193
319,15,1,1,11,28, , , ,2, , , , ,1,1,4,1,0.22091207629372964,4,319,4,0.806193
320,7,1,1,11,18, , , ,2, , , , ,1,1,4,4,1.1600632795177561,5,320,4,0.806193
320,14,1,1,11,8, , , ,2, , , , ,2,1,4,3,1.2926060610535863,5,320,4,0.806193
320,14,2,1,11,12, , , ,2, , , , ,2,1,4,3,1.2926060610535863,5,320,4,0.806193
321,5,1,1,11,95, , , ,1,1,90, , ,1,1,4,3,0.6403998684319433,5,321,4,0.806193
321,6,1,1,11,95, , , ,1,1,90, , ,1,1,4,1,0.43934144534474695,4,321,4,0.806193
321,7,1,1,99,24,8,2, ,2, , , , ,1,1,4,2,0.3434509752450689,4,321,4,0.806193
321,8,1,1,11,24, , , ,1,1,90, , ,2,1,4,2,-0.010453518763853243,4,321,4,0.806193
321,8,2,1,98,12,8,2, ,1,2,90, , ,2,1,4,2,-0.010453518763853243,4,321,4,0.806193
321,15,1,1,11,2, , , ,1,1,90, , ,1,1,4,4,1.3999363071742577,5,321,4,0.806193
322,1,1,1,11,11, , , ,2, , , , ,1,1,4,1,1.2830890908169292,5,322,4,0.806193
322,2,1,1,11,95, , , ,1,1,90, , ,1,1,4,2,0.9386613714371529,5,322,4,0.806193
322,5,1,1,31,95,1,2, ,1,1,90, , ,1,1,4,2,0.5266024482069094,4,322,4,0.806193
322,6,1,1,11,95, , , ,1,1,90, , ,1,1,4,3,0.9527685943410099,5,322,4,0.806193
323,5,1,1,11,95, , , ,2, , , , ,1,1,4,4,0.9687982200345995,5,323,4,0.806193
323,13,1,1,11,95, , , ,2, , , , ,1,1,4,3,1.4461772579457468,5,323,4,0.806193
323,15,1,1,11,25, , , ,2, , , , ,2,1,4,2,1.0791742049450375,5,323,4,0.806193
323,15,2,1,98,95,1,2, ,2, , , , ,2,1,4,2,1.0791742049450375,5,323,4,0.806193
324,2,1,1,11,15, , , ,1,1,90, , ,1,1,4,3,0.3359901485407526,4,324,4,0.806193
324,13,1,1,11,1, , , ,2, , , , ,1,1,4,2,0.4187328744494612,4,324,4,0.806193
324,14,1,1,11,1, , , ,1,1,90, , ,1,1,4,1,0.4187328744494612,4,324,4,0.806193
324,15,1,1,11,24, , , ,1,1,2,90, ,1,1,4,1,0.3156788190926977,4,324,4,0.806193
325,1,1,2,11,19, , , ,2, , , , ,1,1,4,3,0.22781315050528209,4,325,4,0.806193
325,4,1,1,11,95, , , ,2, , , , ,1,1,4,2,0.5568480023635518,4,325,4,0.806193
325,7,1,1,11,4, , , ,2, , , , ,1,1,4,2,0.49271844216411514,4,325,4,0.806193
325,14,1,1,11,95, , , ,2, , , , ,1,1,4,2,0.4113730510921306,4,325,4,0.806193
325,15,1,1,11,13, , , ,1,1,90, , ,1,1,4,2,0.4339944732485457,4,325,4,0.806193
326,8,1,1,11,1, , , ,2, , , , ,1,1,4,3,-0.26397897343861915,3,326,4,0.806193
326,11,1,1,11,12, , , ,2, , , , ,1,1,4,2,-0.053113821539201175,4,326,4,0.806193
326,14,1,1,11,12, , , ,2, , , , ,2,1,4,2,1.709524012827929,5,326,4,0.806193
326,14,2,1,11,12, , , ,2, , , , ,2,1,4,2,1.709524012827929,5,326,4,0.806193
328,3,1,1,11,2, , , ,2, , , , ,2,1,4,2,0.40329514616879947,4,328,4,0.806193
328,3,2,1,11,2, , , ,2, , , , ,2,1,4,2,0.40329514616879947,4,328,4,0.806193
329,5,1,1,11,95, , , ,2, , , , ,1,1,4,4,1.2317302028723058,5,329,4,0.806193
329,15,1,1,11,95, , , ,2, , , , ,1,1,4,3,1.2100978332953887,5,329,4,0.806193
330,10,1,1,11,95, , , ,2, , , , ,2,1,4,4,1.2305196609070814,5,330,4,0.806193
330,10,2,1,11,98, , , ,2, , , , ,2,1,4,4,1.2305196609070814,5,330,4,0.806193
331,1,1,1,11,12, , , ,1,1,90, , ,1,1,4,2,0.989766680336375,5,331,4,0.806193
331,12,1,2,98,95,8,2, ,2, , , , ,1,1,4,3,0.9175210610277225,5,331,4,0.806193
332,3,1,1,11,12, , , ,1,1,90, , ,1,1,4,2,1.1268839125174992,5,332,4,0.806193
332,8,1,1,11,95, , , ,2, , , , ,1,1,4,5,1.1371799768940656,5,332,4,0.806193
332,11,1,1,11,95, , , ,2, , , , ,1,1,4,4,1.2289254485706207,5,332,4,0.806193
333,5,1,1,11,95, , , ,2, , , , ,1,1,4,4,-0.42622659559857445,3,333,4,0.806193
333,14,1,1,11,95, , , ,2, , , , ,1,1,4,4,0.7858937286437738,5,333,4,0.806193
333,15,1,1,11,5, , , ,2, , , , ,1,1,4,1,-1.0101880497250653,2,333,4,0.806193
334,2,1,2,11,95, , , ,1,1,2,3,90,1,1,4,3,1.0054999469385868,5,334,4,0.806193
334,6,1,1,11,95, , , ,1,0,0,0,0,2,1,4,4,1.238106562646748,5,334,4,0.806193
334,6,2,1,11,95, , , ,1,0,0,0,0,2,1,4,4,1.238106562646748,5,334,4,0.806193
334,8,1,1,11,95, , , ,1,1,2,90, ,1,1,4,3,0.8413519758426046,5,334,4,0.806193
334,9,1,1,11,5, , , ,1,0,90, , ,1,1,4,1,0.6210410319915585,4,334,4,0.806193
334,11,1,1,11,95, , , ,1,0,90, , ,1,1,4,1,0.9031282424247268,5,334,4,0.806193
334,14,1,1,16,95, , , ,2, , , , ,1,1,4,3,0.9719910702569164,5,334,4,0.806193
334,15,1,1,11,22, , , ,1,0,90, , ,1,1,4,2,0.7283695818884799,5,334,4,0.806193
335,1,1,1,11,4, , , ,1,4,90, , ,3,2,4,1,-1.928578252417376,1,335,8,0.899704
335,1,2,1,11,4, , , ,2, , , , ,3,2,4,1,-1.928578252417376,1,335,8,0.899704
335,1,3,1,11,4, , , ,2, , , , ,3,2,4,1,-1.928578252417376,1,335,8,0.899704
335,2,1,1,11,12, , , ,1,1,2,90, ,2,2,4,2,-1.5904539245353548,1,335,8,0.899704
335,2,2,1,11,12, , , ,2, , , , ,2,2,4,2,-1.5904539245353548,1,335,8,0.899704
335,3,1,1,11,4, , , ,2, , , , ,1,2,4,2,-1.2964435497322588,1,335,8,0.899704
335,4,1,1,11,3, , , ,1,2,90, , ,3,2,4,1,-1.6287107123996605,1,335,8,0.899704
335,4,2,1,11,3, , , ,2, , , , ,3,2,4,1,-1.6287107123996605,1,335,8,0.899704
335,4,3,1,11,3, , , ,2, , , , ,3,2,4,1,-1.6287107123996605,1,335,8,0.899704
335,5,1,1,11,5, , , ,1,1,90, , ,2,2,4,1,-0.7645644919505956,2,335,8,0.899704
335,5,2,1,11,5, , , ,1,2,3,90, ,2,2,4,1,-0.7645644919505956,2,335,8,0.899704
335,6,1,1,11,1, , , ,2, , , , ,3,2,4,2,-0.15040751591875975,3,335,8,0.899704
335,6,2,1,11,1, , , ,2, , , , ,3,2,4,2,-0.15040751591875975,3,335,8,0.899704
335,6,3,1,11,1, , , ,2, , , , ,3,2,4,2,-0.15040751591875975,3,335,8,0.899704
335,7,1,1,11,12, , , ,2, , , , ,2,2,4,2,0.4020960699768022,4,335,8,0.899704
335,7,2,1,11,12, , , ,2, , , , ,2,2,4,2,0.4020960699768022,4,335,8,0.899704
335,9,1,1,11,1, , , ,2, , , , ,1,2,4,1,-0.9086376081866943,2,335,8,0.899704
335,11,1,1,11,4, , , ,2, , , , ,2,2,4,2,-0.4142123988705397,3,335,8,0.899704
335,11,2,1,11,4, , , ,1,2,3,4,90,2,2,4,2,-0.4142123988705397,3,335,8,0.899704
335,12,1,1,11,4, , , ,1,2,90, , ,5,2,4,2,-0.17334541804623851,3,335,8,0.899704
335,12,2,1,11,4, , , ,1,3,90, , ,5,2,4,2,-0.17334541804623851,3,335,8,0.899704
335,12,3,1,11,4, , , ,2, , , , ,5,2,4,2,-0.17334541804623851,3,335,8,0.899704
335,12,4,1,11,4, , , ,2, , , , ,5,2,4,2,-0.17334541804623851,3,335,8,0.899704
335,12,5,1,11,4, , , ,2, , , , ,5,2,4,2,-0.17334541804623851,3,335,8,0.899704
335,13,1,1,11,3, , , ,1,2,90, , ,2,2,4,1,-1.5770510627607508,1,335,8,0.899704
335,13,2,1,11,3, , , ,2, , , , ,2,2,4,1,-1.5770510627607508,1,335,8,0.899704
336,1,1,1,11,9, , , ,2, , , , ,2,2,4,2,-0.2926127165425812,3,336,8,0.899704
336,1,2,1,11,9, , , ,2, , , , ,2,2,4,2,-0.2926127165425812,3,336,8,0.899704
336,2,1,1,11,9, , , ,1,1,4,90, ,3,2,4,1,-1.2353776379440575,1,336,8,0.899704
336,2,2,1,11,9, , , ,1,2,90, , ,3,2,4,1,-1.2353776379440575,1,336,8,0.899704
336,2,3,1,11,9, , , ,1,3,90, , ,3,2,4,1,-1.2353776379440575,1,336,8,0.899704
336,3,1,1,11,5, , , ,2, , , , ,3,2,4,1,-1.7758068332130057,1,336,8,0.899704
336,3,2,1,11,5, , , ,2, , , , ,3,2,4,1,-1.7758068332130057,1,336,8,0.899704
336,3,3,1,11,5, , , ,1,3,90, , ,3,2,4,1,-1.7758068332130057,1,336,8,0.899704
336,4,1,1,11,3, , , ,2, , , , ,3,2,4,1,-1.3568254837546767,1,336,8,0.899704
336,4,2,2,11,3, , , ,2, , , , ,3,2,4,1,-1.3568254837546767,1,336,8,0.899704
336,4,3,2,11,3, , , ,2, , , , ,3,2,4,1,-1.3568254837546767,1,336,8,0.899704
336,5,1,1,11,98, , , ,2, , , , ,4,2,4,1,0.34788788344424537,4,336,8,0.899704
336,5,2,1,11,98, , , ,2, , , , ,4,2,4,1,0.34788788344424537,4,336,8,0.899704
336,5,3,1,11,98, , , ,2, , , , ,4,2,4,1,0.34788788344424537,4,336,8,0.899704
336,5,4,1,11,98, , , ,2, , , , ,4,2,4,1,0.34788788344424537,4,336,8,0.899704
336,6,1,1,11,1, , , ,2, , , , ,3,2,4,2,-0.7152813040928883,2,336,8,0.899704
336,6,2,1,11,1, , , ,2, , , , ,3,2,4,2,-0.7152813040928883,2,336,8,0.899704
336,6,3,1,11,1, , , ,2, , , , ,3,2,4,2,-0.7152813040928883,2,336,8,0.899704
336,7,1,1,11,1, , , ,2, , , , ,3,2,4,2,0.48832720295620374,4,336,8,0.899704
336,7,2,1,11,1, , , ,2, , , , ,3,2,4,2,0.48832720295620374,4,336,8,0.899704
336,7,3,1,11,1, , , ,2, , , , ,3,2,4,2,0.48832720295620374,4,336,8,0.899704
336,8,1,1,11,1, , , ,2, , , , ,3,2,4,2,-0.7244030870166962,2,336,8,0.899704
336,8,2,1,11,1, , , ,2, , , , ,3,2,4,2,-0.7244030870166962,2,336,8,0.899704
336,8,3,1,11,1, , , ,2, , , , ,3,2,4,2,-0.7244030870166962,2,336,8,0.899704
336,9,1,1,11,4, , , ,1,1,4,90, ,3,2,4,1,-0.853997649478209,2,336,8,0.899704
336,9,2,1,11,4, , , ,1,2,90, , ,3,2,4,1,-0.853997649478209,2,336,8,0.899704
336,9,3,1,11,4, , , ,1,3,5,6,90,3,2,4,1,-0.853997649478209,2,336,8,0.899704
336,10,1,1,11,4, , , ,2, , , , ,3,2,4,2,-1.8952847036519902,1,336,8,0.899704
336,10,2,1,11,4, , , ,2, , , , ,3,2,4,2,-1.8952847036519902,1,336,8,0.899704
336,10,3,1,11,4, , , ,2, , , , ,3,2,4,2,-1.8952847036519902,1,336,8,0.899704
336,11,1,1,99,2,9,9, ,1,2,8,90, ,6,2,4,4,-0.7692186878203228,2,336,8,0.899704
336,11,2,1,99,2,9,9, ,2, , , , ,6,2,4,4,-0.7692186878203228,2,336,8,0.899704
336,11,3,1,99,2,9,9, ,2, , , , ,6,2,4,4,-0.7692186878203228,2,336,8,0.899704
336,11,4,1,11,2, , , ,2, , , , ,6,2,4,4,-0.7692186878203228,2,336,8,0.899704
336,11,5,1,11,2, , , ,2, , , , ,6,2,4,4,-0.7692186878203228,2,336,8,0.899704
336,11,6,1,11,2, , , ,2, , , , ,6,2,4,4,-0.7692186878203228,2,336,8,0.899704
336,12,1,1,11,1, , , ,2, , , , ,3,2,4,2,-1.966716969121248,1,336,8,0.899704
336,12,2,1,11,1, , , ,2, , , , ,3,2,4,2,-1.966716969121248,1,336,8,0.899704
336,12,3,1,11,1, , , ,2, , , , ,3,2,4,2,-1.966716969121248,1,336,8,0.899704
336,13,1,1,11,1, , , ,2, , , , ,2,2,4,5,0.5902002244115436,4,336,8,0.899704
336,13,2,1,11,1, , , ,2, , , , ,2,2,4,5,0.5902002244115436,4,336,8,0.899704
336,14,1,1,11,5, , , ,2, , , , ,3,2,4,2,-0.7192714814034347,2,336,8,0.899704
336,14,2,1,11,5, , , ,2, , , , ,3,2,4,2,-0.7192714814034347,2,336,8,0.899704
336,14,3,1,11,5, , , ,2, , , , ,3,2,4,2,-0.7192714814034347,2,336,8,0.899704
336,15,1,1,11,4, , , ,2, , , , ,3,2,4,1,-1.2001328667804942,1,336,8,0.899704
336,15,2,1,11,4, , , ,2, , , , ,3,2,4,1,-1.2001328667804942,1,336,8,0.899704
336,15,3,1,11,4, , , ,2, , , , ,3,2,4,1,-1.2001328667804942,1,336,8,0.899704
337,1,1,1,11,12, , , ,2, , , , ,1,2,4,4,0.1269954735268607,4,337,8,0.899704
337,3,1,1,11,95, , , ,2, , , , ,1,2,4,2,-1.0189361540003568,2,337,8,0.899704
338,2,1,1,11,95, , , ,2, , , , ,1,2,4,2,-0.11411406113994647,4,338,8,0.899704
338,4,1,1,11,10, , , ,2, , , , ,1,2,4,2,-1.0281712749733676,1,338,8,0.899704
338,8,1,9,99,99,9,9, ,9, , , , ,1,2,4,9,-0.21581331507476456,3,338,8,0.899704
338,9,1,1,11,16, , , ,2, , , , ,1,2,4,4,0.5905143927259207,4,338,8,0.899704
338,12,1,1,11,13, , , ,2, , , , ,1,2,4,4,-0.7879196350627502,2,338,8,0.899704
338,14,1,1,11,98, , , ,2, , , , ,1,2,4,2,-1.0154246458932694,2,338,8,0.899704
339,2,1,1,11,8, , , ,2, , , , ,3,2,4,3,0.23684067936352754,4,339,8,0.899704
339,2,2,1,11,8, , , ,2, , , , ,3,2,4,3,0.23684067936352754,4,339,8,0.899704
339,2,3,1,11,8, , , ,2, , , , ,3,2,4,3,0.23684067936352754,4,339,8,0.899704
339,3,1,1,11,7, , , ,2, , , , ,1,2,4,1,-1.1343188195860807,1,339,8,0.899704
339,4,1,1,11,1, , , ,2, , , , ,1,2,4,3,-0.12574056106103196,4,339,8,0.899704
339,5,1,1,11,7, , , ,1,1,90, , ,1,2,4,4,0.360825287585331,4,339,8,0.899704
339,6,1,1,11,4, , , ,2, , , , ,1,2,4,4,0.7476630154248268,5,339,8,0.899704
339,7,1,1,11,5, , , ,2, , , , ,1,2,4,1,-0.28553727628976966,3,339,8,0.899704
340,1,1,1,11,2, , , ,2, , , , ,1,2,4,2,-1.2217552585141016,1,340,8,0.899704
340,4,1,1,11,95, , , ,2, , , , ,1,2,4,2,-1.775103354426933,1,340,8,0.899704
340,6,1,1,11,12, , , ,1,8,9,90, ,1,2,4,1,-1.560859210318411,1,340,8,0.899704
340,10,1,1,11,95, , , ,2, , , , ,2,2,4,3,-0.4456450293257101,3,340,8,0.899704
340,10,2,1,11,95, , , ,2, , , , ,2,2,4,3,-0.4456450293257101,3,340,8,0.899704
340,15,1,1,11,95, , , ,2, , , , ,1,2,4,1,-1.2313286888207196,1,340,8,0.899704
341,4,1,1,11,12, , , ,2, , , , ,2,2,4,4,0.3973837160434998,4,341,8,0.899704
341,4,2,2,11,95, , , ,2, , , , ,2,2,4,4,0.3973837160434998,4,341,8,0.899704
341,6,1,1,11,95, , , ,2, , , , ,1,2,4,2,-0.035307133860313464,4,341,8,0.899704
341,8,1,1,11,13, , , ,1,3,90, , ,1,2,4,1,-1.6339408525378665,1,341,8,0.899704
341,10,1,2,11,95, , , ,1,7,90, , ,1,2,4,3,-1.4913343753654078,1,341,8,0.899704
341,11,1,1,11,95, , , ,2, , , , ,1,2,4,1,-0.9107421789129246,2,341,8,0.899704
342,4,1,1,16,95, , , ,2, , , , ,1,2,4,2,0.9609432068213533,5,342,8,0.899704
342,8,1,1,11,95, , , ,2, , , , ,2,2,4,1,0.3496961832317875,4,342,8,0.899704
342,8,2,2,11,95, , , ,2, , , , ,2,2,4,1,0.3496961832317875,4,342,8,0.899704
343,7,1,1,11,95, , , ,2, , , , ,3,2,4,2,-0.4544095094921449,3,343,8,0.899704
343,7,2,1,98,95,1,2, ,2, , , , ,3,2,4,2,-0.4544095094921449,3,343,8,0.899704
343,7,3,1,11,34, , , ,2, , , , ,3,2,4,2,-0.4544095094921449,3,343,8,0.899704
343,8,1,1,98,6,8,2, ,1,3,90, , ,2,2,4,5,0.9428937803749797,5,343,8,0.899704
343,8,2,1,98,3,8,2, ,1,4,90, , ,2,2,4,5,0.9428937803749797,5,343,8,0.899704
343,11,1,2,13,8, , , ,2, , , , ,1,2,4,4,1.4652037928472117,5,343,8,0.899704
343,14,1,2,11,95, , , ,2, , , , ,1,2,4,5,1.155069912604415,5,343,8,0.899704
344,5,1,1,16,28, , , ,2, , , , ,1,2,4,1,-0.9622148699222103,2,344,8,0.899704
344,6,1,1,11,95, , , ,2, , , , ,1,2,4,1,-0.816782741354247,2,344,8,0.899704
344,9,1,1,18,95, , , ,2, , , , ,1,2,4,2,-0.06489423737458702,4,344,8,0.899704
344,13,1,1,11,10, , , ,2, , , , ,2,2,4,1,0.11431215648135529,4,344,8,0.899704
344,13,2,1,31,95,1,1,18,2, , , , ,2,2,4,1,0.11431215648135529,4,344,8,0.899704
345,5,1,1,16,95, , , ,2, , , , ,2,2,4,1,-1.865252969198454,1,345,8,0.899704
345,5,2,2,16,9, , , ,2, , , , ,2,2,4,1,-1.865252969198454,1,345,8,0.899704
345,6,1,1,11,14, , , ,1,3,7,90, ,1,2,4,2,-1.513533253929727,1,345,8,0.899704
345,14,1,1,11,7, , , ,2, , , , ,1,2,4,2,-1.4825389044573924,1,345,8,0.899704
346,2,1,1,11,0, , , ,2, , , , ,2,2,4,1,-1.2958064956326,1,346,8,0.899704
346,2,2,1,11,0, , , ,2, , , , ,2,2,4,1,-1.2958064956326,1,346,8,0.899704
346,5,1,1,11,1, , , ,2, , , , ,3,2,4,1,-0.9995672273795656,2,346,8,0.899704
346,5,2,1,11,1, , , ,2, , , , ,3,2,4,1,-0.9995672273795656,2,346,8,0.899704
346,5,3,1,11,1, , , ,2, , , , ,3,2,4,1,-0.9995672273795656,2,346,8,0.899704
346,6,1,1,11,11, , , ,2, , , , ,1,2,4,2,-0.9430325142738208,2,346,8,0.899704
346,7,1,1,11,1, , , ,2, , , , ,1,2,4,3,-0.14775390896719967,3,346,8,0.899704
346,8,1,1,16,1, , , ,2, , , , ,1,2,4,2,-1.499049190967785,1,346,8,0.899704
346,10,1,1,11,0, , , ,2, , , , ,1,2,4,2,-0.5580543065801638,3,346,8,0.899704
346,11,1,1,11,9, , , ,2, , , , ,1,2,4,1,-1.6111913301977727,1,346,8,0.899704
346,12,1,1,11,0, , , ,1,3,90, , ,1,2,4,1,-1.7661699615448654,1,346,8,0.899704
346,15,1,1,11,1, , , ,1,2,90, , ,1,2,4,2,-0.6523326158643158,3,346,8,0.899704
347,1,1,1,11,1, , , ,2, , , , ,3,2,4,3,-1.2269154437415124,1,347,8,0.899704
347,1,2,1,11,1, , , ,2, , , , ,3,2,4,3,-1.2269154437415124,1,347,8,0.899704
347,1,3,1,11,1, , , ,2, , , , ,3,2,4,3,-1.2269154437415124,1,347,8,0.899704
347,2,1,1,11,10, , , ,2, , , , ,1,2,4,4,-1.3404681214426386,1,347,8,0.899704
347,3,1,1,11,1, , , ,2, , , , ,2,2,4,3,-1.147420812053297,1,347,8,0.899704
347,3,2,1,11,1, , , ,2, , , , ,2,2,4,3,-1.147420812053297,1,347,8,0.899704
347,4,1,1,11,1, , , ,2, , , , ,3,2,4,1,-0.800909526266057,2,347,8,0.899704
347,4,2,1,11,1, , , ,2, , , , ,3,2,4,1,-0.800909526266057,2,347,8,0.899704
347,4,3,1,11,1, , , ,2, , , , ,3,2,4,1,-0.800909526266057,2,347,8,0.899704
347,5,1,1,11,1, , , ,2, , , , ,8,2,4,2,-1.6305982890998423,1,347,8,0.899704
347,5,2,1,11,1, , , ,2, , , , ,8,2,4,2,-1.6305982890998423,1,347,8,0.899704
347,5,3,1,11,1, , , ,2, , , , ,8,2,4,2,-1.6305982890998423,1,347,8,0.899704
347,5,4,1,11,1, , , ,2, , , , ,8,2,4,2,-1.6305982890998423,1,347,8,0.899704
347,5,5,1,11,1, , , ,2, , , , ,8,2,4,2,-1.6305982890998423,1,347,8,0.899704
347,5,6,1,11,1, , , ,2, , , , ,8,2,4,2,-1.6305982890998423,1,347,8,0.899704
347,5,7,1,11,1, , , ,2, , , , ,8,2,4,2,-1.6305982890998423,1,347,8,0.899704
347,5,8,1,11,1, , , ,2, , , , ,8,2,4,2,-1.6305982890998423,1,347,8,0.899704
347,6,1,1,11,1, , , ,2, , , , ,5,2,4,1,-1.4180273372693273,1,347,8,0.899704
347,6,2,1,11,1, , , ,2, , , , ,5,2,4,1,-1.4180273372693273,1,347,8,0.899704
347,6,3,1,11,1, , , ,2, , , , ,5,2,4,1,-1.4180273372693273,1,347,8,0.899704
347,6,4,1,11,1, , , ,2, , , , ,5,2,4,1,-1.4180273372693273,1,347,8,0.899704
347,6,5,1,11,1, , , ,2, , , , ,5,2,4,1,-1.4180273372693273,1,347,8,0.899704
347,7,1,1,11,2, , , ,2, , , , ,6,2,4,2,-1.461072164796281,1,347,8,0.899704
347,7,2,1,11,2, , , ,2, , , , ,6,2,4,2,-1.461072164796281,1,347,8,0.899704
347,7,3,1,11,2, , , ,2, , , , ,6,2,4,2,-1.461072164796281,1,347,8,0.899704
347,7,4,1,11,2, , , ,2, , , , ,6,2,4,2,-1.461072164796281,1,347,8,0.899704
347,7,5,1,11,2, , , ,2, , , , ,6,2,4,2,-1.461072164796281,1,347,8,0.899704
347,7,6,1,11,2, , , ,2, , , , ,6,2,4,2,-1.461072164796281,1,347,8,0.899704
347,8,1,1,11,1, , , ,2, , , , ,2,2,4,1,-1.3125730489403615,1,347,8,0.899704
347,8,2,1,11,1, , , ,2, , , , ,2,2,4,1,-1.3125730489403615,1,347,8,0.899704
347,10,1,1,11,1, , , ,1,2,90, , ,3,2,4,2,-1.1803545477806205,1,347,8,0.899704
347,10,2,1,11,1, , , ,1,7,9,90, ,3,2,4,2,-1.1803545477806205,1,347,8,0.899704
347,10,3,1,11,1, , , ,2, , , , ,3,2,4,2,-1.1803545477806205,1,347,8,0.899704
347,11,1,1,11,1, , , ,2, , , , ,7,2,4,3,0.3005963624039632,4,347,8,0.899704
347,11,2,1,11,1, , , ,2, , , , ,7,2,4,3,0.3005963624039632,4,347,8,0.899704
347,11,3,1,11,1, , , ,1,4,90, , ,7,2,4,3,0.3005963624039632,4,347,8,0.899704
347,11,4,1,11,1, , , ,2, , , , ,7,2,4,3,0.3005963624039632,4,347,8,0.899704
347,11,5,1,11,1, , , ,2, , , , ,7,2,4,3,0.3005963624039632,4,347,8,0.899704
347,11,6,1,11,1, , , ,2, , , , ,7,2,4,3,0.3005963624039632,4,347,8,0.899704
347,11,7,1,11,1, , , ,2, , , , ,7,2,4,3,0.3005963624039632,4,347,8,0.899704
347,12,1,1,11,1, , , ,2, , , , ,3,2,4,2,-1.5128217988935342,1,347,8,0.899704
347,12,2,1,11,1, , , ,2, , , , ,3,2,4,2,-1.5128217988935342,1,347,8,0.899704
347,12,3,1,11,1, , , ,2, , , , ,3,2,4,2,-1.5128217988935342,1,347,8,0.899704
347,14,1,1,11,1, , , ,2, , , , ,2,2,4,1,-0.4851710861092187,3,347,8,0.899704
347,14,2,1,11,1, , , ,2, , , , ,2,2,4,1,-0.4851710861092187,3,347,8,0.899704
347,15,1,1,11,1, , , ,2, , , , ,3,2,4,2,-1.2585259118069885,1,347,8,0.899704
347,15,2,1,11,1, , , ,2, , , , ,3,2,4,2,-1.2585259118069885,1,347,8,0.899704
347,15,3,1,11,1, , , ,2, , , , ,3,2,4,2,-1.2585259118069885,1,347,8,0.899704
348,1,1,1,11,2, , , ,2, , , , ,1,2,4,1,-1.7421310961550538,1,348,8,0.899704
348,2,1,1,11,1, , , ,2, , , , ,3,2,4,5,0.8490152366285786,5,348,8,0.899704
348,2,2,1,11,1, , , ,2, , , , ,3,2,4,5,0.8490152366285786,5,348,8,0.899704
348,2,3,1,11,1, , , ,2, , , , ,3,2,4,5,0.8490152366285786,5,348,8,0.899704
348,3,1,1,11,1, , , ,2, , , , ,3,2,4,2,-1.3102672147959213,1,348,8,0.899704
348,3,2,1,11,1, , , ,2, , , , ,3,2,4,2,-1.3102672147959213,1,348,8,0.899704
348,3,3,1,11,1, , , ,2, , , , ,3,2,4,2,-1.3102672147959213,1,348,8,0.899704
348,4,1,1,11,1, , , ,2, , , , ,1,2,4,2,-1.2972100836404388,1,348,8,0.899704
348,5,1,1,11,1, , , ,2, , , , ,5,2,4,2,-0.9684267161261367,2,348,8,0.899704
348,5,2,1,11,1, , , ,2, , , , ,5,2,4,2,-0.9684267161261367,2,348,8,0.899704
348,5,3,1,11,1, , , ,2, , , , ,5,2,4,2,-0.9684267161261367,2,348,8,0.899704
348,5,4,1,11,1, , , ,2, , , , ,5,2,4,2,-0.9684267161261367,2,348,8,0.899704
348,5,5,1,11,1, , , ,2, , , , ,5,2,4,2,-0.9684267161261367,2,348,8,0.899704
348,6,1,1,11,1, , , ,2, , , , ,2,2,4,2,-0.8355395256398208,2,348,8,0.899704
348,6,2,1,11,3, , , ,2, , , , ,2,2,4,2,-0.8355395256398208,2,348,8,0.899704
348,8,1,1,11,3, , , ,2, , , , ,3,2,4,1,-1.3877823224322643,1,348,8,0.899704
348,8,2,1,11,3, , , ,2, , , , ,3,2,4,1,-1.3877823224322643,1,348,8,0.899704
348,8,3,1,11,3, , , ,2, , , , ,3,2,4,1,-1.3877823224322643,1,348,8,0.899704
348,10,1,1,11,1, , , ,2, , , , ,3,2,4,2,-0.8609685823629629,2,348,8,0.899704
348,10,2,1,11,1, , , ,2, , , , ,3,2,4,2,-0.8609685823629629,2,348,8,0.899704
348,10,3,1,11,1, , , ,2, , , , ,3,2,4,2,-0.8609685823629629,2,348,8,0.899704
348,11,1,1,11,1, , , ,2, , , , ,3,2,4,2,-0.9344813672246284,2,348,8,0.899704
348,11,2,1,11,1, , , ,2, , , , ,3,2,4,2,-0.9344813672246284,2,348,8,0.899704
348,11,3,1,11,1, , , ,2, , , , ,3,2,4,2,-0.9344813672246284,2,348,8,0.899704
348,12,1,1,11,1, , , ,2, , , , ,6,2,4,3,-1.130336443230917,1,348,8,0.899704
348,12,2,1,11,1, , , ,2, , , , ,6,2,4,3,-1.130336443230917,1,348,8,0.899704
348,12,3,1,11,1, , , ,2, , , , ,6,2,4,3,-1.130336443230917,1,348,8,0.899704
348,12,4,1,11,1, , , ,2, , , , ,6,2,4,3,-1.130336443230917,1,348,8,0.899704
348,12,5,1,11,1, , , ,2, , , , ,6,2,4,3,-1.130336443230917,1,348,8,0.899704
348,12,6,1,11,1, , , ,2, , , , ,6,2,4,3,-1.130336443230917,1,348,8,0.899704
348,13,1,1,11,1, , , ,2, , , , ,5,2,4,2,-0.6676668334263935,3,348,8,0.899704
348,13,2,1,11,1, , , ,2, , , , ,5,2,4,2,-0.6676668334263935,3,348,8,0.899704
348,13,3,1,11,1, , , ,2, , , , ,5,2,4,2,-0.6676668334263935,3,348,8,0.899704
348,13,4,1,11,1, , , ,2, , , , ,5,2,4,2,-0.6676668334263935,3,348,8,0.899704
348,13,5,1,11,1, , , ,2, , , , ,5,2,4,2,-0.6676668334263935,3,348,8,0.899704
348,14,1,1,11,1, , , ,2, , , , ,6,2,4,3,-1.014143074978427,2,348,8,0.899704
348,14,2,1,11,1, , , ,2, , , , ,6,2,4,3,-1.014143074978427,2,348,8,0.899704
348,14,3,1,11,1, , , ,2, , , , ,6,2,4,3,-1.014143074978427,2,348,8,0.899704
348,14,4,1,11,1, , , ,2, , , , ,6,2,4,3,-1.014143074978427,2,348,8,0.899704
348,14,5,1,11,1, , , ,2, , , , ,6,2,4,3,-1.014143074978427,2,348,8,0.899704
348,14,6,1,11,1, , , ,2, , , , ,6,2,4,3,-1.014143074978427,2,348,8,0.899704
348,15,1,1,11,1, , , ,2, , , , ,3,2,4,1,-1.0423008437733574,1,348,8,0.899704
348,15,2,1,11,1, , , ,2, , , , ,3,2,4,1,-1.0423008437733574,1,348,8,0.899704
348,15,3,1,11,1, , , ,2, , , , ,3,2,4,1,-1.0423008437733574,1,348,8,0.899704
349,1,1,1,11,1, , , ,1,1,2,90, ,2,2,4,1,-0.8987224196664517,2,349,8,0.899704
349,1,2,1,11,1, , , ,2, , , , ,2,2,4,1,-0.8987224196664517,2,349,8,0.899704
349,2,1,1,11,1, , , ,2, , , , ,3,2,4,1,-1.5162619533025827,1,349,8,0.899704
349,2,2,1,11,1, , , ,2, , , , ,3,2,4,1,-1.5162619533025827,1,349,8,0.899704
349,2,3,1,11,1, , , ,2, , , , ,3,2,4,1,-1.5162619533025827,1,349,8,0.899704
349,3,1,1,11,1, , , ,2, , , , ,2,2,4,1,-1.1908689752964061,1,349,8,0.899704
349,3,2,1,11,1, , , ,2, , , , ,2,2,4,1,-1.1908689752964061,1,349,8,0.899704
349,6,1,1,11,1, , , ,2, , , , ,3,2,4,4,0.45507159397581387,4,349,8,0.899704
349,6,2,1,11,1, , , ,2, , , , ,3,2,4,4,0.45507159397581387,4,349,8,0.899704
349,6,3,1,11,1, , , ,2, , , , ,3,2,4,4,0.45507159397581387,4,349,8,0.899704
349,7,1,1,99,1,9,9, ,2, , , , ,3,2,4,4,-0.1029204063907335,4,349,8,0.899704
349,7,2,1,99,1,9,9, ,2, , , , ,3,2,4,4,-0.1029204063907335,4,349,8,0.899704
349,7,3,1,99,1,9,9, ,2, , , , ,3,2,4,4,-0.1029204063907335,4,349,8,0.899704
349,9,1,1,11,1, , , ,2, , , , ,2,2,4,2,-1.4097362867991834,1,349,8,0.899704
349,9,2,1,11,1, , , ,2, , , , ,2,2,4,2,-1.4097362867991834,1,349,8,0.899704
349,10,1,1,11,1, , , ,2, , , , ,4,2,4,3,-1.2836030365357816,1,349,8,0.899704
349,10,2,1,11,1, , , ,2, , , , ,4,2,4,3,-1.2836030365357816,1,349,8,0.899704
349,10,3,1,11,1, , , ,2, , , , ,4,2,4,3,-1.2836030365357816,1,349,8,0.899704
349,10,4,1,11,1, , , ,2, , , , ,4,2,4,3,-1.2836030365357816,1,349,8,0.899704
349,11,1,1,11,4, , , ,1,1,4,0,0,2,2,4,1,-1.6739675011512758,1,349,8,0.899704
349,11,2,1,11,4, , , ,2, , , , ,2,2,4,1,-1.6739675011512758,1,349,8,0.899704
349,12,1,1,11,95, , , ,1,2,15,90, ,3,2,4,1,-0.8630194476127067,2,349,8,0.899704
349,12,2,1,11,95, , , ,1,1,9,90, ,3,2,4,1,-0.8630194476127067,2,349,8,0.899704
349,12,3,1,11,95, , , ,2, , , , ,3,2,4,1,-0.8630194476127067,2,349,8,0.899704
349,13,1,1,11,1, , , ,2, , , , ,3,2,4,1,-1.158725140937507,1,349,8,0.899704
349,13,2,1,11,1, , , ,2, , , , ,3,2,4,1,-1.158725140937507,1,349,8,0.899704
349,13,3,1,11,1, , , ,2, , , , ,3,2,4,1,-1.158725140937507,1,349,8,0.899704
349,14,1,1,11,2, , , ,2, , , , ,3,2,4,1,-1.083108548704001,1,349,8,0.899704
349,14,2,1,11,2, , , ,2, , , , ,3,2,4,1,-1.083108548704001,1,349,8,0.899704
349,14,3,1,11,2, , , ,2, , , , ,3,2,4,1,-1.083108548704001,1,349,8,0.899704
349,15,1,1,11,1, , , ,2, , , , ,6,2,4,2,-1.0244664656323694,2,349,8,0.899704
349,15,2,1,11,1, , , ,2, , , , ,6,2,4,2,-1.0244664656323694,2,349,8,0.899704
349,15,3,1,11,1, , , ,2, , , , ,6,2,4,2,-1.0244664656323694,2,349,8,0.899704
349,15,4,1,11,1, , , ,2, , , , ,6,2,4,2,-1.0244664656323694,2,349,8,0.899704
349,15,5,1,11,1, , , ,2, , , , ,6,2,4,2,-1.0244664656323694,2,349,8,0.899704
349,15,6,1,11,1, , , ,2, , , , ,6,2,4,2,-1.0244664656323694,2,349,8,0.899704
350,15,1,2,99,95,9,9, ,9, , , , ,2,2,4,4,-0.25453347758958383,3,350,8,0.899704
350,15,2,2,99,95,9,9, ,9, , , , ,2,2,4,4,-0.25453347758958383,3,350,8,0.899704
352,1,1,1,11,1, , , ,2, , , , ,2,2,4,2,-1.1084729697060143,1,352,8,0.899704
352,1,2,1,11,1, , , ,2, , , , ,2,2,4,2,-1.1084729697060143,1,352,8,0.899704
352,2,1,1,11,1, , , ,2, , , , ,1,2,4,3,-0.0776736347398782,4,352,8,0.899704
352,3,1,1,11,1, , , ,2, , , , ,3,2,4,2,-0.6843363907750601,2,352,8,0.899704
352,3,2,1,11,1, , , ,2, , , , ,3,2,4,2,-0.6843363907750601,2,352,8,0.899704
352,3,3,1,11,1, , , ,2, , , , ,3,2,4,2,-0.6843363907750601,2,352,8,0.899704
352,4,1,1,11,1, , , ,2, , , , ,1,2,4,1,-1.4020325147343944,1,352,8,0.899704
352,5,1,1,11,1, , , ,2, , , , ,5,2,4,2,-1.0507736832459427,1,352,8,0.899704
352,5,2,1,11,1, , , ,2, , , , ,5,2,4,2,-1.0507736832459427,1,352,8,0.899704
352,5,3,1,11,1, , , ,2, , , , ,5,2,4,2,-1.0507736832459427,1,352,8,0.899704
352,5,4,1,11,1, , , ,2, , , , ,5,2,4,2,-1.0507736832459427,1,352,8,0.899704
352,5,5,1,11,1, , , ,2, , , , ,5,2,4,2,-1.0507736832459427,1,352,8,0.899704
352,7,1,1,11,2, , , ,1,3,4,5,6,2,2,4,2,-1.6932287748889985,1,352,8,0.899704
352,7,2,1,11,95, , , ,1,1,2,90, ,2,2,4,2,-1.6932287748889985,1,352,8,0.899704
352,8,1,1,11,1, , , ,2, , , , ,3,2,4,3,-0.4793517598630754,3,352,8,0.899704
352,8,2,1,11,1, , , ,2, , , , ,3,2,4,3,-0.4793517598630754,3,352,8,0.899704
352,8,3,1,11,1, , , ,2, , , , ,3,2,4,3,-0.4793517598630754,3,352,8,0.899704
352,9,1,1,11,1, , , ,1,2,4,90, ,1,2,4,2,-1.1128851527740682,1,352,8,0.899704
352,10,1,1,11,0, , , ,2, , , , ,1,2,4,2,-0.4846751656863392,3,352,8,0.899704
352,11,1,1,11,1, , , ,1,1,5,6,90,3,2,4,2,-0.6050600341664862,3,352,8,0.899704
352,11,2,1,11,1, , , ,8, , , , ,3,2,4,2,-0.6050600341664862,3,352,8,0.899704
352,11,3,1,11,1, , , ,8, , , , ,3,2,4,2,-0.6050600341664862,3,352,8,0.899704
352,12,1,1,11,1, , , ,2, , , , ,3,2,4,1,-1.4391380047429405,1,352,8,0.899704
352,12,2,1,11,1, , , ,2, , , , ,3,2,4,1,-1.4391380047429405,1,352,8,0.899704
352,12,3,1,11,1, , , ,2, , , , ,3,2,4,1,-1.4391380047429405,1,352,8,0.899704
352,13,1,1,11,1, , , ,2, , , , ,3,2,4,3,-0.5724555040112316,3,352,8,0.899704
352,13,2,1,11,1, , , ,2, , , , ,3,2,4,3,-0.5724555040112316,3,352,8,0.899704
352,13,3,1,11,1, , , ,2, , , , ,3,2,4,3,-0.5724555040112316,3,352,8,0.899704
352,14,1,1,11,1, , , ,2, , , , ,3,2,4,2,-0.7887017869966219,2,352,8,0.899704
352,14,2,1,11,1, , , ,2, , , , ,3,2,4,2,-0.7887017869966219,2,352,8,0.899704
352,14,3,1,11,1, , , ,2, , , , ,3,2,4,2,-0.7887017869966219,2,352,8,0.899704
352,15,1,1,11,1, , , ,2, , , , ,3,2,4,2,-1.3748706940386473,1,352,8,0.899704
352,15,2,1,11,1, , , ,2, , , , ,3,2,4,2,-1.3748706940386473,1,352,8,0.899704
352,15,3,1,11,1, , , ,2, , , , ,3,2,4,2,-1.3748706940386473,1,352,8,0.899704
353,1,1,1,11,95, , , ,2, , , , ,2,2,4,2,-1.1237833224541263,1,353,8,0.899704
353,1,2,1,11,95, , , ,2, , , , ,2,2,4,2,-1.1237833224541263,1,353,8,0.899704
353,2,1,1,11,1, , , ,1,1,90, , ,4,2,4,3,-0.23806781487088968,3,353,8,0.899704
353,2,2,1,11,1, , , ,1,2,3,90, ,4,2,4,3,-0.23806781487088968,3,353,8,0.899704
353,2,3,1,11,1, , , ,1,4,5,90, ,4,2,4,3,-0.23806781487088968,3,353,8,0.899704
353,2,4,1,11,1, , , ,2, , , , ,4,2,4,3,-0.23806781487088968,3,353,8,0.899704
353,3,1,1,11,2, , , ,2, , , , ,1,2,4,5,1.071670182425402,5,353,8,0.899704
353,4,1,1,11,1, , , ,1,2,4,5,8,4,2,4,2,-0.13829987054793866,3,353,8,0.899704
353,4,2,1,11,1, , , ,1,3,7,90, ,4,2,4,2,-0.13829987054793866,3,353,8,0.899704
353,4,3,1,11,1, , , ,2, , , , ,4,2,4,2,-0.13829987054793866,3,353,8,0.899704
353,4,4,1,11,1, , , ,2, , , , ,4,2,4,2,-0.13829987054793866,3,353,8,0.899704
353,5,1,1,11,1, , , ,2, , , , ,3,2,4,2,-1.616025090879525,1,353,8,0.899704
353,5,2,1,11,1, , , ,2, , , , ,3,2,4,2,-1.616025090879525,1,353,8,0.899704
353,5,3,1,11,1, , , ,2, , , , ,3,2,4,2,-1.616025090879525,1,353,8,0.899704
353,6,1,1,11,2, , , ,2, , , , ,3,2,4,5,1.3488585183291586,5,353,8,0.899704
353,6,2,1,11,2, , , ,2, , , , ,3,2,4,5,1.3488585183291586,5,353,8,0.899704
353,6,3,1,11,2, , , ,2, , , , ,3,2,4,5,1.3488585183291586,5,353,8,0.899704
353,7,1,1,11,1, , , ,2, , , , ,1,2,4,5,1.6231876346253074,5,353,8,0.899704
353,8,1,1,11,1, , , ,2, , , , ,3,2,4,3,0.32522986735500053,4,353,8,0.899704
353,8,2,1,11,1, , , ,2, , , , ,3,2,4,3,0.32522986735500053,4,353,8,0.899704
353,8,3,1,11,1, , , ,2, , , , ,3,2,4,3,0.32522986735500053,4,353,8,0.899704
353,9,1,1,11,1, , , ,1,1,2,90, ,2,2,4,2,-0.7615129156171492,2,353,8,0.899704
353,9,2,1,11,1, , , ,2, , , , ,2,2,4,2,-0.7615129156171492,2,353,8,0.899704
353,11,1,1,99,1,9,9, ,2, , , , ,3,2,4,1,-1.0506275439958526,1,353,8,0.899704
353,11,2,1,99,1,9,9, ,2, , , , ,3,2,4,1,-1.0506275439958526,1,353,8,0.899704
353,11,3,1,99,1,9,9, ,2, , , , ,3,2,4,1,-1.0506275439958526,1,353,8,0.899704
353,12,1,1,99,1,9,9, ,2, , , , ,3,2,4,1,-1.3825060251840617,1,353,8,0.899704
353,12,2,1,99,1,9,9, ,2, , , , ,3,2,4,1,-1.3825060251840617,1,353,8,0.899704
353,12,3,1,99,1,9,9, ,2, , , , ,3,2,4,1,-1.3825060251840617,1,353,8,0.899704
353,13,1,1,99,1,9,9, ,2, , , , ,3,2,4,2,0.40480512516042744,4,353,8,0.899704
353,13,2,1,99,1,9,9, ,2, , , , ,3,2,4,2,0.40480512516042744,4,353,8,0.899704
353,13,3,1,99,1,9,9, ,2, , , , ,3,2,4,2,0.40480512516042744,4,353,8,0.899704
353,15,1,1,99,1,9,9, ,2, , , , ,3,2,4,2,-0.07496219103333934,4,353,8,0.899704
353,15,2,1,99,1,9,9, ,2, , , , ,3,2,4,2,-0.07496219103333934,4,353,8,0.899704
353,15,3,1,99,1,9,9, ,2, , , , ,3,2,4,2,-0.07496219103333934,4,353,8,0.899704
354,4,1,1,98,95,1,1,95,2, , , , ,2,2,4,1,-1.3300636004946866,1,354,8,0.899704
354,4,2,1,98,95,1,2, ,2, , , , ,2,2,4,1,-1.3300636004946866,1,354,8,0.899704
354,5,1,1,11,14, , , ,2, , , , ,1,2,4,2,-0.6325859466206151,3,354,8,0.899704
354,6,1,1,31,95,2,2, ,2, , , , ,1,2,4,1,-1.0666248353504721,1,354,8,0.899704
354,11,1,1,11,12, , , ,2, , , , ,1,2,4,1,-0.6806654881062263,2,354,8,0.899704
355,2,1,1,16,95, , , ,1,1,90, , ,1,2,4,1,-0.11453776072675181,4,355,8,0.899704
355,4,1,1,16,24, , , ,2, , , , ,1,2,4,2,-1.6202149898159832,1,355,8,0.899704
355,6,1,1,11,95, , , ,2, , , , ,1,2,4,1,-0.7572085518575198,2,355,8,0.899704
355,9,1,1,11,23, , , ,2, , , , ,1,2,4,2,-0.4722336202685251,3,355,8,0.899704
355,11,1,1,98,12,8,2, ,2, , , , ,1,2,4,4,-1.2786472978997367,1,355,8,0.899704
355,12,1,1,31,95,2,2, ,2, , , , ,1,2,4,2,-0.9629752514371085,2,355,8,0.899704
356,3,1,1,11,1, , , ,2, , , , ,2,2,4,1,-0.295217442502733,3,356,8,0.899704
356,3,2,1,11,6, , , ,2, , , , ,2,2,4,1,-0.295217442502733,3,356,8,0.899704
356,8,1,2,11,25, , , ,2, , , , ,1,2,4,4,0.615007293415721,4,356,8,0.899704
357,1,1,1,11,1, , , ,2, , , , ,2,2,4,4,0.14965638629008035,4,357,8,0.899704
357,1,2,1,11,1, , , ,2, , , , ,2,2,4,4,0.14965638629008035,4,357,8,0.899704
357,3,1,1,11,1, , , ,2, , , , ,3,2,4,1,-1.5967884003488717,1,357,8,0.899704
357,3,2,1,11,1, , , ,2, , , , ,3,2,4,1,-1.5967884003488717,1,357,8,0.899704
357,3,3,1,11,1, , , ,2, , , , ,3,2,4,1,-1.5967884003488717,1,357,8,0.899704
357,4,1,1,11,1, , , ,2, , , , ,8,2,4,2,-0.545484442610613,3,357,8,0.899704
357,4,2,1,11,1, , , ,2, , , , ,8,2,4,2,-0.545484442610613,3,357,8,0.899704
357,4,3,1,11,1, , , ,2, , , , ,8,2,4,2,-0.545484442610613,3,357,8,0.899704
357,4,4,1,11,0, , , ,2, , , , ,8,2,4,2,-0.545484442610613,3,357,8,0.899704
357,4,5,1,11,0, , , ,2, , , , ,8,2,4,2,-0.545484442610613,3,357,8,0.899704
357,4,6,1,11,0, , , ,2, , , , ,8,2,4,2,-0.545484442610613,3,357,8,0.899704
357,4,7,1,11,0, , , ,2, , , , ,8,2,4,2,-0.545484442610613,3,357,8,0.899704
357,4,8,1,11,0, , , ,2, , , , ,8,2,4,2,-0.545484442610613,3,357,8,0.899704
357,5,1,1,11,0, , , ,2, , , , ,6,2,4,1,-1.080566401421108,1,357,8,0.899704
357,5,2,1,11,0, , , ,2, , , , ,6,2,4,1,-1.080566401421108,1,357,8,0.899704
357,5,3,1,11,0, , , ,2, , , , ,6,2,4,1,-1.080566401421108,1,357,8,0.899704
357,5,4,1,11,0, , , ,2, , , , ,6,2,4,1,-1.080566401421108,1,357,8,0.899704
357,5,5,1,11,0, , , ,2, , , , ,6,2,4,1,-1.080566401421108,1,357,8,0.899704
357,5,6,1,11,0, , , ,2, , , , ,6,2,4,1,-1.080566401421108,1,357,8,0.899704
357,6,1,1,11,0, , , ,2, , , , ,3,2,4,1,-1.055376650207334,1,357,8,0.899704
357,6,2,1,11,0, , , ,2, , , , ,3,2,4,1,-1.055376650207334,1,357,8,0.899704
357,6,3,1,11,0, , , ,2, , , , ,3,2,4,1,-1.055376650207334,1,357,8,0.899704
357,8,1,1,11,1, , , ,2, , , , ,1,2,4,2,-0.7235251136136699,2,357,8,0.899704
357,9,1,1,11,1, , , ,2, , , , ,2,2,4,2,-1.2202237070333182,1,357,8,0.899704
357,9,2,1,11,1, , , ,2, , , , ,2,2,4,2,-1.2202237070333182,1,357,8,0.899704
357,10,1,1,11,1, , , ,2, , , , ,1,2,4,2,-1.3316110475655687,1,357,8,0.899704
357,11,1,1,11,1, , , ,2, , , , ,1,2,4,3,-1.220089185249986,1,357,8,0.899704
357,13,1,1,11,0, , , ,2, , , , ,2,2,4,3,-0.1987868108186369,3,357,8,0.899704
357,13,2,1,11,0, , , ,2, , , , ,2,2,4,3,-0.1987868108186369,3,357,8,0.899704
357,14,1,1,11,0, , , ,2, , , , ,3,2,4,3,-0.39510350083757045,3,357,8,0.899704
357,14,2,1,11,0, , , ,2, , , , ,3,2,4,3,-0.39510350083757045,3,357,8,0.899704
357,14,3,1,11,0, , , ,2, , , , ,3,2,4,3,-0.39510350083757045,3,357,8,0.899704
357,15,1,1,11,0, , , ,2, , , , ,2,2,4,3,-0.9747363096985314,2,357,8,0.899704
357,15,2,1,11,0, , , ,2, , , , ,2,2,4,3,-0.9747363096985314,2,357,8,0.899704
358,4,1,1,11,24, , , ,2, , , , ,1,2,4,1,-0.4317579096440237,3,358,8,0.899704
358,14,1,1,11,12, , , ,2, , , , ,1,2,4,1,-0.9118223959009841,2,358,8,0.899704
358,15,1,1,11,24, , , ,1,2,4,90, ,1,2,4,1,-0.9810956760434318,2,358,8,0.899704
360,7,1,1,11,24, , , ,2, , , , ,1,1,4,2,0.1810580949376631,4,360,4,0.468467
360,12,1,1,11,9, , , ,2, , , , ,2,1,4,5,1.7183759285574876,5,360,4,0.468467
360,12,2,1,11,9, , , ,2, , , , ,2,1,4,5,1.7183759285574876,5,360,4,0.468467
360,15,1,1,11,95, , , ,2, , , , ,1,1,4,2,0.7434906139609335,5,360,4,0.468467
361,6,1,1,11,95, , , ,2, , , , ,1,1,4,4,0.47134815980247163,4,361,4,0.468467
361,7,1,1,11,95, , , ,2, , , , ,2,1,4,4,0.09007993726618665,4,361,4,0.468467
361,7,2,1,11,95, , , ,2, , , , ,2,1,4,4,0.09007993726618665,4,361,4,0.468467
361,12,1,1,11,95, , , ,2, , , , ,1,1,4,3,-0.42283244535141107,3,361,4,0.468467
362,11,1,1,11,95, , , ,2, , , , ,1,1,4,5,1.5731421511534838,5,362,4,0.468467
363,7,1,2,98,20,8,2, ,2, , , , ,2,1,4,3,0.8177158842828158,5,363,4,0.468467
363,7,2,2,98,11,8,2, ,2, , , , ,2,1,4,3,0.8177158842828158,5,363,4,0.468467
363,11,1,1,11,95, , , ,2, , , , ,1,1,4,2,0.38887820445935745,4,363,4,0.468467
364,5,1,1,11,12, , , ,2, , , , ,1,1,4,5,1.3311293741263028,5,364,4,0.468467
364,13,1,1,11,95, , , ,2, , , , ,1,1,4,4,1.4405986219396714,5,364,4,0.468467
365,1,1,1,11,95, , , ,2, , , , ,2,1,4,2,0.4044299618033603,4,365,4,0.806193
365,1,2,1,11,95, , , ,2, , , , ,2,1,4,2,0.4044299618033603,4,365,4,0.806193
365,10,1,1,11,14, , , ,1,1,90, , ,1,1,4,2,0.3293513234519764,4,365,4,0.806193
365,15,1,1,11,2, , , ,1,1,90, , ,1,1,4,2,-0.6541040087298052,3,365,4,0.806193