HH1,HH2,TNLN,TN4,TN5,TN6,TN8,TN9,TN10,TN11,TN12_1,TN12_2,TN12_3,TN12_4,TN12_5,TN12_6,TN2,HH6,HH7,helevel,ethnicity,hhweight,wscore,windex5,wscoreu,windex5u,wscorer,windex5r
1,4,1,1,12,95, , , ,2, , , , , , ,1,2,3,1,2,0.5023266225464644,-0.5774857523293537,2, , ,-0.18522731367107567,4
1,8,1,1,12,95, , , ,2, , , , , , ,1,2,3,1,2,0.5023266225464644,-0.690232622529156,1, , ,-0.42407547862686146,2
1,11,1,1,21,4, ,2, ,1,1,90, , , , ,2,2,3,1,2,0.5023266225464644,-0.6506626809756497,2, , ,-0.34024869114518785,3
1,11,2,1,21,4, ,2, ,1,2,5,90, , , ,2,2,3,1,2,0.5023266225464644,-0.6506626809756497,2, , ,-0.34024869114518785,3
1,13,1,1,21,6, ,2, ,1,1,2,3,4,5,90,1,2,3,1,2,0.5023266225464644,-0.613615609861311,2, , ,-0.2617664686500945,3
1,19,1,1,12,95, , , ,2, , , , , , ,1,2,3,1,2,0.5023266225464644,-0.5259661563198803,2, , ,-0.0760858275764335,4
1,21,1,1,12,95, , , ,1,2,5,90, , , ,1,2,3,1,2,0.5023266225464644,-0.6504233461455714,2, , ,-0.33974167321313425,3
2,15,1,1,11,4, , , ,1,1,90, , , , ,2,2,3,1,2,0.45106880391927434,-0.7640515260559192,1, , ,-0.580456845268527,1
2,15,2,1,11,4, , , ,1,2,90, , , , ,2,2,3,1,2,0.45106880391927434,-0.7640515260559192,1, , ,-0.580456845268527,1
2,17,1,1,13,24, , , ,1,1,2,3,90, , ,1,2,3,1,2,0.45106880391927434,-0.589701661539946,2, , ,-0.21110605862466786,3
2,20,1,1,13,4, , , ,2, , , , , , ,1,2,3,1,2,0.45106880391927434,-0.5495412336457496,2, , ,-0.12602835767058163,4
3,1,1,1,13,98, , , ,1,1,90, , , , ,2,2,3,1,2,0.7996219705841681,-0.6716581235510868,1, , ,-0.3847264041201996,2
3,1,2,1,13,98, , , ,1,3,90, , , , ,2,2,3,1,2,0.7996219705841681,-0.6716581235510868,1, , ,-0.3847264041201996,2
4,10,1,1,11,95, , , ,1,2,3,4,5,6,90,1,2,3,1,2,0.49207505882102653,-0.6423500474216666,2, , ,-0.32263882519680037,3
4,20,1,1,21,5, ,2, ,1,3,4,5,2,90,90,1,2,3,2,2,0.49207505882102653,-0.37610151791943,3, , ,0.24139432783964732,5
5,1,1,1,12,95, , , ,1,1,90, , , , ,1,2,3,1,2,1.0969173186218715,-0.6316384275986349,2, , ,-0.29994683619611906,3
5,3,1,1,12,95, , , ,1,1,90, , , , ,3,2,3,2,2,1.0969173186218715,0.6775277771358892,4, , ,2.473451175374758,5
5,3,2,1,12,95, , , ,1,2,6,90, , , ,3,2,3,2,2,1.0969173186218715,0.6775277771358892,4, , ,2.473451175374758,5
5,3,3,1,12,95, , , ,1,3,4,5,90, , ,3,2,3,2,2,1.0969173186218715,0.6775277771358892,4, , ,2.473451175374758,5
5,4,1,1,12,95, , , ,1,2,7,90, , , ,1,2,3,1,2,1.0969173186218715,-0.5399812232140232,2, , ,-0.10577599106803612,4
5,5,1,1,12,95, , , ,1,2,3,90, , , ,1,2,3,1,2,1.0969173186218715,-0.6347347322527801,2, , ,-0.30650619064627865,3
5,7,1,2,28,11, ,2, ,1,2,3,90, , , ,1,2,3,1,2,1.0969173186218715,-0.6896578353721485,1, , ,-0.42285782302854563,2
6,4,1,1,11,12, , , ,2, , , , , , ,2,2,3,1,2,0.5945906960754068,-0.8273749240021611,1, , ,-0.7146040492789081,1
6,4,2,1,11,12, , , ,2, , , , , , ,2,2,3,1,2,0.5945906960754068,-0.8273749240021611,1, , ,-0.7146040492789081,1
6,16,1,2,13,95, , , ,2, , , , , , ,2,2,3,1,2,0.5945906960754068,-0.8074463793527823,1, , ,-0.6723865020307371,1
6,16,2,2,13,95, , , ,2, , , , , , ,2,2,3,1,2,0.5945906960754068,-0.8074463793527823,1, , ,-0.6723865020307371,1
6,18,1,1,12,98, , , ,2, , , , , , ,2,2,3,1,2,0.5945906960754068,-0.7370216845527703,1, , ,-0.5231955835533953,1
6,18,2,1,12,98, , , ,2, , , , , , ,2,2,3,1,2,0.5945906960754068,-0.7370216845527703,1, , ,-0.5231955835533953,1
6,21,1,1,11,12, , , ,1,3,90, , , , ,2,2,3,1,2,0.5945906960754068,-0.7925452273385605,1, , ,-0.6408192149919317,1
6,21,2,1,11,12, , , ,1,2,90, , , , ,2,2,3,1,2,0.5945906960754068,-0.7925452273385605,1, , ,-0.6408192149919317,1
7,5,1,1,12,95, , , ,2, , , , , , ,1,2,3,1,2,0.7483641519569778,-0.612792397846094,2, , ,-0.2600225383852835,3
7,19,1,1,21,95, ,2, ,1,1,90, , , , ,1,2,3,1,2,0.7483641519569778,-0.5559249845101717,2, , ,-0.13955198965078722,4
7,25,1,1,12,5, , , ,1,1,4,90, , , ,1,2,3,1,2,0.7483641519569778,-0.6817995577102318,1, , ,-0.4062104855376184,2
7,26,1,1,12,2, , , ,1,3,4,5,6,90,90,1,2,3,1,2,0.7483641519569778,-0.6780759667739118,1, , ,-0.39832225892334583,2
7,27,1,1,12,98, , , ,1,1,2,3,4,90,90,1,2,3,1,2,0.7483641519569778,-0.6515135690644829,2, , ,-0.34205125167959893,3
7,28,1,1,12,95, , , ,1,1,4,90, , , ,2,2,3,1,2,0.7483641519569778,-0.6963326890673416,1, , ,-0.43699814065882603,2
7,28,2,1,12,95, , , ,1,2,5,6,90, , ,2,2,3,1,2,0.7483641519569778,-0.6963326890673416,1, , ,-0.43699814065882603,2
7,29,1,1,12,95, , , ,2, , , , , , ,1,2,3,1,2,0.7483641519569778,-0.557491520812547,2, , ,-0.14287061233624104,4
7,30,1,1,12,2, , , ,1,1,2,4,5,7,90,1,2,3,1,2,0.7483641519569778,-0.22767586090717779,3, , ,0.5558260787779137,5
8,10,1,1,13,95, , , ,1,2,6,7,90, , ,2,2,3,1,2,0.9123891715639867,-0.5881560897980331,2, , ,-0.20783184823009807,4
8,10,2,1,13,95, , , ,1,3,4,5,90, , ,2,2,3,1,2,0.9123891715639867,-0.5881560897980331,2, , ,-0.20783184823009807,4
8,17,1,1,13,98, , , ,1,1,2,3,4,5,90,1,2,3,1,2,0.9123891715639867,-0.6298476178935897,2, , ,-0.29615310240043086,3
8,19,1,1,13,98, , , ,1,1,90, , , , ,1,2,3,2,2,0.9123891715639867,0.06729169101664345,3, , ,1.1806989322207995,5
8,23,1,1,13,95, , , ,2, , , , , , ,2,2,3,1,2,0.9123891715639867,-0.6849798725840978,1, , ,-0.41294781110823814,2
8,23,2,1,13,95, , , ,2, , , , , , ,2,2,3,1,2,0.9123891715639867,-0.6849798725840978,1, , ,-0.41294781110823814,2
8,25,1,1,13,98, , , ,1,1,90, , , , ,2,2,3,1,2,0.9123891715639867,-0.25428513037587613,3, , ,0.4994557762395842,5
8,25,2,1,13,98, , , ,1,2,3,4,5,90,90,2,2,3,1,2,0.9123891715639867,-0.25428513037587613,3, , ,0.4994557762395842,5
9,2,1,1,13,95, , , ,2, , , , , , ,1,2,3,1,2,0.8303766617604822,-0.6910946026421654,1, , ,-0.4259015370163833,2
9,3,1,9,13,95, , , ,2, , , , , , ,2,2,3,1,2,0.8303766617604822,-0.7012419733383379,1, , ,-0.4473981946673835,2
9,3,2,9,13,95, , , ,2, , , , , , ,2,2,3,1,2,0.8303766617604822,-0.7012419733383379,1, , ,-0.4473981946673835,2
9,7,1,2,12,95, , , ,1,1,2,90, , , ,1,2,3,1,2,0.8303766617604822,-0.6674747074611418,1, , ,-0.3758640627127694,2
9,10,1,1,11,24, , , ,2, , , , , , ,1,2,3,3,6,0.8303766617604822,1.8495605781040003,5, , ,4.95633946560522,5
9,12,1,1,12,18, , , ,1,1,90, , , , ,1,2,3,2,2,0.8303766617604822,1.8322351936062675,5, , ,4.919636572770115,5
9,21,1,1,13,95, , , ,2, , , , , , ,1,2,3,1,2,0.8303766617604822,-0.7143125920429785,1, , ,-0.47508759559627645,2
9,24,1,2,13,95, , , ,1,1,90, , , , ,1,2,3,3,6,0.8303766617604822,1.7206071264125045,5, , ,4.683158531654271,5
9,29,1,9,13,2, , , ,1,1,90, , , , ,1,2,3,2,2,0.8303766617604822,-0.33501321300418896,3, , ,0.3284376862296198,5
10,1,1,2,12,95, , , ,1,2,4,5,6,7,90,1,2,3,1,2,0.9328922990148625,-0.5989931560875413,2, , ,-0.23078958880565667,3
10,3,1,1,12,95, , , ,2, , , , , , ,1,2,3,1,2,0.9328922990148625,-0.43324378624749493,3, , ,0.12034151362509035,4
10,4,1,1,12,13, , , ,2, , , , , , ,1,2,3,1,2,0.9328922990148625,-0.6535196507997165,2, , ,-0.34630102766329385,3
10,5,1,2,12,95, , , ,2, , , , , , ,1,2,3,1,2,0.9328922990148625,-0.6708572600122186,1, , ,-0.383029817897454,2
10,11,1,1,12,10, , , ,2, , , , , , ,1,2,3,1,2,0.9328922990148625,-0.3879181556346295,3, , ,0.21636141801943579,5
10,17,1,1,12,24, , , ,2, , , , , , ,1,2,3,1,2,0.9328922990148625,-0.5562079969732223,2, , ,-0.14015153629309723,4
10,22,1,1,12,5, , , ,2, , , , , , ,2,2,3,1,2,0.9328922990148625,-0.7974776367210308,1, , ,-0.6512682583021895,1
10,22,2,1,12,5, , , ,2, , , , , , ,2,2,3,1,2,0.9328922990148625,-0.7974776367210308,1, , ,-0.6512682583021895,1
10,24,1,1,21,95, ,2, ,1,1,2,90, , , ,1,2,3,1,2,0.9328922990148625,-0.6613853705355962,2, , ,-0.36296413078661804,2
10,28,1,2,13,98, , , ,1,1,90, , , , ,1,2,3,1,2,0.9328922990148625,-0.613503861745628,2, , ,-0.2615297362927273,3
11,8,1,1,21,7, ,2, ,1,1,2,8,90, , ,2,2,3,2,2,0.7483641519569778,-0.24722784695721578,3, , ,0.5144062506175672,5
11,8,2,1,21,10, ,2, ,1,3,4,5,6,90,90,2,2,3,2,2,0.7483641519569778,-0.24722784695721578,3, , ,0.5144062506175672,5
11,10,1,1,13,95, , , ,1,1,2,90, , , ,1,2,3,2,2,0.7483641519569778,0.18272639101433796,4, , ,1.4252411196696473,5
11,13,1,1,13,95, , , ,1,1,4,90, , , ,1,2,3,1,2,0.7483641519569778,-0.6388785959833734,2, , ,-0.3152847425131736,3
11,14,1,1,13,7, , , ,2, , , , , , ,2,2,3,1,2,0.7483641519569778,-0.6276350454371677,2, , ,-0.29146588695833864,3
11,14,2,1,13,7, , , ,2, , , , , , ,2,2,3,1,2,0.7483641519569778,-0.6276350454371677,2, , ,-0.29146588695833864,3
11,19,1,1,11,24, , , ,1,1,90, , , , ,3,2,3,1,2,0.7483641519569778,-0.7396180058311783,1, , ,-0.5286957501822735,1
11,19,2,1,11,24, , , ,1,2,90, , , , ,3,2,3,1,2,0.7483641519569778,-0.7396180058311783,1, , ,-0.5286957501822735,1
11,19,3,1,11,24, , , ,1,3,4,90, , , ,3,2,3,1,2,0.7483641519569778,-0.7396180058311783,1, , ,-0.5286957501822735,1
11,23,1,1,12,6, , , ,1,2,4,5,6,90,90,1,2,3,1,2,0.7483641519569778,-0.8401246076692445,1, , ,-0.7416135666362685,1
11,25,1,1,13,95, , , ,1,1,90, , , , ,1,2,3,2,2,0.7483641519569778,-0.7172432034150477,1, , ,-0.481295937762909,2
11,26,1,1,13,95, , , ,1,2,90, , , , ,1,2,3,1,2,0.7483641519569778,-0.7336236999109723,1, , ,-0.5159971363166506,1
12,17,1,2,18,95, , , ,1,2,6,90, , , ,1,2,3,1,2,1.1891813921508136,-0.5964660834254196,2, , ,-0.22543612163634144,3
12,21,1,1,11,95, , , ,1,1,2,90, , , ,1,2,3,1,2,1.1891813921508136,-0.44984796012044437,3, , ,0.08516646660930428,4
12,23,1,1,13,98, , , ,1,1,3,4,5,90,90,2,2,3,1,2,1.1891813921508136,-0.5343999514423265,2, , ,-0.0939523677743084,4
12,23,2,1,13,98, , , ,1,2,90, , , , ,2,2,3,1,2,1.1891813921508136,-0.5343999514423265,2, , ,-0.0939523677743084,4
12,26,1,1,12,24, , , ,2, , , , , , ,1,2,3,1,2,1.1891813921508136,-0.8810408837729797,1, , ,-0.8282924912652431,1
12,30,1,1,12,95, , , ,2, , , , , , ,1,2,3,1,2,1.1891813921508136,-0.7051393586428746,1, , ,-0.45565459527934365,2
13,3,1,1,21,5, ,2, ,1,1,90, , , , ,3,2,3,1,2,0.9841501176420531,-0.6580342221161573,2, , ,-0.3558649035614274,2
13,3,2,1,21,5, ,2, ,9, , , , , , ,3,2,3,1,2,0.9841501176420531,-0.6580342221161573,2, , ,-0.3558649035614274,2
13,3,3,1,21,5, ,2, ,9, , , , , , ,3,2,3,1,2,0.9841501176420531,-0.6580342221161573,2, , ,-0.3558649035614274,2
13,7,1,1,12,1, , , ,1,1,2,90, , , ,1,2,3,1,2,0.9841501176420531,-0.6852167041076299,1, , ,-0.4134495259203576,2
13,17,1,1,13,95, , , ,2, , , , , , ,1,2,3,1,2,0.9841501176420531,-0.40690634149151805,3, , ,0.17613597016691365,5
13,28,1,1,12,98, , , ,1,1,2,7,90, , ,1,2,3,1,2,0.9841501176420531,0.047649996672009864,3, , ,1.1390890618756233,5
14,1,1,1,13,15, , , ,1,3,5,90, , , ,1,2,3,1,2,0.8918860441131103,-0.8188229518105139,1, , ,-0.6964871573323023,1
14,8,1,1,21,2, ,2, ,2, , , , , , ,1,2,3,1,2,0.8918860441131103,-0.6426830931848206,2, , ,-0.32334436468747246,3
14,28,1,1,13,8, , , ,2, , , , , , ,1,2,3,1,2,0.8918860441131103,-0.7763801225987859,1, , ,-0.6065743122591905,1
15,2,1,1,12,95, , , ,2, , , , , , ,1,2,3,1,2,1.0764141911709952,-0.30950468130478354,3, , ,0.3824761351579357,5
15,21,1,1,12,95, , , ,2, , , , , , ,1,2,3,3,2,1.0764141911709952,2.832930366397707,5, , ,7.039555336615031,5
16,18,1,1,21,95, ,2, ,2, , , , , , ,1,2,3,1,2,1.1584267009744995,-0.041146704471138884,3, , ,0.9509780386198702,5
16,23,1,1,12,95, , , ,2, , , , , , ,1,2,3,1,2,1.1584267009744995,-0.3508507911930986,3, , ,0.29488663083392447,5
16,25,1,1,11,95, , , ,2, , , , , , ,1,2,3,1,2,1.1584267009744995,-0.5107658836778235,2, , ,-0.04388486961681059,4
17,1,1,1,11,95, , , ,2, , , , , , ,1,2,3,1,2,0.5843391323499689,-0.36739339275656346,3, , ,0.25984202143566526,5
17,6,1,1,12,12, , , ,2, , , , , , ,1,2,3,1,2,0.5843391323499689,-0.5132434645326017,2, , ,-0.04913349106097751,4
17,15,1,1,11,95, , , ,1,2,4,90, , , ,1,2,3,1,2,0.5843391323499689,-0.5693100600454922,2, , ,-0.16790755041926259,4
17,20,1,2,12,95, , , ,2, , , , , , ,3,2,3,1,2,0.5843391323499689,-0.54424538836977,2, , ,-0.11480939501719785,4
17,20,2,2,12,95, , , ,2, , , , , , ,3,2,3,1,2,0.5843391323499689,-0.54424538836977,2, , ,-0.11480939501719785,4
17,20,3,2,12,95, , , ,2, , , , , , ,3,2,3,1,2,0.5843391323499689,-0.54424538836977,2, , ,-0.11480939501719785,4
17,21,1,1,12,5, , , ,1,4,5,90, , , ,1,2,3,1,2,0.5843391323499689,-0.0895119615605014,3, , ,0.8485188494384991,5
18,1,1,2,13,98, , , ,1,8,90, , , , ,5,1,3,2,2,1.046332180024715,2.580851928169185,5,1.6909297476987766,5, , 
18,1,2,2,13,98, , , ,2, , , , , , ,5,1,3,2,2,1.046332180024715,2.580851928169185,5,1.6909297476987766,5, , 
18,1,3,2,13,98, , , ,9, , , , , , ,5,1,3,2,2,1.046332180024715,2.580851928169185,5,1.6909297476987766,5, , 
18,1,4,2,13,98, , , ,2, , , , , , ,5,1,3,2,2,1.046332180024715,2.580851928169185,5,1.6909297476987766,5, , 
18,1,5,2,13,98, , , ,2, , , , , , ,5,1,3,2,2,1.046332180024715,2.580851928169185,5,1.6909297476987766,5, , 
18,2,1,1,12,95, , , ,1,1,2,90, , , ,1,1,3,3,6,1.046332180024715,0.5308874350926491,4,-0.1365366092719058,3, , 
18,3,1,1,11,95, , , ,1,2,3,4,90, , ,1,1,3,3,2,1.046332180024715,0.9820750915829668,4,0.26568024165465143,4, , 
18,4,1,1,21,3, ,1,3,1,3,7,90, , , ,6,1,3,2,2,1.046332180024715,3.599138389210256,5,2.598693884880746,5, , 
18,4,2,1,21,3, ,1,3,1,5,4,90, , , ,6,1,3,2,2,1.046332180024715,3.599138389210256,5,2.598693884880746,5, , 
18,4,3,1,21,3, ,1,99,1,6,90, , , , ,6,1,3,2,2,1.046332180024715,3.599138389210256,5,2.598693884880746,5, , 
18,4,4,1,21,3, ,1,3,1,1,2,90, , , ,6,1,3,2,2,1.046332180024715,3.599138389210256,5,2.598693884880746,5, , 
18,4,5,1,21,5, ,1,5,1,10,90, , , , ,6,1,3,2,2,1.046332180024715,3.599138389210256,5,2.598693884880746,5, , 
18,4,6,1,21,3, ,1,3,1,8,90, , , , ,6,1,3,2,2,1.046332180024715,3.599138389210256,5,2.598693884880746,5, , 
18,5,1,1,21,95, ,2, ,1,3,5,90, , , ,2,1,3,2,2,1.046332180024715,2.805244994147168,5,1.8909677386967783,5, , 
18,5,2,1,21,95, ,2, ,1,2,6,90, , , ,2,1,3,2,2,1.046332180024715,2.805244994147168,5,1.8909677386967783,5, , 
18,6,1,2,11,95, , , ,1,1,90, , , , ,1,1,3,1,2,1.046332180024715,1.2103046905672858,5,0.4691383577427047,4, , 
18,7,1,2,13,98, , , ,2, , , , , , ,1,1,3,2,2,1.046332180024715,-0.6164558368515488,2,-1.1593500465075743,1, , 
18,9,1,1,13,98, , , ,1,0,0,90, , , ,2,1,3,2,2,1.046332180024715,-0.1108824629126356,3,-0.7086503709893274,2, , 
18,9,2,1,13,98, , , ,1,1,5,90, , , ,2,1,3,2,2,1.046332180024715,-0.1108824629126356,3,-0.7086503709893274,2, , 
18,13,1,2,12,95, , , ,2, , , , , , ,1,1,3,1,2,1.046332180024715,0.0888486424719237,3,-0.5305975916540804,2, , 
18,14,1,1,13,98, , , ,2, , , , , , ,2,1,3,1,2,1.046332180024715,0.6609907697724202,4,-0.020554372574647144,3, , 
18,14,2,1,13,98, , , ,2, , , , , , ,2,1,3,1,2,1.046332180024715,0.6609907697724202,4,-0.020554372574647144,3, , 
18,15,1,1,21,16, ,2, ,1,1,2,3,90, , ,2,1,3,3,6,1.046332180024715,1.1766610874302055,4,0.43914634906746364,4, , 
18,15,2,1,21,16, ,2, ,2, , , , , , ,2,1,3,3,6,1.046332180024715,1.1766610874302055,4,0.43914634906746364,4, , 
18,22,1,1,12,95, , , ,2, , , , , , ,1,1,3,1,2,1.046332180024715,-0.5049770501301988,2,-1.059970894850448,1, , 
18,24,1,2,13,98, , , ,1,2,3,4,90, , ,1,1,3,1,2,1.046332180024715,-0.4684392506307208,3,-1.0273988188127665,1, , 
18,26,1,2,12,13, , , ,1,2,90, , , , ,2,1,3,3,2,1.046332180024715,1.6122889194946115,5,0.8274922008841537,4, , 
18,26,2,2,12,13, , , ,1,4,6,90, , , ,2,1,3,3,2,1.046332180024715,1.6122889194946115,5,0.8274922008841537,4, , 
19,1,1,1,12,6, , , ,1,1,2,90, , , ,3,1,3,9,6,1.061949078234039,2.1315706544012323,5,1.2904123653729676,5, , 
19,1,2,1,12,3, , , ,1,3,90, , , , ,3,1,3,9,6,1.061949078234039,2.1315706544012323,5,1.2904123653729676,5, , 
19,1,3,1,12,3, , , ,1,4,90, , , , ,3,1,3,9,6,1.061949078234039,2.1315706544012323,5,1.2904123653729676,5, , 
19,2,1,1,12,3, , , ,1,1,2,90, , , ,1,1,3,3,6,1.061949078234039,2.252691334955689,5,1.3983869032706826,5, , 
19,3,1,1,11,95, , , ,1,2,5,1,90, , ,2,1,3,2,2,1.061949078234039,2.5658216546201142,5,1.677530823307764,5, , 
19,3,2,1,11,8, , , ,1,3,4,90, , , ,2,1,3,2,2,1.061949078234039,2.5658216546201142,5,1.677530823307764,5, , 
19,4,1,1,13,24, , , ,1,1,2,90, , , ,2,1,3,3,6,1.061949078234039,2.434512925288198,5,1.560474022548002,5, , 
19,4,2,1,13,3, , , ,1,3,4,90, , , ,2,1,3,3,6,1.061949078234039,2.434512925288198,5,1.560474022548002,5, , 
19,5,1,2,12,95, , , ,1,1,3,90, , , ,6,1,3,1,6,1.061949078234039,3.162640641852543,5,2.209572536250671,5, , 
19,5,2,2,12,95, , , ,1,2,4,90, , , ,6,1,3,1,6,1.061949078234039,3.162640641852543,5,2.209572536250671,5, , 
19,5,3,2,12,95, , , ,2, , , , , , ,6,1,3,1,6,1.061949078234039,3.162640641852543,5,2.209572536250671,5, , 
19,5,4,1,12,95, , , ,2, , , , , , ,6,1,3,1,6,1.061949078234039,3.162640641852543,5,2.209572536250671,5, , 
19,5,5,1,12,95, , , ,2, , , , , , ,6,1,3,1,6,1.061949078234039,3.162640641852543,5,2.209572536250671,5, , 
19,5,6,1,12,95, , , ,2, , , , , , ,6,1,3,1,6,1.061949078234039,3.162640641852543,5,2.209572536250671,5, , 
19,6,1,2,12,4, , , ,1,1,90, , , , ,1,1,3,2,6,1.061949078234039,2.045278540527965,5,1.2134861866474949,5, , 
19,7,1,1,21,95, ,1,1,1,1,90, , , , ,3,1,3,2,6,1.061949078234039,1.8830793903297143,5,1.0688917358081595,4, , 
19,7,2,1,21,95, ,1,1,1,2,90, , , , ,3,1,3,2,6,1.061949078234039,1.8830793903297143,5,1.0688917358081595,4, , 
19,7,3,1,21,95, ,1,1,1,3,90, , , , ,3,1,3,2,6,1.061949078234039,1.8830793903297143,5,1.0688917358081595,4, , 
19,8,1,1,12,24, , , ,1,1,2,4,90, , ,1,1,3,3,6,1.061949078234039,1.8332294427013758,5,1.0244523796655467,4, , 
19,9,1,1,13,12, , , ,1,1,90, , , , ,1,1,3,3,6,1.061949078234039,1.8521005054180004,5,1.0412752233544922,4, , 
19,10,1,1,11,95, , , ,1,1,2,90, , , ,3,1,3,3,6,1.061949078234039,3.1155785238456613,5,2.1676184255156667,5, , 
19,10,2,1,21,6, ,1,99,2, , , , , , ,3,1,3,3,6,1.061949078234039,3.1155785238456613,5,2.1676184255156667,5, , 
19,10,3,1,21,6, ,1,99,2, , , , , , ,3,1,3,3,6,1.061949078234039,3.1155785238456613,5,2.1676184255156667,5, , 
19,11,1,1,21,6, ,1,2,1,1,90, , , , ,2,1,3,2,6,1.061949078234039,2.2695855999230132,5,1.4134475060068787,5, , 
19,11,2,1,21,6, ,1,2,1,2,3,90, , , ,2,1,3,2,6,1.061949078234039,2.2695855999230132,5,1.4134475060068787,5, , 
19,13,1,1,18,12, , , ,1,2,5,4,90, , ,3,1,3,2,6,1.061949078234039,2.15971213129978,5,1.3154994351447868,5, , 
19,13,2,1,18,12, , , ,1,3,6,90, , , ,3,1,3,2,6,1.061949078234039,2.15971213129978,5,1.3154994351447868,5, , 
19,13,3,1,18,1, , , ,2, , , , , , ,3,1,3,2,6,1.061949078234039,2.15971213129978,5,1.3154994351447868,5, , 
19,14,1,1,12,95, , , ,1,1,90, , , , ,2,1,3,2,6,1.061949078234039,1.8595768154774137,5,1.0479400729916462,4, , 
19,14,2,1,21,95, ,2, ,1,2,3,90, , , ,2,1,3,2,6,1.061949078234039,1.8595768154774137,5,1.0479400729916462,4, , 
19,15,1,1,12,24, , , ,1,2,3,90, , , ,2,1,3,2,6,1.061949078234039,1.8384734523114048,5,1.0291272172885029,4, , 
19,15,2,1,12,24, , , ,2, , , , , , ,2,1,3,2,6,1.061949078234039,1.8384734523114048,5,1.0291272172885029,4, , 
19,17,1,2,13,13, , , ,1,1,2,4,90, , ,3,1,3,9,6,1.061949078234039,2.2922269561905315,5,1.433631424799043,5, , 
19,17,2,2,13,13, , , ,1,3,90, , , , ,3,1,3,9,6,1.061949078234039,2.2922269561905315,5,1.433631424799043,5, , 
19,17,3,2,13,6, , , ,2, , , , , , ,3,1,3,9,6,1.061949078234039,2.2922269561905315,5,1.433631424799043,5, , 
19,18,1,1,11,95, , , ,1,1,90, , , , ,1,1,3,3,6,1.061949078234039,2.074058735181403,5,1.2391426493100708,5, , 
19,19,1,2,12,98, , , ,1,1,2,90, , , ,2,1,3,3,6,1.061949078234039,3.324388692102624,5,2.353764848427754,5, , 
19,19,2,2,12,98, , , ,2, , , , , , ,2,1,3,3,6,1.061949078234039,3.324388692102624,5,2.353764848427754,5, , 
19,20,1,1,12,24, , , ,1,1,90, , , , ,1,1,3,3,6,1.061949078234039,1.934939091670604,5,1.1151227119070635,5, , 
19,22,1,1,12,95, , , ,1,1,90, , , , ,1,1,3,3,6,1.061949078234039,1.9890871004697108,5,1.1633936281651363,5, , 
19,25,1,1,13,24, , , ,1,1,90, , , , ,1,1,3,3,6,1.061949078234039,1.7776264569300881,5,0.9748844060799896,4, , 
19,26,1,1,13,6, , , ,1,1,90, , , , ,3,1,3,3,6,1.061949078234039,2.561700156139982,5,1.6738566622000055,5, , 
19,26,2,1,13,95, , , ,1,2,90, , , , ,3,1,3,3,6,1.061949078234039,2.561700156139982,5,1.6738566622000055,5, , 
19,26,3,1,13,95, , , ,1,3,90, , , , ,3,1,3,3,6,1.061949078234039,2.561700156139982,5,1.6738566622000055,5, , 
19,28,1,1,13,24, , , ,1,1,2,90, , , ,3,1,3,2,6,1.061949078234039,3.0346668151885305,5,2.0954886759735123,5, , 
19,28,2,1,13,24, , , ,1,3,4,90, , , ,3,1,3,2,6,1.061949078234039,3.0346668151885305,5,2.0954886759735123,5, , 
19,28,3,1,13,24, , , ,1,5,7,90, , , ,3,1,3,2,6,1.061949078234039,3.0346668151885305,5,2.0954886759735123,5, , 
19,30,1,1,21,1, ,2, ,1,1,2,4,90, , ,2,1,3,3,6,1.061949078234039,2.6269251423920945,5,1.7320022878497083,5, , 
19,30,2,1,21,95, ,2, ,1,3,90, , , , ,2,1,3,3,6,1.061949078234039,2.6269251423920945,5,1.7320022878497083,5, , 
20,1,1,1,11,95, , , ,1,1,2,6,90, , ,3,1,3,1,6,1.8427939887002445,1.6011251881927806,5,0.8175401536944295,4, , 
20,1,2,1,11,95, , , ,1,3,4,5,90, , ,3,1,3,1,6,1.8427939887002445,1.6011251881927806,5,0.8175401536944295,4, , 
20,1,3,1,11,95, , , ,2, , , , , , ,3,1,3,1,6,1.8427939887002445,1.6011251881927806,5,0.8175401536944295,4, , 
20,2,1,1,13,95, , , ,1,1,2,90, , , ,1,1,3,2,2,1.8427939887002445,-0.05175584547934897,3,-0.6559412121108504,2, , 
20,3,1,2,12,98, , , ,1,1,2,90, , , ,4,1,3,3,2,1.8427939887002445,2.0080098603241083,5,1.1802625579108652,5, , 
20,3,2,2,12,98, , , ,1,3,4,90, , , ,4,1,3,3,2,1.8427939887002445,2.0080098603241083,5,1.1802625579108652,5, , 
20,3,3,2,12,98, , , ,1,5,90, , , , ,4,1,3,3,2,1.8427939887002445,2.0080098603241083,5,1.1802625579108652,5, , 
20,3,4,2,12,98, , , ,2, , , , , , ,4,1,3,3,2,1.8427939887002445,2.0080098603241083,5,1.1802625579108652,5, , 
20,6,1,1,11,95, , , ,1,9,10,90, , , ,3,1,3,1,2,1.8427939887002445,-0.2874176526121902,3,-0.8660248626387926,1, , 
20,6,2,1,12,95, , , ,1,2,11,90, , , ,3,1,3,1,2,1.8427939887002445,-0.2874176526121902,3,-0.8660248626387926,1, , 
20,6,3,1,12,95, , , ,1,1,90, , , , ,3,1,3,1,2,1.8427939887002445,-0.2874176526121902,3,-0.8660248626387926,1, , 
20,7,1,1,21,95, ,2, ,1,8,7,90, , , ,1,1,3,3,2,1.8427939887002445,0.32759864182314097,4,-0.3177609337438147,3, , 
20,10,1,1,12,95, , , ,2, , , , , , ,2,1,3,2,2,1.8427939887002445,-0.3741786290826138,3,-0.9433690147609944,1, , 
20,10,2,1,12,95, , , ,2, , , , , , ,2,1,3,2,2,1.8427939887002445,-0.3741786290826138,3,-0.9433690147609944,1, , 
20,11,1,1,12,11, , , ,1,3,90, , , , ,3,1,3,3,6,1.8427939887002445,1.4804003672795067,5,0.7099185097998971,4, , 
20,11,2,1,12,11, , , ,1,2,90, , , , ,3,1,3,3,6,1.8427939887002445,1.4804003672795067,5,0.7099185097998971,4, , 
20,11,3,1,12,11, , , ,1,1,90, , , , ,3,1,3,3,6,1.8427939887002445,1.4804003672795067,5,0.7099185097998971,4, , 
20,12,1,2,13,95, , , ,1,1,2,3,90, , ,1,1,3,1,2,1.8427939887002445,-0.526682081229111,2,-1.0793201149194922,1, , 
20,13,1,1,13,99, , , ,1,1,2,6,90, , ,2,1,3,2,2,1.8427939887002445,-0.03831854726807493,3,-0.6439623654075926,2, , 
20,13,2,9,99,99,9,9, ,1,3,4,5,90, , ,2,1,3,2,2,1.8427939887002445,-0.03831854726807493,3,-0.6439623654075926,2, , 
20,18,1,1,21,95, ,2, ,1,2,3,4,5,90,90,1,1,3,1,2,1.8427939887002445,0.3024164238144826,4,-0.3402099353534276,3, , 
20,20,1,1,12,95, , , ,1,1,5,90, , , ,2,1,3,1,2,1.8427939887002445,-0.42320883102591644,3,-0.987077598411823,1, , 
20,20,2,1,13,98, , , ,1,3,6,90, , , ,2,1,3,1,2,1.8427939887002445,-0.42320883102591644,3,-0.987077598411823,1, , 
20,21,1,2,13,95, , , ,2, , , , , , ,1,1,3,2,2,1.8427939887002445,0.04908586053860653,3,-0.5660446184138681,2, , 
20,22,1,9,99,99,9,9, ,1,2,3,4,5,90,90,1,1,3,9,2,1.8427939887002445,0.7328780677807888,4,0.04353045379552078,3, , 
20,26,1,2,11,8, , , ,1,1,5,90, , , ,1,1,3,1,2,1.8427939887002445,-0.43369192521037603,3,-0.996422883173465,1, , 
20,27,1,2,12,98, , , ,1,2,6,90, , , ,1,1,3,2,2,1.8427939887002445,0.6871527177490903,4,0.002768021506642289,3, , 
20,29,1,1,26,2, ,2, ,1,2,90, , , , ,3,1,3,3,2,1.8427939887002445,1.1019655002260973,4,0.3725580383475953,4, , 
20,29,2,1,26,2, ,2, ,1,5,6,90, , , ,3,1,3,3,2,1.8427939887002445,1.1019655002260973,4,0.3725580383475953,4, , 
20,29,3,1,26,2, ,2, ,1,3,4,90, , , ,3,1,3,3,2,1.8427939887002445,1.1019655002260973,4,0.3725580383475953,4, , 
21,3,1,2,13,95, , , ,1,1,2,90, , , ,2,1,3,2,2,0.765228012256881,1.2364844203798158,5,0.4924766036628475,4, , 
21,3,2,2,13,95, , , ,1,3,4,90, , , ,2,1,3,2,2,0.765228012256881,1.2364844203798158,5,0.4924766036628475,4, , 
21,4,1,1,12,95, , , ,2, , , , , , ,1,1,3,1,2,0.765228012256881,-0.6419193878311956,2,-1.182049845895063,1, , 
21,6,1,1,21,98, ,2, ,1,11,12,90, , , ,1,1,3,2,2,0.765228012256881,0.5938660219826298,4,-0.08039356428761515,3, , 
21,7,1,1,13,8, , , ,1,5,90, , , , ,2,1,3,2,2,0.765228012256881,0.22929305558468133,4,-0.40539667190406475,2, , 
21,7,2,1,11,4, , , ,1,2,3,90, , , ,2,1,3,2,2,0.765228012256881,0.22929305558468133,4,-0.40539667190406475,2, , 
21,10,1,2,13,98, , , ,2, , , , , , ,2,1,3,1,2,0.765228012256881,1.057053316234852,4,0.3325205130444616,4, , 
21,10,2,2,13,98, , , ,2, , , , , , ,2,1,3,1,2,0.765228012256881,1.057053316234852,4,0.3325205130444616,4, , 
21,15,1,1,13,24, , , ,1,5,90, , , , ,1,1,3,1,2,0.765228012256881,-0.3674110025172811,3,-0.9373359298434476,1, , 
21,17,1,1,13,95, , , ,1,1,2,3,4,90,90,1,1,3,2,2,0.765228012256881,0.06044978741250373,3,-0.5559141043902056,2, , 
21,24,1,1,13,95, , , ,1,1,90, , , , ,3,1,3,3,2,0.765228012256881,1.6751246209441943,5,0.883507868864545,4, , 
21,24,2,1,13,95, , , ,2, , , , , , ,3,1,3,3,2,0.765228012256881,1.6751246209441943,5,0.883507868864545,4, , 
21,24,3,1,13,95, , , ,2, , , , , , ,3,1,3,3,2,0.765228012256881,1.6751246209441943,5,0.883507868864545,4, , 
21,25,1,1,12,36, , , ,1,1,90, , , , ,3,1,3,3,2,0.765228012256881,1.8282432596219413,5,1.0200073847116642,4, , 
21,25,2,1,12,95, , , ,1,3,6,5,90, , ,3,1,3,3,2,0.765228012256881,1.8282432596219413,5,1.0200073847116642,4, , 
21,25,3,1,12,95, , , ,2, , , , , , ,3,1,3,3,2,0.765228012256881,1.8282432596219413,5,1.0200073847116642,4, , 
21,26,1,1,12,95, , , ,1,8,9,11,90, , ,2,1,3,3,2,0.765228012256881,1.96051298181533,5,1.1379208745163152,5, , 
21,26,2,1,12,95, , , ,1,1,7,90, , , ,2,1,3,3,2,0.765228012256881,1.96051298181533,5,1.1379208745163152,5, , 
21,27,1,1,13,95, , , ,2, , , , , , ,1,1,3,3,2,0.765228012256881,1.0227590868197725,4,0.30194849547734925,4, , 
21,28,1,1,13,2, , , ,1,2,90, , , , ,4,1,3,2,2,0.765228012256881,1.5453546124247732,5,0.7678227799208182,4, , 
21,28,2,1,13,2, , , ,1,3,4,90, , , ,4,1,3,2,2,0.765228012256881,1.5453546124247732,5,0.7678227799208182,4, , 
21,28,3,1,13,2, , , ,1,5,90, , , , ,4,1,3,2,2,0.765228012256881,1.5453546124247732,5,0.7678227799208182,4, , 
21,28,4,1,13,2, , , ,1,6,90, , , , ,4,1,3,2,2,0.765228012256881,1.5453546124247732,5,0.7678227799208182,4, , 
22,1,1,1,21,9, ,2, ,1,2,1,6,90, , ,3,1,3,3,2,1.7334757012349757,2.6307644972291957,5,1.7354249284959105,5, , 
22,1,2,1,21,12, ,1,6,1,5,90, , , , ,3,1,3,3,2,1.7334757012349757,2.6307644972291957,5,1.7354249284959105,5, , 
22,1,3,1,21,3, ,2, ,1,4,90, , , , ,3,1,3,3,2,1.7334757012349757,2.6307644972291957,5,1.7354249284959105,5, , 
22,2,1,1,11,95, , , ,1,1,2,3,90, , ,1,1,3,3,6,1.7334757012349757,2.1509735881147236,5,1.3077093520806362,5, , 
22,5,1,1,12,12, , , ,2, , , , , , ,1,1,3,3,2,1.7334757012349757,1.5989375145877927,5,0.8155899248360027,4, , 
22,6,1,2,13,13, , , ,1,1,2,90, , , ,2,1,3,3,2,1.7334757012349757,1.8643563390541829,5,1.0522008387602204,4, , 
22,6,2,2,13,13, , , ,1,3,4,90, , , ,2,1,3,3,2,1.7334757012349757,1.8643563390541829,5,1.0522008387602204,4, , 
22,7,1,1,13,95, , , ,1,1,90, , , , ,5,1,3,3,6,1.7334757012349757,2.0750226385098642,5,1.2400019329269745,5, , 
22,7,2,1,13,95, , , ,2, , , , , , ,5,1,3,3,6,1.7334757012349757,2.0750226385098642,5,1.2400019329269745,5, , 
22,7,3,1,13,95, , , ,2, , , , , , ,5,1,3,3,6,1.7334757012349757,2.0750226385098642,5,1.2400019329269745,5, , 
22,7,4,1,13,95, , , ,2, , , , , , ,5,1,3,3,6,1.7334757012349757,2.0750226385098642,5,1.2400019329269745,5, , 
22,7,5,1,13,95, , , ,2, , , , , , ,5,1,3,3,6,1.7334757012349757,2.0750226385098642,5,1.2400019329269745,5, , 
22,8,1,1,21,8, ,2, ,1,1,90, , , , ,1,1,3,2,6,1.7334757012349757,2.1268726912587215,5,1.286224307668445,5, , 
22,11,1,2,12,95, , , ,1,2,3,90, , , ,2,1,3,2,2,1.7334757012349757,1.8768405064177673,5,1.0633300051086108,4, , 
22,11,2,2,12,95, , , ,2, , , , , , ,2,1,3,2,2,1.7334757012349757,1.8768405064177673,5,1.0633300051086108,4, , 
22,12,1,2,12,12, , , ,1,3,4,90, , , ,2,1,3,2,2,1.7334757012349757,1.5612170709839528,5,0.7819635659947456,4, , 
22,12,2,2,12,12, , , ,1,1,90, , , , ,2,1,3,2,2,1.7334757012349757,1.5612170709839528,5,0.7819635659947456,4, , 
22,13,1,2,13,24, , , ,1,4,3,2,90, , ,2,1,3,2,2,1.7334757012349757,2.4690241518504967,5,1.5912394849223006,5, , 
22,13,2,2,13,24, , , ,1,1,90, , , , ,2,1,3,2,2,1.7334757012349757,2.4690241518504967,5,1.5912394849223006,5, , 
22,14,1,1,13,98, , , ,1,1,3,90, , , ,1,1,3,1,2,1.7334757012349757,1.4679622774767398,5,0.6988304198664839,4, , 
22,15,1,1,12,95, , , ,2, , , , , , ,1,1,3,2,2,1.7334757012349757,1.4816412361825564,5,0.7110246978248083,4, , 
22,24,1,2,21,95, ,9, ,1,1,7,8,90, , ,1,1,3,1,2,1.7334757012349757,0.5890046531940613,4,-0.08472729198872456,3, , 
22,25,1,1,11,95, , , ,1,2,10,9,90, , ,2,1,3,3,2,1.7334757012349757,1.8894598766473205,5,1.0745796997343238,4, , 
22,25,2,1,11,95, , , ,1,7,6,90, , , ,2,1,3,3,2,1.7334757012349757,1.8894598766473205,5,1.0745796997343238,4, , 
22,26,1,1,12,98, , , ,1,2,8,90, , , ,2,1,3,3,2,1.7334757012349757,2.533517915984491,5,1.648733253515529,5, , 
22,26,2,1,12,7, , , ,1,9,4,90, , , ,2,1,3,3,2,1.7334757012349757,2.533517915984491,5,1.648733253515529,5, , 
22,29,1,1,12,95, , , ,9, , , , , , ,2,1,3,1,2,1.7334757012349757,1.912508612319483,5,1.0951267819661596,5, , 
22,29,2,1,12,95, , , ,9, , , , , , ,2,1,3,1,2,1.7334757012349757,1.912508612319483,5,1.0951267819661596,5, , 
22,30,1,1,21,1, ,2, ,1,2,4,90, , , ,2,1,3,3,2,1.7334757012349757,2.131026295060048,5,1.2899270894642985,5, , 
22,30,2,1,21,13, ,2, ,1,0,90, , , , ,2,1,3,3,2,1.7334757012349757,2.131026295060048,5,1.2899270894642985,5, , 
23,1,1,1,13,95, , , ,1,2,90, , , , ,2,1,3,1,2,1.3274363477925486,0.4402027798034974,4,-0.2173785737030531,3, , 
23,1,2,9,13,95, , , ,2, , , , , , ,2,1,3,1,2,1.3274363477925486,0.4402027798034974,4,-0.2173785737030531,3, , 
23,4,1,1,13,95, , , ,1,1,2,5,6,90,90,2,1,3,1,2,1.3274363477925486,1.5356017098854422,5,0.759128433587681,4, , 
23,4,2,1,13,95, , , ,1,3,4,90, , , ,2,1,3,1,2,1.3274363477925486,1.5356017098854422,5,0.759128433587681,4, , 
23,5,1,1,13,95, , , ,1,1,4,5,90, , ,1,1,3,2,2,1.3274363477925486,0.387290892399231,4,-0.26454753416148563,3, , 
23,8,1,1,13,12, , , ,1,2,6,90, , , ,2,1,3,1,2,1.3274363477925486,1.7089395557936573,5,0.9136526133268298,4, , 
23,8,2,1,13,12, , , ,1,3,5,90, , , ,2,1,3,1,2,1.3274363477925486,1.7089395557936573,5,0.9136526133268298,4, , 
23,11,1,1,13,95, , , ,2, , , , , , ,2,1,3,3,2,1.3274363477925486,2.0379801891672376,5,1.20697998050679,5, , 
23,11,2,1,13,95, , , ,2, , , , , , ,2,1,3,3,2,1.3274363477925486,2.0379801891672376,5,1.20697998050679,5, , 
23,12,1,1,13,95, , , ,1,1,3,90, , , ,1,1,3,1,2,1.3274363477925486,0.6949888842021464,4,0.009753669603937285,3, , 
23,15,1,1,11,98, , , ,1,4,5,6,90, , ,2,1,3,1,2,1.3274363477925486,1.3735585375807968,5,0.6146730311825787,4, , 
23,15,2,1,11,98, , , ,1,1,7,90, , , ,2,1,3,1,2,1.3274363477925486,1.3735585375807968,5,0.6146730311825787,4, , 
23,16,1,2,98,10,8,2, ,1,1,90, , , , ,1,1,3,1,2,1.3274363477925486,2.4299049991020287,5,1.5563662294086238,5, , 
23,18,1,2,13,12, , , ,1,2,90, , , , ,5,1,3,3,2,1.3274363477925486,3.232276090948816,5,2.271649923886298,5, , 
23,18,2,2,13,16, , , ,1,3,90, , , , ,5,1,3,3,2,1.3274363477925486,3.232276090948816,5,2.271649923886298,5, , 
23,18,3,2,13,21, , , ,1,4,90, , , , ,5,1,3,3,2,1.3274363477925486,3.232276090948816,5,2.271649923886298,5, , 
23,18,4,2,13,95, , , ,1,5,90, , , , ,5,1,3,3,2,1.3274363477925486,3.232276090948816,5,2.271649923886298,5, , 
23,18,5,2,13,95, , , ,2, , , , , , ,5,1,3,3,2,1.3274363477925486,3.232276090948816,5,2.271649923886298,5, , 
23,22,1,1,13,9, , , ,1,2,6,90, , , ,1,1,3,3,2,1.3274363477925486,0.7082162269061577,4,0.021545348857573934,3, , 
23,26,1,2,13,98, , , ,1,1,90, , , , ,2,1,3,3,6,1.3274363477925486,1.686674036769003,5,0.8938037393217093,4, , 
23,26,2,2,13,98, , , ,1,2,9,90, , , ,2,1,3,3,6,1.3274363477925486,1.686674036769003,5,0.8938037393217093,4, , 
23,28,1,1,12,24, , , ,1,1,6,90, , , ,3,1,3,1,2,1.3274363477925486,1.674010866629836,5,0.8825149987215279,4, , 
23,28,2,1,12,24, , , ,1,5,4,90, , , ,3,1,3,1,2,1.3274363477925486,1.674010866629836,5,0.8825149987215279,4, , 
23,28,3,1,12,24, , , ,1,3,7,90, , , ,3,1,3,1,2,1.3274363477925486,1.674010866629836,5,0.8825149987215279,4, , 
24,2,1,1,13,95, , , ,1,1,2,3,4,90,90,1,1,3,2,6,1.7334757012349757,0.8914294790897695,4,0.1848730824098036,3, , 
24,4,1,1,13,95, , , ,1,1,90, , , , ,3,1,3,3,6,1.7334757012349757,0.6510141052211315,4,-0.02944819433782317,3, , 
24,4,2,1,13,95, , , ,2, , , , , , ,3,1,3,3,6,1.7334757012349757,0.6510141052211315,4,-0.02944819433782317,3, , 
24,4,3,1,13,95, , , ,2, , , , , , ,3,1,3,3,6,1.7334757012349757,0.6510141052211315,4,-0.02944819433782317,3, , 
24,5,1,1,13,11, , , ,1,3,6,90, , , ,2,1,3,2,6,1.7334757012349757,0.3608543236889129,4,-0.2881147423131472,3, , 
24,5,2,1,13,3, , , ,1,1,2,90, , , ,2,1,3,2,6,1.7334757012349757,0.3608543236889129,4,-0.2881147423131472,3, , 
24,8,1,1,12,14, , , ,1,8,90, , , , ,1,1,3,2,6,1.7334757012349757,0.14632661849979745,3,-0.47935813467203936,2, , 
24,12,1,1,13,12, , , ,1,1,2,9,90, , ,3,1,3,2,6,1.7334757012349757,0.4197562558955072,4,-0.23560588187597273,3, , 
24,12,2,1,13,12, , , ,1,5,7,8,90, , ,3,1,3,2,6,1.7334757012349757,0.4197562558955072,4,-0.23560588187597273,3, , 
24,12,3,1,13,12, , , ,1,3,4,6,90, , ,3,1,3,2,6,1.7334757012349757,0.4197562558955072,4,-0.23560588187597273,3, , 
24,22,1,1,12,12, , , ,1,1,2,3,90, , ,2,1,3,2,6,1.7334757012349757,0.20534250886876348,4,-0.426747684812931,2, , 
24,22,2,1,12,15, , , ,1,4,90, , , , ,2,1,3,2,6,1.7334757012349757,0.20534250886876348,4,-0.426747684812931,2, , 
24,30,1,1,12,13, , , ,1,1,90, , , , ,2,1,3,3,6,1.7334757012349757,0.09096930902513323,3,-0.5287070970657926,2, , 
24,30,2,1,13,13, , , ,1,2,90, , , , ,2,1,3,3,6,1.7334757012349757,0.09096930902513323,3,-0.5287070970657926,2, , 
25,3,1,1,13,95, , , ,2, , , , , , ,2,1,3,1,6,0.9526307907687702,-0.043494248250201095,3,-0.6485763084541771,2, , 
25,3,2,1,13,95, , , ,2, , , , , , ,2,1,3,1,6,0.9526307907687702,-0.043494248250201095,3,-0.6485763084541771,2, , 
25,5,1,1,12,12, , , ,1,1,6,90, , , ,2,1,3,1,6,0.9526307907687702,0.22907306924860427,4,-0.40559278146085553,2, , 
25,5,2,1,12,12, , , ,1,2,3,90, , , ,2,1,3,1,6,0.9526307907687702,0.22907306924860427,4,-0.40559278146085553,2, , 
25,6,1,1,12,98, , , ,1,1,2,90, , , ,1,1,3,2,6,0.9526307907687702,0.7723416897245261,4,0.07871079065987122,3, , 
25,8,1,1,13,98, , , ,1,1,90, , , , ,3,1,3,1,6,0.9526307907687702,0.3940296395066138,4,-0.25854019419610225,3, , 
25,8,2,1,13,98, , , ,1,2,90, , , , ,3,1,3,1,6,0.9526307907687702,0.3940296395066138,4,-0.25854019419610225,3, , 
25,8,3,1,13,98, , , ,1,3,6,90, , , ,3,1,3,1,6,0.9526307907687702,0.3940296395066138,4,-0.25854019419610225,3, , 
25,15,1,1,12,98, , , ,1,1,3,4,90, , ,2,1,3,2,6,0.9526307907687702,0.25655935306168764,4,-0.3810897917182511,3, , 
25,15,2,1,12,98, , , ,1,2,5,6,90, , ,2,1,3,2,6,0.9526307907687702,0.25655935306168764,4,-0.3810897917182511,3, , 
25,18,1,2,13,24, , , ,1,1,4,90, , , ,2,1,3,1,6,0.9526307907687702,0.26798179724291105,4,-0.37090711171278723,3, , 
25,18,2,2,13,24, , , ,1,2,3,90, , , ,2,1,3,1,6,0.9526307907687702,0.26798179724291105,4,-0.37090711171278723,3, , 
25,20,1,1,12,6, , , ,1,1,6,90, , , ,3,1,3,1,6,0.9526307907687702,1.219308817648935,5,0.477165198876381,4, , 
25,20,2,1,12,6, , , ,1,2,3,90, , , ,3,1,3,1,6,0.9526307907687702,1.219308817648935,5,0.477165198876381,4, , 
25,20,3,1,12,6, , , ,1,4,5,90, , , ,3,1,3,1,6,0.9526307907687702,1.219308817648935,5,0.477165198876381,4, , 
25,24,1,1,13,98, , , ,1,1,2,90, , , ,4,1,3,1,6,0.9526307907687702,0.39359785793907653,4,-0.2589251112475435,3, , 
25,24,2,1,13,98, , , ,1,6,7,90, , , ,4,1,3,1,6,0.9526307907687702,0.39359785793907653,4,-0.2589251112475435,3, , 
25,24,3,1,13,98, , , ,1,3,4,90, , , ,4,1,3,1,6,0.9526307907687702,0.39359785793907653,4,-0.2589251112475435,3, , 
25,24,4,1,13,98, , , ,1,5,8,90, , , ,4,1,3,1,6,0.9526307907687702,0.39359785793907653,4,-0.2589251112475435,3, , 
25,26,1,1,13,98, , , ,1,2,6,90, , , ,1,1,3,1,6,0.9526307907687702,0.6417263045594002,4,-0.0377279198144782,3, , 
25,30,1,2,13,98, , , ,1,2,4,90, , , ,3,1,3,1,6,0.9526307907687702,0.07151897431102516,3,-0.5460463399853158,2, , 
25,30,2,2,13,98, , , ,1,3,5,90, , , ,3,1,3,1,6,0.9526307907687702,0.07151897431102516,3,-0.5460463399853158,2, , 
25,30,3,2,13,98, , , ,1,1,90, , , , ,3,1,3,1,6,0.9526307907687702,0.07151897431102516,3,-0.5460463399853158,2, , 
26,1,1,1,13,95, , , ,1,3,5,90, , , ,2,1,3,2,2,1.2962025513739004,1.8703198573368738,5,1.057517091342938,4, , 
26,1,2,1,13,95, , , ,1,4,90, , , , ,2,1,3,2,2,1.2962025513739004,1.8703198573368738,5,1.057517091342938,4, , 
26,3,1,2,11,98, , , ,1,3,90, , , , ,4,1,3,1,2,1.2962025513739004,1.2064347295692222,5,0.4656884328534517,4, , 
26,3,2,2,12,98, , , ,1,2,90, , , , ,4,1,3,1,2,1.2962025513739004,1.2064347295692222,5,0.4656884328534517,4, , 
26,3,3,2,11,98, , , ,2, , , , , , ,4,1,3,1,2,1.2962025513739004,1.2064347295692222,5,0.4656884328534517,4, , 
26,3,4,2,11,98, , , ,2, , , , , , ,4,1,3,1,2,1.2962025513739004,1.2064347295692222,5,0.4656884328534517,4, , 
26,7,1,1,21,95, ,8, ,2, , , , , , ,1,1,3,1,2,1.2962025513739004,-0.028498740593796312,3,-0.6352083765508059,2, , 
26,9,1,2,13,98, , , ,1,2,10,90, , , ,1,1,3,1,2,1.2962025513739004,-0.043544422115679327,3,-0.6486210365709179,2, , 
26,11,1,1,13,5, , , ,1,2,90, , , , ,1,1,3,2,2,1.2962025513739004,0.44527087279653865,4,-0.2128605591374048,3, , 
26,12,1,1,13,95, , , ,1,2,90, , , , ,3,1,3,3,2,1.2962025513739004,3.6223417996754317,5,2.619378853881576,5, , 
26,12,2,1,13,95, , , ,2, , , , , , ,3,1,3,3,2,1.2962025513739004,3.6223417996754317,5,2.619378853881576,5, , 
26,12,3,1,13,95, , , ,2, , , , , , ,3,1,3,3,2,1.2962025513739004,3.6223417996754317,5,2.619378853881576,5, , 
26,13,1,1,21,12, ,1,10,1,1,2,90, , , ,2,1,3,3,2,1.2962025513739004,1.210091327628494,5,0.4689481526958448,4, , 
26,13,2,1,21,9, ,2, ,1,3,4,90, , , ,2,1,3,3,2,1.2962025513739004,1.210091327628494,5,0.4689481526958448,4, , 
26,15,1,1,13,98, , , ,1,1,6,90, , , ,1,1,3,1,2,1.2962025513739004,0.461345232020914,4,-0.1985308715786113,3, , 
26,17,1,1,12,4, , , ,1,5,90, , , , ,1,1,3,3,2,1.2962025513739004,1.971535516192644,5,1.1477470499506337,5, , 
26,20,1,1,12,98, , , ,2, , , , , , ,2,1,3,3,6,1.2962025513739004,2.1803566828093386,5,1.3339032774873665,5, , 
26,20,2,1,12,98, , , ,1,2,90, , , , ,2,1,3,3,6,1.2962025513739004,2.1803566828093386,5,1.3339032774873665,5, , 
26,24,1,2,21,9, ,2, ,1,1,90, , , , ,1,1,3,1,2,1.2962025513739004,1.85929404215941,5,1.0476879911984998,4, , 
26,25,1,1,13,95, , , ,1,2,3,90, , , ,1,1,3,2,2,1.2962025513739004,0.6993101839717447,4,0.01360594605750379,3, , 
26,29,1,1,13,12, , , ,1,1,2,90, , , ,3,1,3,3,6,1.2962025513739004,2.6312923556329406,5,1.7358954944385627,5, , 
26,29,2,1,13,1, , , ,1,3,90, , , , ,3,1,3,3,6,1.2962025513739004,2.6312923556329406,5,1.7358954944385627,5, , 
26,29,3,1,13,1, , , ,2, , , , , , ,3,1,3,3,6,1.2962025513739004,2.6312923556329406,5,1.7358954944385627,5, , 
27,1,1,1,12,6, , , ,1,4,6,5,3,90,90,2,1,3,2,2,0.8433125033035014,1.2902013566673727,5,0.5403632349662623,4, , 
27,1,2,1,12,6, , , ,1,7,8,2,90, , ,2,1,3,2,2,0.8433125033035014,1.2902013566673727,5,0.5403632349662623,4, , 
27,4,1,9,12,95, , , ,1,3,90, , , , ,3,1,3,1,2,0.8433125033035014,0.017665888483878844,3,-0.5940543434900332,2, , 
27,4,2,9,21,95, ,2, ,1,4,90, , , , ,3,1,3,1,2,0.8433125033035014,0.017665888483878844,3,-0.5940543434900332,2, , 
27,4,3,9,11,95, , , ,1,5,90, , , , ,3,1,3,1,2,0.8433125033035014,0.017665888483878844,3,-0.5940543434900332,2, , 
27,5,1,1,11,95, , , ,1,1,3,90, , , ,1,1,3,1,2,0.8433125033035014,0.21478951291384624,4,-0.4183260354990713,2, , 
27,6,1,1,12,95, , , ,1,1,2,3,4,5,90,1,1,3,1,2,0.8433125033035014,-1.0093674176397567,1,-1.5096159645659952,1, , 
27,7,1,1,13,2, , , ,1,2,3,4,90, , ,1,1,3,1,2,0.8433125033035014,0.8556088884785624,4,0.15294037116046935,3, , 
27,10,1,1,12,7, , , ,1,3,4,90, , , ,2,1,3,1,2,0.8433125033035014,0.13336380001277182,3,-0.49091400052072287,2, , 
27,10,2,1,12,7, , , ,1,2,1,90, , , ,2,1,3,1,2,0.8433125033035014,0.13336380001277182,3,-0.49091400052072287,2, , 
27,15,1,1,13,98, , , ,2, , , , , , ,1,1,3,1,2,0.8433125033035014,-0.9748485620579618,1,-1.4788437012073319,1, , 
27,18,1,1,13,19, , , ,1,2,7,90, , , ,1,1,3,1,2,0.8433125033035014,0.02892673266211343,3,-0.5840157238181731,2, , 
27,19,1,1,21,95, ,2, ,1,1,2,90, , , ,1,1,3,1,2,0.8433125033035014,-0.5496404915202816,2,-1.0997866754664398,1, , 
27,20,1,1,13,99, , , ,1,1,2,3,90, , ,1,1,3,3,6,0.8433125033035014,0.32372863761383425,4,-0.3212108971542682,3, , 
27,21,1,1,13,6, , , ,1,4,10,90, , , ,1,1,3,1,2,0.8433125033035014,-0.2803780507397622,3,-0.8597493219492935,1, , 
27,24,1,1,13,95, , , ,1,1,90, , , , ,1,1,3,1,2,0.8433125033035014,-0.5253216657584899,2,-1.0781073556192902,1, , 
27,28,1,1,28,98, ,2, ,1,1,11,10,90, , ,3,1,3,1,6,0.8433125033035014,2.5936616708898925,5,1.7023491522507115,5, , 
27,28,2,1,21,98, ,2, ,1,4,13,9,90, , ,3,1,3,1,6,0.8433125033035014,2.5936616708898925,5,1.7023491522507115,5, , 
27,28,3,1,21,98, ,2, ,1,3,90, , , , ,3,1,3,1,6,0.8433125033035014,2.5936616708898925,5,1.7023491522507115,5, , 
27,29,1,9,13,95, , , ,1,1,7,90, , , ,1,1,3,2,2,0.8433125033035014,1.1342068666830334,4,0.40130000568498486,4, , 
27,30,1,2,21,95, ,1,4,1,1,90, , , , ,2,1,3,2,6,0.8433125033035014,1.9330063535713609,5,1.1133997484776328,5, , 
27,30,2,2,21,95, ,1,4,2, , , , , , ,2,1,3,2,6,0.8433125033035014,1.9330063535713609,5,1.1133997484776328,5, , 
28,7,1,1,21,95, ,2, ,2, , , , , , ,1,2,3,1,2,0.39981098529208403,-0.46469660788128875,3, , ,0.05371040700013267,4
28,9,1,1,13,95, , , ,1,3,4,5,90, , ,2,2,3,2,2,0.39981098529208403,-0.24799341997474225,3, , ,0.5127844254613405,5
28,9,2,1,13,95, , , ,1,1,2,90, , , ,2,2,3,2,2,0.39981098529208403,-0.24799341997474225,3, , ,0.5127844254613405,5
28,13,1,1,12,18, , , ,1,2,5,90, , , ,1,2,3,1,2,0.39981098529208403,-0.5283843991884286,2, , ,-0.08120874469640882,4
28,15,1,1,13,2, , , ,1,1,2,3,4,90,90,1,2,3,1,2,0.39981098529208403,-0.4896389764854349,2, , ,0.0008713440603478619,4
28,17,1,1,13,95, , , ,1,4,5,90, , , ,1,2,3,1,2,0.39981098529208403,-0.563857615506212,2, , ,-0.15635684067075764,4
28,18,1,1,13,3, , , ,1,1,5,6,90, , ,1,2,3,1,2,0.39981098529208403,-0.6214804148725325,2, , ,-0.2784276339785544,3
28,19,1,1,21,95, ,2, ,1,1,2,3,4,90,90,1,2,3,1,2,0.39981098529208403,-0.35356366608798867,3, , ,0.28913955165335975,5
28,25,1,1,13,12, , , ,1,1,90, , , , ,1,2,3,2,2,0.39981098529208403,-0.5289825575194803,2, , ,-0.08247591086671151,4
28,26,1,1,11,8, , , ,1,1,6,90, , , ,1,2,3,1,2,0.39981098529208403,-0.6989467493345842,1, , ,-0.44253588637902447,2
29,1,1,1,12,95, , , ,2, , , , , , ,2,2,3,1,2,0.5433328774482166,-0.7495005492375721,1, , ,-0.5496313854999555,1
29,1,2,1,12,95, , , ,2, , , , , , ,2,2,3,1,2,0.5433328774482166,-0.7495005492375721,1, , ,-0.5496313854999555,1
29,2,1,1,12,95, , , ,2, , , , , , ,2,2,3,1,2,0.5433328774482166,-0.7285735954417553,1, , ,-0.5052987623115013,2
29,2,2,1,12,95, , , ,2, , , , , , ,2,2,3,1,2,0.5433328774482166,-0.7285735954417553,1, , ,-0.5052987623115013,2
29,9,1,9,21,13, ,2, ,1,2,3,4,90, , ,1,2,3,1,2,0.5433328774482166,-0.6927541400262938,1, , ,-0.4294171774787052,2
30,2,1,1,12,98, , , ,1,2,4,90, , , ,1,2,3,1,2,0.7278610245061017,-0.6989467493345842,1, , ,-0.44253588637902447,2
30,9,1,1,12,95, , , ,1,1,90, , , , ,1,2,3,1,2,0.7278610245061017,-0.6784010634658443,1, , ,-0.39901095873526665,2
31,6,1,2,21,95, ,1,95,1,1,8,90, , , ,1,2,3,1,2,0.4715719313701504,-0.5205762574166378,2, , ,-0.06466761738527468,4
31,11,1,1,21,2, ,2, ,2, , , , , , ,1,2,3,1,2,0.4715719313701504,-0.5599674971107654,2, , ,-0.14811583461385694,4
31,13,1,1,12,95, , , ,2, , , , , , ,1,2,3,1,2,0.4715719313701504,-0.5586640194679342,2, , ,-0.1453544875139382,4
31,28,1,1,13,12, , , ,1,1,7,90, , , ,1,2,3,1,2,0.4715719313701504,-0.6128012806999146,2, , ,-0.26004135623211916,3
32,1,1,1,11,22, , , ,1,1,90, , , , ,1,2,3,2,2,1.2711939019543184,-0.5088947650028035,2, , ,-0.03992100559866948,4
32,3,1,1,13,95, , , ,1,1,2,5,90, , ,2,2,3,1,2,1.2711939019543184,-0.6473270414914262,2, , ,-0.3331823187629746,3
32,3,2,1,13,95, , , ,1,3,4,90, , , ,2,2,3,1,2,1.2711939019543184,-0.6473270414914262,2, , ,-0.3331823187629746,3
32,6,1,2,13,95, , , ,2, , , , , , ,2,2,3,1,2,1.2711939019543184,-0.762562389844624,1, , ,-0.5773021905024411,1
32,6,2,2,13,95, , , ,2, , , , , , ,2,2,3,1,2,1.2711939019543184,-0.762562389844624,1, , ,-0.5773021905024411,1
32,9,1,1,13,98, , , ,2, , , , , , ,2,2,3,2,2,1.2711939019543184,-0.6839652094395954,1, , ,-0.4107983019495078,2
32,9,2,1,13,98, , , ,1,1,90, , , , ,2,2,3,2,2,1.2711939019543184,-0.6839652094395954,1, , ,-0.4107983019495078,2
32,10,1,1,99,8,9,9, ,2, , , , , , ,2,2,3,1,2,1.2711939019543184,-0.6273544926326176,2, , ,-0.29087155096993145,3
32,10,2,1,99,8,9,9, ,2, , , , , , ,2,2,3,1,2,1.2711939019543184,-0.6273544926326176,2, , ,-0.29087155096993145,3
32,11,1,1,13,12, , , ,1,1,2,90, , , ,2,2,3,1,2,1.2711939019543184,-0.545535148564562,2, , ,-0.11754168244312069,4
32,11,2,1,13,12, , , ,2, , , , , , ,2,2,3,1,2,1.2711939019543184,-0.545535148564562,2, , ,-0.11754168244312069,4
32,12,1,1,21,95, ,2, ,1,1,3,90, , , ,1,2,3,1,2,1.2711939019543184,-0.7153660018308374,1, , ,-0.4773191874296524,2
32,14,1,1,21,2, ,2, ,2, , , , , , ,1,2,3,1,2,1.2711939019543184,-0.5206686726233161,2, , ,-0.0648633940173885,4
32,17,1,1,21,16, ,2, ,1,2,5,90, , , ,2,2,3,1,2,1.2711939019543184,-0.1963486073422261,3, , ,0.6221911762199394,5
32,17,2,1,21,16, ,2, ,1,1,3,4,90, , ,2,2,3,1,2,1.2711939019543184,-0.1963486073422261,3, , ,0.6221911762199394,5
32,20,1,1,13,12, , , ,1,1,7,90, , , ,2,2,3,1,2,1.2711939019543184,-0.6476062627507513,2, , ,-0.3337738339446224,3
32,20,2,1,13,12, , , ,2, , , , , , ,2,2,3,1,2,1.2711939019543184,-0.6476062627507513,2, , ,-0.3337738339446224,3
32,21,1,1,13,95, , , ,2, , , , , , ,2,2,3,1,2,1.2711939019543184,-0.648542656729957,2, , ,-0.33575753409711956,3
32,21,2,1,13,95, , , ,2, , , , , , ,2,2,3,1,2,1.2711939019543184,-0.648542656729957,2, , ,-0.33575753409711956,3
32,24,1,9,13,95, , , ,2, , , , , , ,1,2,3,1,2,1.2711939019543184,-0.5927979661940912,2, , ,-0.21766541307482748,3
32,25,1,1,13,24, , , ,2, , , , , , ,1,2,3,1,2,1.2711939019543184,-0.6870615140937406,1, , ,-0.41735765639966743,2
32,26,1,1,12,24, , , ,2, , , , , , ,1,2,3,1,2,1.2711939019543184,-0.7820739927005276,1, , ,-0.6186364690435655,1
32,27,1,2,21,95, ,1,95,2, , , , , , ,2,2,3,1,2,1.2711939019543184,-0.4412644719730496,3, , ,0.10335012340875116,4
32,27,2,2,21,95, ,1,95,2, , , , , , ,2,2,3,1,2,1.2711939019543184,-0.4412644719730496,3, , ,0.10335012340875116,4
32,28,1,2,13,15, , , ,1,1,6,90, , , ,3,2,3,1,2,1.2711939019543184,-0.6402858443189031,2, , ,-0.31826592223002725,3
32,28,2,2,13,15, , , ,1,5,3,90, , , ,3,2,3,1,2,1.2711939019543184,-0.6402858443189031,2, , ,-0.31826592223002725,3
32,28,3,2,13,15, , , ,1,2,7,90, , , ,3,2,3,1,2,1.2711939019543184,-0.6402858443189031,2, , ,-0.31826592223002725,3
32,29,1,1,13,95, , , ,1,1,5,90, , , ,3,2,3,1,2,1.2711939019543184,-0.4084122357881816,3, , ,0.17294581430060826,5
32,29,2,1,13,95, , , ,2, , , , , , ,3,2,3,1,2,1.2711939019543184,-0.4084122357881816,3, , ,0.17294581430060826,5
32,29,3,1,13,95, , , ,2, , , , , , ,3,2,3,1,2,1.2711939019543184,-0.4084122357881816,3, , ,0.17294581430060826,5
32,30,1,1,12,95, , , ,1,1,2,6,90, , ,2,2,3,1,2,1.2711939019543184,-0.542393873589464,2, , ,-0.11088706079292263,4
32,30,2,1,12,95, , , ,1,3,4,5,90, , ,2,2,3,1,2,1.2711939019543184,-0.542393873589464,2, , ,-0.11088706079292263,4
33,2,1,1,12,13, , , ,2, , , , , , ,1,2,3,1,2,0.7483641519569778,-0.7241363556889331,1, , ,-0.49589870916100337,2
33,4,1,1,12,13, , , ,1,1,2,6,90, , ,2,2,3,1,2,0.7483641519569778,-0.854291069605541,1, , ,-0.7716244523611157,1
33,4,2,1,12,13, , , ,1,3,4,5,90, , ,2,2,3,1,2,0.7483641519569778,-0.854291069605541,1, , ,-0.7716244523611157,1
33,9,1,1,13,98, , , ,1,1,90, , , , ,1,2,3,1,2,0.7483641519569778,-0.6665915624443545,1, , ,-0.37399316761585283,2
34,18,1,2,13,98, , , ,1,1,2,90, , , ,1,2,3,1,2,0.7073578970552254,-0.6919734554362613,1, , ,-0.4277633392709743,2
34,23,1,2,13,98, , , ,1,1,2,4,7,90,90,1,2,3,1,2,0.7073578970552254,-0.7451886293448962,1, , ,-0.5404968157156511,1
34,28,1,1,12,98, , , ,1,1,2,90, , , ,1,2,3,2,2,0.7073578970552254,-0.19908399195656662,3, , ,0.6163964114124931,5
34,29,1,1,13,95, , , ,1,2,3,4,90, , ,1,2,3,1,2,0.7073578970552254,-0.5897042421251056,2, , ,-0.21111152545517783,3
35,4,1,2,21,12, ,2, ,2, , , , , , ,1,2,3,1,2,0.6868547696043494,-0.5621760153758038,2, , ,-0.15279446147011408,4
35,18,1,1,13,95, , , ,2, , , , , , ,1,2,3,1,2,0.6868547696043494,-0.6170266425799524,2, , ,-0.26899255753405077,3
35,22,1,1,13,95, , , ,1,1,90, , , , ,2,2,3,1,2,0.6868547696043494,-0.7559783818960002,1, , ,-0.5633543246876626,1
35,22,2,1,13,95, , , ,1,3,4,90, , , ,2,2,3,1,2,0.6868547696043494,-0.7559783818960002,1, , ,-0.5633543246876626,1
35,24,1,1,12,95, , , ,2, , , , , , ,2,2,3,1,2,0.6868547696043494,-0.6763025805323046,1, , ,-0.39456543579543896,2
35,24,2,1,12,95, , , ,2, , , , , , ,2,2,3,1,2,0.6868547696043494,-0.6763025805323046,1, , ,-0.39456543579543896,2
36,7,1,1,13,95, , , ,1,1,2,3,4,5,90,1,2,3,1,2,0.30754691176314153,-0.6783719828152611,1, , ,-0.39894935294509964,2
36,8,1,1,12,23, , , ,1,1,7,90, , , ,1,2,3,1,2,0.30754691176314153,-0.740829813930393,1, , ,-0.5312629002970667,1
37,1,1,1,12,12, , , ,1,1,2,90, , , ,1,2,3,2,6,1.0764141911709952,0.19819141928869521,4, , ,1.4580029481600851,5
37,2,1,1,12,98, , , ,1,1,90, , , , ,3,2,3,2,6,1.0764141911709952,2.162318121406596,5, , ,5.61889945650806,5
37,2,2,1,12,98, , , ,1,2,90, , , , ,3,2,3,2,6,1.0764141911709952,2.162318121406596,5, , ,5.61889945650806,5
37,2,3,1,12,98, , , ,1,3,90, , , , ,3,2,3,2,6,1.0764141911709952,2.162318121406596,5, , ,5.61889945650806,5
37,4,1,2,12,6, , , ,1,1,2,3,90, , ,1,2,3,1,6,1.0764141911709952,0.677962628667214,4, , ,2.474372384895706,5
37,8,1,1,13,95, , , ,1,1,90, , , , ,1,2,3,2,6,1.0764141911709952,0.1394970367840751,3, , ,1.3336620637559513,5
37,10,1,1,11,95, , , ,1,1,2,90, , , ,6,2,3,1,6,1.0764141911709952,2.3601990421069656,5, , ,6.038099516831574,5
37,10,2,1,12,99, , , ,1,4,6,90, , , ,6,2,3,1,6,1.0764141911709952,2.3601990421069656,5, , ,6.038099516831574,5
37,10,3,1,12,99, , , ,1,5,90, , , , ,6,2,3,1,6,1.0764141911709952,2.3601990421069656,5, , ,6.038099516831574,5
37,10,4,1,11,95, , , ,1,7,90, , , , ,6,2,3,1,6,1.0764141911709952,2.3601990421069656,5, , ,6.038099516831574,5
37,10,5,1,13,95, , , ,1,3,90, , , , ,6,2,3,1,6,1.0764141911709952,2.3601990421069656,5, , ,6.038099516831574,5
37,10,6,1,13,95, , , ,1,8,90, , , , ,6,2,3,1,6,1.0764141911709952,2.3601990421069656,5, , ,6.038099516831574,5
37,11,1,1,11,11, , , ,1,2,90, , , , ,1,2,3,9,6,1.0764141911709952,0.5925434257102613,4, , ,2.2934164094251805,5
37,12,1,1,13,12, , , ,1,1,90, , , , ,2,2,3,2,6,1.0764141911709952,0.5701623412702868,4, , ,2.246003288877043,5
37,12,2,1,13,12, , , ,1,2,90, , , , ,2,2,3,2,6,1.0764141911709952,0.5701623412702868,4, , ,2.246003288877043,5
37,13,1,1,13,2, , , ,1,1,90, , , , ,3,2,3,3,6,1.0764141911709952,1.5274143114483218,5, , ,4.27388997053976,5
37,13,2,1,13,24, , , ,1,2,90, , , , ,3,2,3,3,6,1.0764141911709952,1.5274143114483218,5, , ,4.27388997053976,5
37,13,3,1,13,24, , , ,1,3,90, , , , ,3,2,3,3,6,1.0764141911709952,1.5274143114483218,5, , ,4.27388997053976,5
37,14,1,1,12,95, , , ,1,1,2,12,90, , ,6,2,3,1,6,1.0764141911709952,1.1992079785906709,4, , ,3.578602551997696,5
37,14,2,1,12,95, , , ,1,5,90, , , , ,6,2,3,1,6,1.0764141911709952,1.1992079785906709,4, , ,3.578602551997696,5
37,14,3,1,12,95, , , ,1,9,8,90, , , ,6,2,3,1,6,1.0764141911709952,1.1992079785906709,4, , ,3.578602551997696,5
37,14,4,1,12,95, , , ,1,7,90, , , , ,6,2,3,1,6,1.0764141911709952,1.1992079785906709,4, , ,3.578602551997696,5
37,14,5,1,12,95, , , ,1,10,11,90, , , ,6,2,3,1,6,1.0764141911709952,1.1992079785906709,4, , ,3.578602551997696,5
37,14,6,1,12,95, , , ,1,3,6,90, , , ,6,2,3,1,6,1.0764141911709952,1.1992079785906709,4, , ,3.578602551997696,5
37,15,1,1,13,10, , , ,1,2,90, , , , ,1,2,3,1,6,1.0764141911709952,0.21118067088323766,4, , ,1.4855199772537309,5
37,17,1,2,12,95, , , ,1,3,2,90, , , ,1,2,3,2,6,1.0764141911709952,0.22034791294631828,4, , ,1.5049402852462461,5
37,20,1,1,13,7, , , ,1,3,4,5,90, , ,1,2,3,3,6,1.0764141911709952,0.0721651451015024,3, , ,1.1910230819120684,5
37,21,1,1,12,95, , , ,1,1,2,5,90, , ,1,2,3,1,6,1.0764141911709952,0.41957293471627166,4, , ,1.9269877512087494,5
37,22,1,1,12,12, , , ,1,7,90, , , , ,4,2,3,3,6,1.0764141911709952,0.12622664190656663,3, , ,1.3055494477772143,5
37,22,2,1,12,12, , , ,1,2,90, , , , ,4,2,3,3,6,1.0764141911709952,0.12622664190656663,3, , ,1.3055494477772143,5
37,22,3,1,12,12, , , ,1,4,3,5,8,90,90,4,2,3,3,6,1.0764141911709952,0.12622664190656663,3, , ,1.3055494477772143,5
37,22,4,1,12,12, , , ,2, , , , , , ,4,2,3,3,6,1.0764141911709952,0.12622664190656663,3, , ,1.3055494477772143,5
37,24,1,2,12,95, , , ,1,5,6,90, , , ,1,2,3,3,6,1.0764141911709952,0.14721800303993615,3, , ,1.3500185144372865,5
37,25,1,1,13,95, , , ,1,2,7,90, , , ,2,2,3,9,6,1.0764141911709952,0.5713786804564978,4, , ,2.248580037855312,5
37,25,2,1,13,95, , , ,1,3,4,90, , , ,2,2,3,9,6,1.0764141911709952,0.5713786804564978,4, , ,2.248580037855312,5
37,29,1,1,13,98, , , ,1,1,4,90, , , ,3,2,3,2,6,1.0764141911709952,0.24663442731145924,4, , ,1.5606268485013637,5
37,29,2,1,13,98, , , ,1,3,90, , , , ,3,2,3,2,6,1.0764141911709952,0.24663442731145924,4, , ,1.5606268485013637,5
37,29,3,1,13,98, , , ,1,2,90, , , , ,3,2,3,2,6,1.0764141911709952,0.24663442731145924,4, , ,1.5606268485013637,5
37,30,1,1,12,15, , , ,1,1,5,90, , , ,1,2,3,1,6,1.0764141911709952,0.2503699047481879,4, , ,1.5685402560258055,5
38,1,1,1,13,95, , , ,1,2,9,90, , , ,1,2,3,1,2,0.7278610245061017,-0.7509312308568835,1, , ,-0.5526622073649254,1
38,8,1,1,12,24, , , ,1,1,2,4,90, , ,3,2,3,1,2,0.7278610245061017,-0.6554979387007867,2, , ,-0.35049192390801864,3
38,8,2,1,12,24, , , ,1,3,90, , , , ,3,2,3,1,2,0.7278610245061017,-0.6554979387007867,2, , ,-0.35049192390801864,3
38,8,3,1,12,24, , , ,2, , , , , , ,3,2,3,1,2,0.7278610245061017,-0.6554979387007867,2, , ,-0.35049192390801864,3
38,13,1,1,12,95, , , ,1,3,4,90, , , ,1,2,3,1,2,0.7278610245061017,-0.7467257148510784,1, , ,-0.5437530484774222,1
38,17,1,1,13,98, , , ,1,1,2,3,90, , ,1,2,3,1,2,0.7278610245061017,-0.595803950918965,2, , ,-0.22403342962507738,3
38,25,1,2,11,95, , , ,1,1,2,90, , , ,1,2,3,1,2,0.7278610245061017,-0.7469159094097766,1, , ,-0.5441559653943098,1
38,30,1,1,13,12, , , ,1,1,2,8,90, , ,1,2,3,3,2,0.7278610245061017,-0.7820739927005276,1, , ,-0.6186364690435655,1
39,2,1,1,12,24, , , ,2, , , , , , ,1,2,3,1,2,0.5945906960754068,-0.36048408559234113,3, , ,0.2744790160978308,5
39,8,1,2,21,8, ,1,4,2, , , , , , ,3,2,3,2,2,0.5945906960754068,0.5655702200847619,4, , ,2.2362751277629167,5
39,8,2,2,21,10, ,1,4,2, , , , , , ,3,2,3,2,2,0.5945906960754068,0.5655702200847619,4, , ,2.2362751277629167,5
39,8,3,2,21,12, ,1,4,2, , , , , , ,3,2,3,2,2,0.5945906960754068,0.5655702200847619,4, , ,2.2362751277629167,5
39,10,1,1,12,95, , , ,1,1,90, , , , ,2,2,3,1,2,0.5945906960754068,-0.5059402451782309,2, , ,-0.03366201466460545,4
39,10,2,1,12,95, , , ,2, , , , , , ,2,2,3,1,2,0.5945906960754068,-0.5059402451782309,2, , ,-0.03366201466460545,4
39,11,1,1,12,95, , , ,1,8,1,90, , , ,2,2,3,2,2,0.5945906960754068,-0.5547816727912045,2, , ,-0.13712994542407103,4
39,11,2,1,12,95, , , ,1,7,6,90, , , ,2,2,3,2,2,0.5945906960754068,-0.5547816727912045,2, , ,-0.13712994542407103,4
39,16,1,1,12,12, , , ,2, , , , , , ,1,2,3,1,2,0.5945906960754068,0.1829449607863859,4, , ,1.4257041479459616,5
39,19,1,1,13,95, , , ,2, , , , , , ,1,2,3,1,2,0.5945906960754068,-0.6870615140937406,1, , ,-0.41735765639966743,2
39,21,1,1,13,95, , , ,2, , , , , , ,2,2,3,3,2,0.5945906960754068,1.525274194663356,5, , ,4.269356248530676,5
39,21,2,1,13,95, , , ,2, , , , , , ,2,2,3,3,2,0.5945906960754068,1.525274194663356,5, , ,4.269356248530676,5
39,24,1,1,12,95, , , ,1,5,1,90, , , ,1,2,3,1,2,0.5945906960754068,-0.5621587237291162,2, , ,-0.15275783004901075,4
39,25,1,1,12,36, , , ,2, , , , , , ,2,2,3,2,2,0.5945906960754068,-0.3929981138132361,3, , ,0.20559980054072324,5
39,25,2,1,12,36, , , ,2, , , , , , ,2,2,3,2,2,0.5945906960754068,-0.3929981138132361,3, , ,0.20559980054072324,5
39,27,1,1,12,24, , , ,2, , , , , , ,2,2,3,2,2,0.5945906960754068,-0.18086846981869836,3, , ,0.6549850128400204,5
39,27,2,1,12,24, , , ,2, , , , , , ,2,2,3,2,2,0.5945906960754068,-0.18086846981869836,3, , ,0.6549850128400204,5
39,29,1,1,11,36, , , ,1,1,90, , , , ,2,2,3,1,2,0.5945906960754068,-0.47236026833722716,3, , ,0.037475355565877354,4
39,29,2,1,12,36, , , ,2, , , , , , ,2,2,3,1,2,0.5945906960754068,-0.47236026833722716,3, , ,0.037475355565877354,4
40,3,1,1,11,24, , , ,2, , , , , , ,1,2,3,1,2,0.820125098035044,-0.6660048427036138,2, , ,-0.37275023348232966,2
40,14,1,1,12,12, , , ,1,1,2,3,90, , ,1,2,3,1,2,0.820125098035044,-0.42840150958960693,3, , ,0.13059961561847785,4
40,25,1,1,12,24, , , ,1,1,2,90, , , ,3,2,3,1,2,0.820125098035044,0.4012544134675545,4, , ,1.8881809517188304,5
40,25,2,1,12,24, , , ,1,4,5,90, , , ,3,2,3,1,2,0.820125098035044,0.4012544134675545,4, , ,1.8881809517188304,5
40,25,3,1,12,24, , , ,1,3,90, , , , ,3,2,3,1,2,0.820125098035044,0.4012544134675545,4, , ,1.8881809517188304,5
41,1,1,1,12,24, , , ,2, , , , , , ,1,2,3,1,2,1.3327032843069464,-0.5031593843628868,2, , ,-0.027770910977511252,4
41,10,1,1,21,95, ,2, ,2, , , , , , ,1,2,3,1,2,1.3327032843069464,-0.6851388248574072,1, , ,-0.4132845429281835,2
42,3,1,1,99,10,9,9, ,2, , , , , , ,1,2,3,1,2,0.30754691176314153,-0.8633904657828488,1, , ,-0.7909010325030223,1
43,1,1,2,12,95, , , ,1,1,2,90, , , ,2,2,3,2,2,1.0456594999946813,2.7596791879988958,5, , ,6.884376665043928,5
43,1,2,2,12,95, , , ,1,3,90, , , , ,2,2,3,2,2,1.0456594999946813,2.7596791879988958,5, , ,6.884376665043928,5
43,13,1,1,13,95, , , ,1,1,2,90, , , ,2,2,3,1,2,1.0456594999946813,0.6332096122482191,4, , ,2.3795655327944423,5
43,13,2,1,13,95, , , ,1,6,90, , , , ,2,2,3,1,2,1.0456594999946813,0.6332096122482191,4, , ,2.3795655327944423,5
43,20,1,2,13,7, , , ,2, , , , , , ,1,2,3,1,2,1.0456594999946813,0.34815697992072314,4, , ,1.7756969018818114,5
44,10,1,1,21,98, ,2, ,2, , , , , , ,1,2,3,1,2,0.604842259800845,0.5109447985341047,4, , ,2.120554117732311,5
44,12,1,1,12,95, , , ,1,2,11,90, , , ,2,2,3,1,2,0.604842259800845,1.1768343131670909,4, , ,3.531205148235741,5
44,12,2,1,12,95, , , ,2, , , , , , ,2,2,3,1,2,0.604842259800845,1.1768343131670909,4, , ,3.531205148235741,5
44,17,1,1,11,24, , , ,2, , , , , , ,1,2,3,1,2,0.604842259800845,-0.7287622658537952,1, , ,-0.505698450405879,2
45,4,1,2,21,12, ,2, ,1,1,90, , , , ,2,2,3,1,2,0.973898553916615,-0.4828629551375806,3, , ,0.015225979907605913,4
45,4,2,2,21,12, ,2, ,1,2,90, , , , ,2,2,3,1,2,0.973898553916615,-0.4828629551375806,3, , ,0.015225979907605913,4
45,5,1,1,21,95, ,2, ,2, , , , , , ,1,2,3,1,2,0.973898553916615,-0.5826445541832874,2, , ,-0.19615595722454196,4
45,7,1,2,12,95, , , ,2, , , , , , ,2,2,3,1,2,0.973898553916615,-0.5423964541746237,2, , ,-0.1108925276234326,4
45,7,2,2,12,95, , , ,2, , , , , , ,2,2,3,1,2,0.973898553916615,-0.5423964541746237,2, , ,-0.1108925276234326,4
45,11,1,1,13,98, , , ,1,1,90, , , , ,2,2,3,1,2,0.973898553916615,-0.5706881819353022,2, , ,-0.17082702733142155,4
45,11,2,1,13,98, , , ,1,2,3,90, , , ,2,2,3,1,2,0.973898553916615,-0.5706881819353022,2, , ,-0.17082702733142155,4
45,22,1,1,11,12, , , ,2, , , , , , ,1,2,3,1,2,0.973898553916615,-0.6561179408328068,2, , ,-0.3518053649928066,3
45,27,1,1,12,12, , , ,2, , , , , , ,3,2,3,1,2,0.973898553916615,0.39855976096164747,4, , ,1.8824724756867344,5
45,27,2,1,12,12, , , ,2, , , , , , ,3,2,3,1,2,0.973898553916615,0.39855976096164747,4, , ,1.8824724756867344,5
45,27,3,1,12,12, , , ,2, , , , , , ,3,2,3,1,2,0.973898553916615,0.39855976096164747,4, , ,1.8824724756867344,5
46,1,1,2,11,12, , , ,1,1,6,4,90, , ,2,1,3,3,6,1.530456024513762,2.1136130182734503,5,1.2744038071832633,5, , 
46,1,2,2,11,12, , , ,1,5,90, , , , ,2,1,3,3,6,1.530456024513762,2.1136130182734503,5,1.2744038071832633,5, , 
46,3,1,1,12,36, , , ,1,1,90, , , , ,3,1,3,3,6,1.530456024513762,2.4845191126410757,5,1.6050526605372917,5, , 
46,3,2,1,12,36, , , ,1,3,90, , , , ,3,1,3,3,6,1.530456024513762,2.4845191126410757,5,1.6050526605372917,5, , 
46,3,3,1,13,36, , , ,1,2,4,90, , , ,3,1,3,3,6,1.530456024513762,2.4845191126410757,5,1.6050526605372917,5, , 
46,4,1,1,13,12, , , ,1,1,90, , , , ,2,1,3,3,9,1.530456024513762,2.1434841907342226,5,1.301032835588241,5, , 
46,4,2,1,13,12, , , ,1,2,3,4,5,90,90,2,1,3,3,9,1.530456024513762,2.1434841907342226,5,1.301032835588241,5, , 
46,6,1,1,13,24, , , ,1,1,90, , , , ,5,1,3,3,6,1.530456024513762,2.987702622692922,5,2.053621862154111,5, , 
46,6,2,1,13,24, , , ,1,2,90, , , , ,5,1,3,3,6,1.530456024513762,2.987702622692922,5,2.053621862154111,5, , 
46,6,3,1,13,24, , , ,1,4,90, , , , ,5,1,3,3,6,1.530456024513762,2.987702622692922,5,2.053621862154111,5, , 
46,6,4,1,13,24, , , ,1,3,90, , , , ,5,1,3,3,6,1.530456024513762,2.987702622692922,5,2.053621862154111,5, , 
46,6,5,1,13,24, , , ,1,5,90, , , , ,5,1,3,3,6,1.530456024513762,2.987702622692922,5,2.053621862154111,5, , 
46,8,1,1,21,24, ,1,1,1,1,90, , , , ,2,1,3,3,6,1.530456024513762,3.311837977131343,5,2.3425763573863687,5, , 
46,8,2,1,21,24, ,1,1,2, , , , , , ,2,1,3,3,6,1.530456024513762,3.311837977131343,5,2.3425763573863687,5, , 
46,9,1,1,13,24, , , ,1,1,3,5,90, , ,2,1,3,2,6,1.530456024513762,1.936510728658405,5,1.1165237672571815,5, , 
46,9,2,1,13,24, , , ,1,2,4,90, , , ,2,1,3,2,6,1.530456024513762,1.936510728658405,5,1.1165237672571815,5, , 
46,10,1,1,21,12, ,1,12,1,2,6,90, , , ,2,1,3,3,6,1.530456024513762,2.1248881973569067,5,1.284455205884766,5, , 
46,10,2,1,21,12, ,1,12,1,3,4,5,90, , ,2,1,3,3,6,1.530456024513762,2.1248881973569067,5,1.284455205884766,5, , 
46,11,1,1,11,95, , , ,1,1,2,90, , , ,3,1,3,3,6,1.530456024513762,2.253921852001177,5,1.3994838630033526,5, , 
46,11,2,1,11,95, , , ,1,3,4,90, , , ,3,1,3,3,6,1.530456024513762,2.253921852001177,5,1.3994838630033526,5, , 
46,11,3,1,11,95, , , ,1,5,90, , , , ,3,1,3,3,6,1.530456024513762,2.253921852001177,5,1.3994838630033526,5, , 
46,12,1,1,21,3, ,1,0,1,1,5,6,90, , ,2,1,3,2,6,1.530456024513762,2.1868343904844685,5,1.3396779106025114,5, , 
46,12,2,1,21,3, ,1,0,1,2,4,90, , , ,2,1,3,2,6,1.530456024513762,2.1868343904844685,5,1.3396779106025114,5, , 
46,13,1,1,13,95, , , ,1,4,3,90, , , ,2,1,3,3,6,1.530456024513762,2.4963434213315594,5,1.61559358766031,5, , 
46,13,2,1,11,5, , , ,1,1,2,90, , , ,2,1,3,3,6,1.530456024513762,2.4963434213315594,5,1.61559358766031,5, , 
46,14,1,1,11,95, , , ,1,1,90, , , , ,3,1,3,3,2,1.530456024513762,1.9941849412718686,5,1.1679381617854014,5, , 
46,14,2,1,21,95, ,1,7,1,2,90, , , , ,3,1,3,3,2,1.530456024513762,1.9941849412718686,5,1.1679381617854014,5, , 
46,14,3,1,21,95, ,1,7,1,3,90, , , , ,3,1,3,3,2,1.530456024513762,1.9941849412718686,5,1.1679381617854014,5, , 
46,15,1,1,13,95, , , ,1,1,90, , , , ,2,1,3,3,6,1.530456024513762,2.555573472277816,5,1.6683949536310436,5, , 
46,15,2,1,13,95, , , ,1,2,90, , , , ,2,1,3,3,6,1.530456024513762,2.555573472277816,5,1.6683949536310436,5, , 
46,19,1,1,13,10, , , ,1,1,90, , , , ,3,1,3,1,6,1.530456024513762,2.2399780396531286,5,1.38705347796984,5, , 
46,19,2,1,13,10, , , ,1,3,4,90, , , ,3,1,3,1,6,1.530456024513762,2.2399780396531286,5,1.38705347796984,5, , 
46,19,3,1,13,10, , , ,1,2,6,90, , , ,3,1,3,1,6,1.530456024513762,2.2399780396531286,5,1.38705347796984,5, , 
46,20,1,2,13,24, , , ,1,1,4,90, , , ,2,1,3,3,6,1.530456024513762,2.183520070729802,5,1.3367233190140462,5, , 
46,20,2,2,13,24, , , ,1,3,90, , , , ,2,1,3,3,6,1.530456024513762,2.183520070729802,5,1.3367233190140462,5, , 
46,21,1,1,13,95, , , ,1,2,5,90, , , ,3,1,3,1,2,1.530456024513762,1.82817487957918,5,1.019946426471628,4, , 
46,21,2,1,13,95, , , ,1,3,4,90, , , ,3,1,3,1,2,1.530456024513762,1.82817487957918,5,1.019946426471628,4, , 
46,21,3,1,12,2, , , ,2, , , , , , ,3,1,3,1,2,1.530456024513762,1.82817487957918,5,1.019946426471628,4, , 
46,22,1,1,12,95, , , ,1,1,4,90, , , ,2,1,3,3,6,1.530456024513762,2.366096777584593,5,1.499483596311772,5, , 
46,22,2,1,12,95, , , ,1,2,3,90, , , ,2,1,3,3,6,1.530456024513762,2.366096777584593,5,1.499483596311772,5, , 
46,24,1,1,11,6, , , ,1,1,4,90, , , ,2,1,3,3,6,1.530456024513762,2.8316353462689707,5,1.9144937464954914,5, , 
46,24,2,1,11,6, , , ,1,3,90, , , , ,2,1,3,3,6,1.530456024513762,2.8316353462689707,5,1.9144937464954914,5, , 
46,25,1,1,13,36, , , ,1,1,2,90, , , ,2,1,3,2,6,1.530456024513762,1.5420183508599257,5,0.7648486280326245,4, , 
46,25,2,1,13,36, , , ,1,4,7,6,90, , ,2,1,3,2,6,1.530456024513762,1.5420183508599257,5,0.7648486280326245,4, , 
46,28,1,1,13,6, , , ,2, , , , , , ,1,1,3,1,6,1.530456024513762,2.809057832137833,5,1.8943667405702511,5, , 
47,5,1,1,11,8, , , ,1,2,90, , , , ,1,1,3,3,2,1.202501162117956,2.0214323151729165,5,1.1922281723139434,5, , 
47,9,1,1,13,95, , , ,1,2,90, , , , ,1,1,3,2,2,1.202501162117956,0.29919063121478523,4,-0.34308560830796975,3, , 
47,16,1,1,11,95, , , ,2, , , , , , ,3,1,3,3,2,1.202501162117956,1.5467711570664529,5,0.769085576269028,4, , 
47,16,2,1,11,95, , , ,2, , , , , , ,3,1,3,3,2,1.202501162117956,1.5467711570664529,5,0.769085576269028,4, , 
47,16,3,1,11,95, , , ,2, , , , , , ,3,1,3,3,2,1.202501162117956,1.5467711570664529,5,0.769085576269028,4, , 
47,18,1,1,13,95, , , ,1,8,7,1,90, , ,1,1,3,1,2,1.202501162117956,-0.22525588235105876,3,-0.8106099790026997,2, , 
47,19,1,1,13,98, , , ,1,3,4,90, , , ,2,1,3,3,2,1.202501162117956,0.4358699376138921,4,-0.22124113979056795,3, , 
47,19,2,1,13,98, , , ,1,1,7,90, , , ,2,1,3,3,2,1.202501162117956,0.4358699376138921,4,-0.22124113979056795,3, , 
47,23,1,2,13,6, , , ,1,1,3,90, , , ,1,1,3,2,2,1.202501162117956,0.5787000865094762,4,-0.09391342618901918,3, , 
47,27,1,1,12,7, , , ,1,1,6,90, , , ,1,1,3,1,2,1.202501162117956,1.7104555477762093,5,0.9150040632445761,4, , 
48,1,1,1,11,95, , , ,1,5,4,90, , , ,2,1,3,2,2,0.7496111140475569,2.4047727622245905,5,1.533961784100399,5, , 
48,1,2,9,11,95, , , ,1,2,6,90, , , ,2,1,3,2,2,0.7496111140475569,2.4047727622245905,5,1.533961784100399,5, , 
48,4,1,1,13,6, , , ,2, , , , , , ,3,1,3,1,2,0.7496111140475569,1.18050354620648,4,0.4425717567588671,4, , 
48,4,2,1,13,6, , , ,2, , , , , , ,3,1,3,1,2,0.7496111140475569,1.18050354620648,4,0.4425717567588671,4, , 
48,4,3,1,13,6, , , ,2, , , , , , ,3,1,3,1,2,0.7496111140475569,1.18050354620648,4,0.4425717567588671,4, , 
48,5,1,1,12,95, , , ,2, , , , , , ,2,1,3,2,2,0.7496111140475569,0.647828086737132,4,-0.032288410161980106,3, , 
48,5,2,1,12,95, , , ,2, , , , , , ,2,1,3,2,2,0.7496111140475569,0.647828086737132,4,-0.032288410161980106,3, , 
48,6,1,1,11,0, , , ,1,5,4,90, , , ,1,1,3,1,2,0.7496111140475569,1.647051793477942,5,0.8584819974834141,4, , 
48,8,1,1,13,95, , , ,2, , , , , , ,1,1,3,3,2,0.7496111140475569,2.0686463052938002,5,1.2343176713348611,5, , 
48,9,1,2,13,26, , , ,1,1,2,3,90, , ,1,1,3,2,2,0.7496111140475569,1.17711947158324,4,0.4395549813247873,4, , 
48,10,1,1,21,95, ,1,1,1,1,90, , , , ,1,1,3,3,2,0.7496111140475569,2.3321067018526884,5,1.4691827203303935,5, , 
48,13,1,1,12,24, , , ,1,5,90, , , , ,3,1,3,1,2,0.7496111140475569,2.576758807835323,5,1.6872808846426466,5, , 
48,13,2,1,12,24, , , ,1,4,90, , , , ,3,1,3,1,2,0.7496111140475569,2.576758807835323,5,1.6872808846426466,5, , 
48,13,3,1,12,24, , , ,1,2,90, , , , ,3,1,3,1,2,0.7496111140475569,2.576758807835323,5,1.6872808846426466,5, , 
48,14,1,2,11,95, , , ,2, , , , , , ,1,1,3,3,2,0.7496111140475569,1.208572564758597,5,0.46759423263609423,4, , 
48,18,1,1,13,16, , , ,1,3,90, , , , ,6,1,3,3,2,0.7496111140475569,2.647316837918398,5,1.7501807185794922,5, , 
48,18,2,1,13,16, , , ,1,4,90, , , , ,6,1,3,3,2,0.7496111140475569,2.647316837918398,5,1.7501807185794922,5, , 
48,18,3,1,13,16, , , ,1,5,90, , , , ,6,1,3,3,2,0.7496111140475569,2.647316837918398,5,1.7501807185794922,5, , 
48,18,4,1,11,5, , , ,1,1,90, , , , ,6,1,3,3,2,0.7496111140475569,2.647316837918398,5,1.7501807185794922,5, , 
48,18,5,1,11,5, , , ,1,2,90, , , , ,6,1,3,3,2,0.7496111140475569,2.647316837918398,5,1.7501807185794922,5, , 
48,18,6,1,11,5, , , ,2, , , , , , ,6,1,3,3,2,0.7496111140475569,2.647316837918398,5,1.7501807185794922,5, , 
48,19,1,1,11,95, , , ,2, , , , , , ,6,1,3,3,2,0.7496111140475569,1.7894648268033015,5,0.9854378682193287,4, , 
48,19,2,1,11,95, , , ,2, , , , , , ,6,1,3,3,2,0.7496111140475569,1.7894648268033015,5,0.9854378682193287,4, , 
48,19,3,1,11,95, , , ,2, , , , , , ,6,1,3,3,2,0.7496111140475569,1.7894648268033015,5,0.9854378682193287,4, , 
48,19,4,1,11,95, , , ,1,1,2,90, , , ,6,1,3,3,2,0.7496111140475569,1.7894648268033015,5,0.9854378682193287,4, , 
48,19,5,1,11,95, , , ,1,3,7,90, , , ,6,1,3,3,2,0.7496111140475569,1.7894648268033015,5,0.9854378682193287,4, , 
48,19,6,1,11,95, , , ,2, , , , , , ,6,1,3,3,2,0.7496111140475569,1.7894648268033015,5,0.9854378682193287,4, , 
48,24,1,2,11,95, , , ,1,2,3,4,90, , ,1,1,3,1,2,0.7496111140475569,-0.5453929286931652,2,-1.0960001327278264,1, , 
48,28,1,2,12,13, , , ,1,1,3,90, , , ,1,1,3,3,2,0.7496111140475569,1.1895271647674064,4,0.4506159738142958,4, , 
49,1,1,1,12,15, , , ,1,1,5,90, , , ,2,1,3,2,2,1.8271770904909201,0.3401412648448309,4,-0.30657965637158824,3, , 
49,1,2,1,12,15, , , ,1,2,3,90, , , ,2,1,3,2,2,1.8271770904909201,0.3401412648448309,4,-0.30657965637158824,3, , 
49,2,1,1,12,24, , , ,1,1,2,8,90, , ,4,1,3,3,2,1.8271770904909201,3.7669663231773463,5,2.7483061850550126,5, , 
49,2,2,1,12,24, , , ,1,3,4,90, , , ,4,1,3,3,2,1.8271770904909201,3.7669663231773463,5,2.7483061850550126,5, , 
49,2,3,1,12,24, , , ,1,5,6,7,90, , ,4,1,3,3,2,1.8271770904909201,3.7669663231773463,5,2.7483061850550126,5, , 
49,2,4,1,12,24, , , ,1,9,10,90, , , ,4,1,3,3,2,1.8271770904909201,3.7669663231773463,5,2.7483061850550126,5, , 
49,5,1,2,21,95, ,2, ,1,9,10,90, , , ,3,1,3,3,2,1.8271770904909201,2.1250120021341594,5,1.2845655731940662,5, , 
49,5,2,1,21,95, ,2, ,1,8,7,90, , , ,3,1,3,3,2,1.8271770904909201,2.1250120021341594,5,1.2845655731940662,5, , 
49,5,3,1,21,95, ,2, ,1,1,90, , , , ,3,1,3,3,2,1.8271770904909201,2.1250120021341594,5,1.2845655731940662,5, , 
49,6,1,2,12,98, , , ,1,1,2,4,90, , ,3,1,3,3,2,1.8271770904909201,3.0274541207305923,5,2.089058829744708,5, , 
49,6,2,2,12,98, , , ,1,3,6,90, , , ,3,1,3,3,2,1.8271770904909201,3.0274541207305923,5,2.089058829744708,5, , 
49,6,3,1,12,98, , , ,1,7,90, , , , ,3,1,3,3,2,1.8271770904909201,3.0274541207305923,5,2.089058829744708,5, , 
49,8,1,1,13,98, , , ,2, , , , , , ,1,1,3,1,2,1.8271770904909201,-0.19498113492299096,3,-0.7836211786710673,2, , 
49,9,1,1,12,4, , , ,1,5,6,90, , , ,1,1,3,3,2,1.8271770904909201,1.0986831526155103,4,0.36963194872482896,4, , 
49,12,1,1,12,95, , , ,2, , , , , , ,1,1,3,1,2,1.8271770904909201,-0.5936048554202041,2,-1.1389792547545559,1, , 
49,13,1,2,13,98, , , ,1,11,9,90, , , ,1,1,3,1,2,1.8271770904909201,1.908833884025686,5,1.0918508997005874,4, , 
49,16,1,1,12,24, , , ,1,2,4,90, , , ,2,1,3,3,6,1.8271770904909201,2.0997385637999058,5,1.262035252090062,5, , 
49,16,2,1,12,24, , , ,1,6,90, , , , ,2,1,3,3,6,1.8271770904909201,2.0997385637999058,5,1.262035252090062,5, , 
49,18,1,1,21,95, ,2, ,1,8,90, , , , ,1,1,3,9,2,1.8271770904909201,1.7367921427246378,5,0.9384821485421344,4, , 
49,19,1,1,21,95, ,2, ,2, , , , , , ,2,1,3,3,2,1.8271770904909201,3.0875220700891886,5,2.1426071506818722,5, , 
49,19,2,1,21,95, ,2, ,2, , , , , , ,2,1,3,3,2,1.8271770904909201,3.0875220700891886,5,2.1426071506818722,5, , 
49,21,1,1,11,95, , , ,1,1,3,4,90, , ,1,1,3,2,2,1.8271770904909201,-0.20437913677998998,3,-0.7919991443745799,2, , 
49,22,1,2,21,95, ,2, ,1,7,6,90, , , ,1,1,3,2,2,1.8271770904909201,1.2832089773673503,5,0.5341297914265688,4, , 
49,23,1,1,21,11, ,2, ,1,3,4,5,6,90,90,2,1,3,2,2,1.8271770904909201,2.1236612450702355,5,1.2833614240007027,5, , 
49,23,2,1,21,11, ,2, ,1,2,1,90, , , ,2,1,3,2,2,1.8271770904909201,2.1236612450702355,5,1.2833614240007027,5, , 
49,24,1,1,21,95, ,2, ,1,2,90, , , , ,7,1,3,3,2,1.8271770904909201,4.033605108733538,5,2.986004648473846,5, , 
49,24,2,1,21,95, ,2, ,1,5,90, , , , ,7,1,3,3,2,1.8271770904909201,4.033605108733538,5,2.986004648473846,5, , 
49,24,3,1,21,95, ,2, ,1,6,90, , , , ,7,1,3,3,2,1.8271770904909201,4.033605108733538,5,2.986004648473846,5, , 
49,24,4,1,21,95, ,2, ,1,4,90, , , , ,7,1,3,3,2,1.8271770904909201,4.033605108733538,5,2.986004648473846,5, , 
49,24,5,1,21,95, ,2, ,2, , , , , , ,7,1,3,3,2,1.8271770904909201,4.033605108733538,5,2.986004648473846,5, , 
49,24,6,1,21,95, ,2, ,2, , , , , , ,7,1,3,3,2,1.8271770904909201,4.033605108733538,5,2.986004648473846,5, , 
49,24,7,1,21,95, ,2, ,2, , , , , , ,7,1,3,3,2,1.8271770904909201,4.033605108733538,5,2.986004648473846,5, , 
49,25,1,1,21,3, ,2, ,1,2,90, , , , ,2,1,3,3,2,1.8271770904909201,3.5280535215299302,5,2.5353243950118998,5, , 
49,25,2,1,12,10, , , ,1,3,4,90, , , ,2,1,3,3,2,1.8271770904909201,3.5280535215299302,5,2.5353243950118998,5, , 
49,26,1,1,12,95, , , ,1,2,6,90, , , ,1,1,3,1,2,1.8271770904909201,0.17551156577528992,4,-0.45334085024781867,2, , 
49,29,1,2,21,95, ,1,3,1,2,1,90, , , ,3,1,3,3,2,1.8271770904909201,2.4652906458639516,5,1.5879112045511024,5, , 
49,29,2,2,21,95, ,1,3,1,3,90, , , , ,3,1,3,3,2,1.8271770904909201,2.4652906458639516,5,1.5879112045511024,5, , 
49,29,3,2,21,95, ,1,3,2, , , , , , ,3,1,3,3,2,1.8271770904909201,2.4652906458639516,5,1.5879112045511024,5, , 
50,1,1,9,13,95, , , ,1,2,90, , , , ,2,1,3,3,2,1.6553912101883548,2.490325580878132,5,1.6102289089025084,5, , 
50,1,2,9,21,95, ,2, ,1,3,10,90, , , ,2,1,3,3,2,1.6553912101883548,2.490325580878132,5,1.6102289089025084,5, , 
50,3,1,9,12,99, , , ,1,1,2,90, , , ,2,1,3,3,2,1.6553912101883548,3.047015880370447,5,2.106497403800852,5, , 
50,3,2,9,12,99, , , ,1,7,8,90, , , ,2,1,3,3,2,1.6553912101883548,3.047015880370447,5,2.106497403800852,5, , 
50,4,1,2,12,13, , , ,1,1,3,90, , , ,3,1,3,3,2,1.6553912101883548,2.1490956005412616,5,1.306035196688725,5, , 
50,4,2,2,12,11, , , ,1,2,4,90, , , ,3,1,3,3,2,1.6553912101883548,2.1490956005412616,5,1.306035196688725,5, , 
50,4,3,2,12,11, , , ,1,5,6,90, , , ,3,1,3,3,2,1.6553912101883548,2.1490956005412616,5,1.306035196688725,5, , 
50,6,1,2,12,95, , , ,1,2,3,4,90, , ,1,1,3,3,2,1.6553912101883548,1.392677555478881,5,0.6317169176035737,4, , 
50,10,1,1,11,95, , , ,1,3,4,90, , , ,2,1,3,3,6,1.6553912101883548,2.0050398597133463,5,1.1776149139079175,5, , 
50,10,2,1,11,95, , , ,1,1,2,5,90, , ,2,1,3,3,6,1.6553912101883548,2.0050398597133463,5,1.1776149139079175,5, , 
50,13,1,1,13,98, , , ,1,2,3,90, , , ,2,1,3,3,2,1.6553912101883548,2.6809000343518647,5,1.7801188769471004,5, , 
50,13,2,1,13,98, , , ,2, , , , , , ,2,1,3,3,2,1.6553912101883548,2.6809000343518647,5,1.7801188769471004,5, , 
50,14,1,2,11,95, , , ,2, , , , , , ,3,1,3,3,2,1.6553912101883548,1.8291483507113386,5,1.020814239426199,4, , 
50,14,2,2,21,95, ,1,98,2, , , , , , ,3,1,3,3,2,1.6553912101883548,1.8291483507113386,5,1.020814239426199,4, , 
50,14,3,2,21,95, ,1,98,2, , , , , , ,3,1,3,3,2,1.6553912101883548,1.8291483507113386,5,1.020814239426199,4, , 
50,16,1,1,13,6, , , ,1,2,90, , , , ,1,1,3,3,6,1.6553912101883548,0.6416127515555388,4,-0.037829148052816196,3, , 
50,18,1,2,12,6, , , ,1,1,90, , , , ,1,1,3,3,6,1.6553912101883548,0.8526485678909492,4,0.15030135653461504,3, , 
50,23,1,1,12,4, , , ,1,2,3,90, , , ,1,1,3,2,2,1.6553912101883548,0.607057017048522,4,-0.06863428758828741,3, , 
50,25,1,1,12,95, , , ,1,1,90, , , , ,1,1,3,2,2,1.6553912101883548,-0.15176161434885083,3,-0.7450925992344992,2, , 
50,26,1,2,12,11, , , ,1,1,2,90, , , ,1,1,3,3,6,1.6553912101883548,2.0224534827835927,5,1.1931385048878203,5, , 
50,30,1,2,21,5, ,2, ,1,3,4,90, , , ,3,1,3,3,2,1.6553912101883548,2.882662605768669,5,1.9599826319562164,5, , 
50,30,2,2,21,5, ,2, ,1,2,90, , , , ,3,1,3,3,2,1.6553912101883548,2.882662605768669,5,1.9599826319562164,5, , 
50,30,3,2,21,5, ,2, ,2, , , , , , ,3,1,3,3,2,1.6553912101883548,2.882662605768669,5,1.9599826319562164,5, , 
51,3,1,1,11,2, , , ,1,1,90, , , , ,1,1,3,3,9,1.9208784797468645,2.8718302827109317,5,1.9503260227697108,5, , 
51,5,1,1,11,20, , , ,1,1,2,3,90, , ,1,1,3,2,2,1.9208784797468645,-0.3584492806320695,3,-0.9293468913498231,1, , 
51,8,1,1,12,95, , , ,1,1,7,90, , , ,2,1,3,2,2,1.9208784797468645,1.2458148404486864,5,0.5007943227403497,4, , 
51,8,2,1,12,95, , , ,2, , , , , , ,2,1,3,2,2,1.9208784797468645,1.2458148404486864,5,0.5007943227403497,4, , 
51,12,1,2,13,98, , , ,1,1,90, , , , ,4,1,3,2,2,1.9208784797468645,3.686902514852536,5,2.676932306815319,5, , 
51,12,2,2,13,98, , , ,1,3,4,90, , , ,4,1,3,2,2,1.9208784797468645,3.686902514852536,5,2.676932306815319,5, , 
51,12,3,2,13,98, , , ,1,7,8,90, , , ,4,1,3,2,2,1.9208784797468645,3.686902514852536,5,2.676932306815319,5, , 
51,12,4,2,13,98, , , ,1,6,2,90, , , ,4,1,3,2,2,1.9208784797468645,3.686902514852536,5,2.676932306815319,5, , 
51,14,1,1,13,95, , , ,1,1,3,90, , , ,1,1,3,3,2,1.9208784797468645,1.911556626999571,5,1.094278122806284,5, , 
51,17,1,1,13,95, , , ,1,1,90, , , , ,1,1,3,1,2,1.9208784797468645,0.9536808769182298,4,0.240367865656111,4, , 
51,18,1,1,13,95, , , ,1,1,2,90, , , ,10,1,3,3,2,1.9208784797468645,3.6006426061229067,5,2.6000348377659006,5, , 
51,18,2,1,13,95, , , ,1,3,90, , , , ,10,1,3,3,2,1.9208784797468645,3.6006426061229067,5,2.6000348377659006,5, , 
51,18,3,9,13,95, , , ,1,4,90, , , , ,10,1,3,3,2,1.9208784797468645,3.6006426061229067,5,2.6000348377659006,5, , 
51,18,4,1,13,95, , , ,1,5,90, , , , ,10,1,3,3,2,1.9208784797468645,3.6006426061229067,5,2.6000348377659006,5, , 
51,18,5,1,13,95, , , ,1,6,90, , , , ,10,1,3,3,2,1.9208784797468645,3.6006426061229067,5,2.6000348377659006,5, , 
51,18,6,1,13,95, , , ,1,7,90, , , , ,10,1,3,3,2,1.9208784797468645,3.6006426061229067,5,2.6000348377659006,5, , 
51,18,7,1,13,95, , , ,1,8,90, , , , ,10,1,3,3,2,1.9208784797468645,3.6006426061229067,5,2.6000348377659006,5, , 
51,18,8,1,13,95, , , ,1,9,90, , , , ,10,1,3,3,2,1.9208784797468645,3.6006426061229067,5,2.6000348377659006,5, , 
51,18,9,1,13,95, , , ,1,10,90, , , , ,10,1,3,3,2,1.9208784797468645,3.6006426061229067,5,2.6000348377659006,5, , 
51,18,10,1,13,98, , , ,1,11,90, , , , ,10,1,3,3,2,1.9208784797468645,3.6006426061229067,5,2.6000348377659006,5, , 
51,20,1,1,21,18, ,2, ,1,1,90, , , , ,1,1,3,3,2,1.9208784797468645,2.344950329001826,5,1.4806323315777081,5, , 
51,21,1,1,11,95, , , ,1,1,90, , , , ,3,1,3,2,6,1.9208784797468645,0.9762276262707561,4,0.2604674459366237,4, , 
51,21,2,1,11,95, , , ,1,2,90, , , , ,3,1,3,2,6,1.9208784797468645,0.9762276262707561,4,0.2604674459366237,4, , 
51,21,3,1,11,95, , , ,2, , , , , , ,3,1,3,2,6,1.9208784797468645,0.9762276262707561,4,0.2604674459366237,4, , 
51,22,1,1,13,95, , , ,1,1,2,90, , , ,2,1,3,3,2,1.9208784797468645,2.00202408540575,5,1.1749264643733222,5, , 
51,22,2,1,13,95, , , ,2, , , , , , ,2,1,3,3,2,1.9208784797468645,2.00202408540575,5,1.1749264643733222,5, , 
51,23,1,1,21,95, ,2, ,1,1,4,90, , , ,1,1,3,2,2,1.9208784797468645,1.0268198771330546,4,0.3055685375343207,4, , 
51,28,1,1,12,0, , , ,1,1,4,90, , , ,1,1,3,2,2,1.9208784797468645,1.0855257888521246,4,0.35790265306862623,4, , 
51,30,1,1,13,95, , , ,1,2,3,4,90, , ,1,1,3,3,2,1.9208784797468645,1.4843707488587912,5,0.7134579558659063,4, , 
52,1,1,1,21,24, ,1,6,2, , , , , , ,3,1,3,3,6,1.1868842639086319,0.9976342707607402,4,0.27955066555003644,4, , 
52,1,2,1,21,24, ,1,6,2, , , , , , ,3,1,3,3,6,1.1868842639086319,0.9976342707607402,4,0.27955066555003644,4, , 
52,1,3,1,21,24, ,1,6,2, , , , , , ,3,1,3,3,6,1.1868842639086319,0.9976342707607402,4,0.27955066555003644,4, , 
52,2,1,1,11,12, , , ,1,1,90, , , , ,6,1,3,1,6,1.1868842639086319,0.14378961953114466,3,-0.48161977397288613,2, , 
52,2,2,1,11,12, , , ,1,2,3,90, , , ,6,1,3,1,6,1.1868842639086319,0.14378961953114466,3,-0.48161977397288613,2, , 
52,2,3,1,11,12, , , ,1,4,5,90, , , ,6,1,3,1,6,1.1868842639086319,0.14378961953114466,3,-0.48161977397288613,2, , 
52,2,4,1,11,12, , , ,2, , , , , , ,6,1,3,1,6,1.1868842639086319,0.14378961953114466,3,-0.48161977397288613,2, , 
52,2,5,1,11,12, , , ,2, , , , , , ,6,1,3,1,6,1.1868842639086319,0.14378961953114466,3,-0.48161977397288613,2, , 
52,2,6,1,11,12, , , ,2, , , , , , ,6,1,3,1,6,1.1868842639086319,0.14378961953114466,3,-0.48161977397288613,2, , 
52,3,1,1,13,12, , , ,1,1,90, , , , ,3,1,3,1,6,1.1868842639086319,0.6108349456854093,4,-0.06526640609264925,3, , 
52,3,2,1,13,12, , , ,1,6,7,8,9,90,90,3,1,3,1,6,1.1868842639086319,0.6108349456854093,4,-0.06526640609264925,3, , 
52,3,3,1,13,12, , , ,1,5,90, , , , ,3,1,3,1,6,1.1868842639086319,0.6108349456854093,4,-0.06526640609264925,3, , 
52,4,1,1,13,3, , , ,1,1,2,90, , , ,1,1,3,1,6,1.1868842639086319,0.0184634921454363,3,-0.5933433097806126,2, , 
52,6,1,2,12,5, , , ,1,1,5,90, , , ,3,1,3,2,6,1.1868842639086319,0.902991970217341,4,0.195180609008324,3, , 
52,6,2,2,12,5, , , ,1,2,3,90, , , ,3,1,3,2,6,1.1868842639086319,0.902991970217341,4,0.195180609008324,3, , 
52,6,3,2,12,5, , , ,1,4,7,90, , , ,3,1,3,2,6,1.1868842639086319,0.902991970217341,4,0.195180609008324,3, , 
52,7,1,1,21,95, ,2, ,1,1,90, , , , ,3,1,3,2,6,1.1868842639086319,0.37914369417450045,4,-0.2718104554020978,3, , 
52,7,2,1,21,95, ,2, ,1,2,90, , , , ,3,1,3,2,6,1.1868842639086319,0.37914369417450045,4,-0.2718104554020978,3, , 
52,7,3,1,21,95, ,2, ,1,3,4,90, , , ,3,1,3,2,6,1.1868842639086319,0.37914369417450045,4,-0.2718104554020978,3, , 
52,10,1,1,12,98, , , ,1,1,2,90, , , ,1,1,3,2,6,1.1868842639086319,0.6663469926071781,4,-0.015779501076132515,3, , 
52,12,1,1,13,24, , , ,1,1,2,90, , , ,1,1,3,3,6,1.1868842639086319,1.469088668843546,5,0.6998345554671601,4, , 
52,19,1,1,13,95, , , ,1,1,2,3,90, , ,1,1,3,1,6,1.1868842639086319,0.30469276894726255,4,-0.3381806591581281,3, , 
52,20,1,1,12,11, , , ,1,2,10,90, , , ,3,1,3,1,6,1.1868842639086319,0.1051482604940257,3,-0.5160670943369484,2, , 
52,20,2,1,12,95, , , ,1,9,8,90, , , ,3,1,3,1,6,1.1868842639086319,0.1051482604940257,3,-0.5160670943369484,2, , 
52,20,3,1,12,95, , , ,1,7,6,90, , , ,3,1,3,1,6,1.1868842639086319,0.1051482604940257,3,-0.5160670943369484,2, , 
52,21,1,1,12,98, , , ,1,1,2,90, , , ,3,1,3,1,6,1.1868842639086319,0.8945633762981084,4,0.18766683407417928,3, , 
52,21,2,1,12,98, , , ,1,3,4,90, , , ,3,1,3,1,6,1.1868842639086319,0.8945633762981084,4,0.18766683407417928,3, , 
52,21,3,1,12,98, , , ,1,5,90, , , , ,3,1,3,1,6,1.1868842639086319,0.8945633762981084,4,0.18766683407417928,3, , 
52,22,1,1,21,95, ,2, ,1,1,90, , , , ,3,1,3,3,6,1.1868842639086319,0.7071301509995482,4,0.020577152975572777,3, , 
52,22,2,1,21,95, ,2, ,1,2,90, , , , ,3,1,3,3,6,1.1868842639086319,0.7071301509995482,4,0.020577152975572777,3, , 
52,22,3,1,21,95, ,2, ,1,3,4,90, , , ,3,1,3,3,6,1.1868842639086319,0.7071301509995482,4,0.020577152975572777,3, , 
52,24,1,1,12,95, , , ,1,1,90, , , , ,1,1,3,1,6,1.1868842639086319,0.22633620918297875,4,-0.40803258942365644,2, , 
52,26,1,1,13,3, , , ,1,1,90, , , , ,3,1,3,1,6,1.1868842639086319,0.38038929417290074,4,-0.2707000497833629,3, , 
52,26,2,1,13,3, , , ,1,3,4,90, , , ,3,1,3,1,6,1.1868842639086319,0.38038929417290074,4,-0.2707000497833629,3, , 
52,26,3,1,13,3, , , ,1,5,90, , , , ,3,1,3,1,6,1.1868842639086319,0.38038929417290074,4,-0.2707000497833629,3, , 
52,27,1,1,11,1, , , ,1,1,2,90, , , ,1,1,3,2,6,1.1868842639086319,1.3280251285856153,5,0.5740817071192041,4, , 
52,28,1,1,12,98, , , ,1,1,2,90, , , ,3,1,3,1,6,1.1868842639086319,0.6660296514405221,4,-0.016062398808119795,3, , 
52,28,2,1,12,98, , , ,1,3,4,90, , , ,3,1,3,1,6,1.1868842639086319,0.6660296514405221,4,-0.016062398808119795,3, , 
52,28,3,1,12,98, , , ,1,5,90, , , , ,3,1,3,1,6,1.1868842639086319,0.6660296514405221,4,-0.016062398808119795,3, , 
52,29,1,1,12,9, , , ,1,2,5,4,90, , ,3,1,3,2,6,1.1868842639086319,0.4720374944861432,4,-0.1889991211502017,3, , 
52,29,2,1,12,20, , , ,1,1,3,90, , , ,3,1,3,2,6,1.1868842639086319,0.4720374944861432,4,-0.1889991211502017,3, , 
52,29,3,1,12,20, , , ,1,6,90, , , , ,3,1,3,2,6,1.1868842639086319,0.4720374944861432,4,-0.1889991211502017,3, , 
52,30,1,1,12,95, , , ,1,2,90, , , , ,3,1,3,1,6,1.1868842639086319,0.36694178943230504,4,-0.2826879952241939,3, , 
52,30,2,9,12,95, , , ,2, , , , , , ,3,1,3,1,6,1.1868842639086319,0.36694178943230504,4,-0.2826879952241939,3, , 
52,30,3,9,12,95, , , ,2, , , , , , ,3,1,3,1,6,1.1868842639086319,0.36694178943230504,4,-0.2826879952241939,3, , 
53,7,1,2,11,95, , , ,1,1,2,4,90, , ,2,1,3,3,2,1.4523715334671417,1.2441994840819088,5,0.49935429320580194,4, , 
53,7,2,2,12,9, , , ,1,3,90, , , , ,2,1,3,3,2,1.4523715334671417,1.2441994840819088,5,0.49935429320580194,4, , 
53,17,1,1,99,95,9,9, ,2, , , , , , ,3,1,3,2,2,1.4523715334671417,-0.3934686778705857,3,-0.9605653687970765,1, , 
53,17,2,1,99,95,9,9, ,2, , , , , , ,3,1,3,2,2,1.4523715334671417,-0.3934686778705857,3,-0.9605653687970765,1, , 
53,17,3,1,99,95,9,9, ,2, , , , , , ,3,1,3,2,2,1.4523715334671417,-0.3934686778705857,3,-0.9605653687970765,1, , 
53,21,1,1,11,24, , , ,1,2,1,5,90, , ,1,1,3,1,2,1.4523715334671417,-0.419432564241461,3,-0.9837111983952154,1, , 
53,28,1,1,13,95, , , ,2, , , , , , ,1,1,3,1,2,1.4523715334671417,-0.7742645846868771,1,-1.3000306185266164,1, , 
54,7,1,1,11,2, , , ,1,1,3,90, , , ,1,1,3,2,2,1.061949078234039,1.0314187941311155,4,0.3096682993208501,4, , 
54,12,1,2,12,95, , , ,1,2,7,8,9,90,90,1,1,3,1,2,1.061949078234039,-0.6155908585827575,2,-1.1585789508661302,1, , 
54,21,1,1,13,9, , , ,1,2,1,90, , , ,2,1,3,1,2,1.061949078234039,0.8985400831596665,4,0.19121191889178274,3, , 
54,21,2,1,13,9, , , ,2, , , , , , ,2,1,3,1,2,1.061949078234039,0.8985400831596665,4,0.19121191889178274,3, , 
55,2,1,1,13,2, , , ,1,1,2,90, , , ,1,1,3,1,2,1.4211377370484934,-0.29756864155823337,3,-0.8750740880529533,1, , 
55,3,1,2,12,32, , , ,1,1,90, , , , ,1,1,3,1,2,1.4211377370484934,0.08497583701899658,3,-0.5340500522680177,2, , 
55,6,1,1,13,95, , , ,2, , , , , , ,1,1,3,1,2,1.4211377370484934,-0.3117767981091052,3,-0.887740126015554,1, , 
55,9,1,1,21,32, ,1,95,2, , , , , , ,2,1,3,1,2,1.4211377370484934,-0.5939349792428207,2,-1.1392735477442657,1, , 
55,9,2,1,21,32, ,1,95,2, , , , , , ,2,1,3,1,2,1.4211377370484934,-0.5939349792428207,2,-1.1392735477442657,1, , 
55,10,1,1,12,95, , , ,1,2,9,90, , , ,3,1,3,1,2,1.4211377370484934,0.5820263079356564,4,-0.09094822470737957,3, , 
55,10,2,1,12,95, , , ,1,8,5,90, , , ,3,1,3,1,2,1.4211377370484934,0.5820263079356564,4,-0.09094822470737957,3, , 
55,10,3,1,12,95, , , ,1,3,7,90, , , ,3,1,3,1,2,1.4211377370484934,0.5820263079356564,4,-0.09094822470737957,3, , 
55,13,1,1,21,6, ,2, ,1,1,2,90, , , ,2,1,3,1,2,1.4211377370484934,-0.5030592914558866,2,-1.0582612850157749,1, , 
55,13,2,1,21,6, ,2, ,1,3,4,90, , , ,2,1,3,1,2,1.4211377370484934,-0.5030592914558866,2,-1.0582612850157749,1, , 
55,16,1,2,12,95, , , ,1,3,90, , , , ,2,1,3,1,2,1.4211377370484934,0.9091220033176641,4,0.20064530329731867,3, , 
55,16,2,2,12,95, , , ,1,4,5,90, , , ,2,1,3,1,2,1.4211377370484934,0.9091220033176641,4,0.20064530329731867,3, , 
55,17,1,1,21,16, ,2, ,2, , , , , , ,1,1,3,2,2,1.4211377370484934,-0.21813605879206388,3,-0.8042629236924375,2, , 
55,18,1,1,12,95, , , ,1,2,1,90, , , ,2,1,3,2,2,1.4211377370484934,0.41955395606516777,4,-0.23578622457713402,3, , 
55,18,2,9,12,95, , , ,2, , , , , , ,2,1,3,2,2,1.4211377370484934,0.41955395606516777,4,-0.23578622457713402,3, , 
55,21,1,1,12,12, , , ,1,1,2,3,90, , ,2,1,3,3,2,1.4211377370484934,0.7122154782454276,4,0.025110531230375557,3, , 
55,21,2,1,12,12, , , ,2, , , , , , ,2,1,3,3,2,1.4211377370484934,0.7122154782454276,4,0.025110531230375557,3, , 
55,22,1,2,13,34, , , ,1,1,2,90, , , ,3,1,3,3,2,1.4211377370484934,1.2478089524159914,5,0.5025719986681964,4, , 
55,22,2,2,13,34, , , ,1,3,4,5,6,7,8,3,1,3,3,2,1.4211377370484934,1.2478089524159914,5,0.5025719986681964,4, , 
55,22,3,2,13,34, , , ,1,11,90, , , , ,3,1,3,3,2,1.4211377370484934,1.2478089524159914,5,0.5025719986681964,4, , 
55,23,1,1,13,95, , , ,2, , , , , , ,1,1,3,1,2,1.4211377370484934,-0.647703600742909,2,-1.1872062544735589,1, , 
55,28,1,1,13,95, , , ,1,1,90, , , , ,1,1,3,1,2,1.4211377370484934,0.7108600294868945,4,0.02390219956746978,3, , 
55,29,1,2,12,6, , , ,1,1,90, , , , ,1,1,3,3,6,1.4211377370484934,2.8402346921110713,5,1.9221597403561022,5, , 
56,4,1,2,12,95, , , ,1,1,2,90, , , ,1,1,3,3,2,1.202501162117956,1.87404543057526,5,1.0608382999670753,4, , 
56,5,1,1,12,95, , , ,1,2,6,90, , , ,1,1,3,3,2,1.202501162117956,0.6806476419785797,4,-0.003031009237696222,3, , 
56,9,1,2,12,95, , , ,1,1,5,90, , , ,1,1,3,1,2,1.202501162117956,-0.3326572933982618,3,-0.9063543033765245,1, , 
56,13,1,1,13,95, , , ,1,1,90, , , , ,3,1,3,2,2,1.202501162117956,1.563979117240367,5,0.7844258265007401,4, , 
56,13,2,1,13,95, , , ,1,2,7,8,90, , ,3,1,3,2,2,1.202501162117956,1.563979117240367,5,0.7844258265007401,4, , 
56,13,3,1,13,95, , , ,1,3,4,5,6,90,90,3,1,3,2,2,1.202501162117956,1.563979117240367,5,0.7844258265007401,4, , 
56,14,1,1,13,95, , , ,1,1,4,5,90, , ,1,1,3,2,2,1.202501162117956,1.2859660615790856,5,0.536587628456087,4, , 
56,20,1,1,12,95, , , ,1,1,6,90, , , ,1,1,3,1,2,1.202501162117956,0.6952179774089213,4,0.009957897593936924,3, , 
56,21,1,1,13,98, , , ,1,1,90, , , , ,1,1,3,3,2,1.202501162117956,1.1701486064729052,4,0.4333407168772118,4, , 
56,22,1,1,13,98, , , ,1,1,2,3,90, , ,1,1,3,1,2,1.202501162117956,0.5159703783912559,4,-0.14983460509519364,3, , 
56,28,1,1,13,98, , , ,1,3,4,90, , , ,2,1,3,2,2,1.202501162117956,2.0873024978976495,5,1.250948966387944,5, , 
56,28,2,1,13,98, , , ,1,1,5,90, , , ,2,1,3,2,2,1.202501162117956,2.0873024978976495,5,1.250948966387944,5, , 
56,29,1,1,12,12, , , ,1,2,90, , , , ,3,1,3,3,6,1.202501162117956,1.717173683918587,5,0.920993029308724,4, , 
56,29,2,1,12,12, , , ,1,3,4,90, , , ,3,1,3,3,6,1.202501162117956,1.717173683918587,5,0.920993029308724,4, , 
56,29,3,1,12,12, , , ,2, , , , , , ,3,1,3,3,6,1.202501162117956,1.717173683918587,5,0.920993029308724,4, , 
56,30,1,1,11,95, , , ,1,1,90, , , , ,2,1,3,3,6,1.202501162117956,1.0999100479287953,4,0.3707256798192582,4, , 
56,30,2,1,11,95, , , ,2, , , , , , ,2,1,3,3,6,1.202501162117956,1.0999100479287953,4,0.3707256798192582,4, , 
57,7,1,1,12,2, , , ,1,2,3,90, , , ,1,1,3,1,2,0.6090590301636399,-0.6999846456753803,1,-1.2338128425603492,1, , 
57,16,1,1,12,95, , , ,2, , , , , , ,1,1,3,2,2,0.6090590301636399,-0.2889513517940494,3,-0.8673920978597084,1, , 
57,17,1,1,12,12, , , ,2, , , , , , ,1,1,3,1,2,0.6090590301636399,-0.7096509782247412,1,-1.2424300149986565,1, , 
57,30,1,1,12,8, , , ,2, , , , , , ,1,1,3,1,2,0.6090590301636399,-0.7964267892748783,1,-1.3197873915915443,1, , 