"ISO3","Name","Admin Level","Metric","Units","Year","Value"
"AFG","Afghanistan","admin0","Clinical Cases","Cases",2010,356956.4343762435
"AFG","Afghanistan","admin0","Clinical Cases","Cases",2011,427117.4381079961
"AFG","Afghanistan","admin0","Clinical Cases","Cases",2012,311010.6904247436
"AFG","Afghanistan","admin0","Clinical Cases","Cases",2013,300310.57625940477
"AFG","Afghanistan","admin0","Clinical Cases","Cases",2014,446834.3858538693
"AFG","Afghanistan","admin0","Clinical Cases","Cases",2015,590722.0286647492
"AFG","Afghanistan","admin0","Clinical Cases","Cases",2016,908498.5497480554
"AFG","Afghanistan","admin0","Clinical Cases","Cases",2017,1054751.1982083283
"AFG","Afghanistan","admin0","Clinical Cases","Cases",2018,834269.7591844257
"AFG","Afghanistan","admin0","Clinical Cases","Cases",2019,589527.5391927207
"AFG","Afghanistan","admin0","Clinical Cases","Cases",2020,414633.56943524996
"AFG","Afghanistan","admin0","Clinical Cases","Cases",2021,292968.29726020043
"AFG","Afghanistan","admin0","Clinical Cases","Cases",2022,406755.9092004979
"AGO","Angola","admin0","Clinical Cases","Cases",2010,0
"AGO","Angola","admin0","Clinical Cases","Cases",2011,0
"AGO","Angola","admin0","Clinical Cases","Cases",2012,0
"AGO","Angola","admin0","Clinical Cases","Cases",2013,0
"AGO","Angola","admin0","Clinical Cases","Cases",2014,0
"AGO","Angola","admin0","Clinical Cases","Cases",2015,0
"AGO","Angola","admin0","Clinical Cases","Cases",2016,0
"AGO","Angola","admin0","Clinical Cases","Cases",2017,0
"AGO","Angola","admin0","Clinical Cases","Cases",2018,0
"AGO","Angola","admin0","Clinical Cases","Cases",2019,0
"AGO","Angola","admin0","Clinical Cases","Cases",2020,0
"AGO","Angola","admin0","Clinical Cases","Cases",2021,0
"AGO","Angola","admin0","Clinical Cases","Cases",2022,0
"ARG","Argentina","admin0","Clinical Cases","Cases",2010,66.00019236443345
"ARG","Argentina","admin0","Clinical Cases","Cases",2011,0
"ARG","Argentina","admin0","Clinical Cases","Cases",2012,0
"ARG","Argentina","admin0","Clinical Cases","Cases",2013,0
"ARG","Argentina","admin0","Clinical Cases","Cases",2014,0
"ARG","Argentina","admin0","Clinical Cases","Cases",2015,0
"ARG","Argentina","admin0","Clinical Cases","Cases",2016,0
"ARG","Argentina","admin0","Clinical Cases","Cases",2017,0
"ARG","Argentina","admin0","Clinical Cases","Cases",2018,0
"ARG","Argentina","admin0","Clinical Cases","Cases",2019,0
"ARG","Argentina","admin0","Clinical Cases","Cases",2020,0
"ARG","Argentina","admin0","Clinical Cases","Cases",2021,0
"ARG","Argentina","admin0","Clinical Cases","Cases",2022,0
"ARM","Armenia","admin0","Clinical Cases","Cases",2010,0
"ARM","Armenia","admin0","Clinical Cases","Cases",2011,0
"ARM","Armenia","admin0","Clinical Cases","Cases",2012,0
"ARM","Armenia","admin0","Clinical Cases","Cases",2013,0
"ARM","Armenia","admin0","Clinical Cases","Cases",2014,0
"ARM","Armenia","admin0","Clinical Cases","Cases",2015,0
"ARM","Armenia","admin0","Clinical Cases","Cases",2016,0
"ARM","Armenia","admin0","Clinical Cases","Cases",2017,0
"ARM","Armenia","admin0","Clinical Cases","Cases",2018,0
"ARM","Armenia","admin0","Clinical Cases","Cases",2019,0
"ARM","Armenia","admin0","Clinical Cases","Cases",2020,0
"ARM","Armenia","admin0","Clinical Cases","Cases",2021,0
"ARM","Armenia","admin0","Clinical Cases","Cases",2022,0
"AZE","Azerbaijan","admin0","Clinical Cases","Cases",2010,50.02845644095283
"AZE","Azerbaijan","admin0","Clinical Cases","Cases",2011,4.00073598620722
"AZE","Azerbaijan","admin0","Clinical Cases","Cases",2012,3.0035805180275785
"AZE","Azerbaijan","admin0","Clinical Cases","Cases",2013,0
"AZE","Azerbaijan","admin0","Clinical Cases","Cases",2014,0
"AZE","Azerbaijan","admin0","Clinical Cases","Cases",2015,0
"AZE","Azerbaijan","admin0","Clinical Cases","Cases",2016,0
"AZE","Azerbaijan","admin0","Clinical Cases","Cases",2017,0
"AZE","Azerbaijan","admin0","Clinical Cases","Cases",2018,0
"AZE","Azerbaijan","admin0","Clinical Cases","Cases",2019,0
"AZE","Azerbaijan","admin0","Clinical Cases","Cases",2020,0
"AZE","Azerbaijan","admin0","Clinical Cases","Cases",2021,0
"AZE","Azerbaijan","admin0","Clinical Cases","Cases",2022,0
"BDI","Burundi","admin0","Clinical Cases","Cases",2010,0
"BDI","Burundi","admin0","Clinical Cases","Cases",2011,0
"BDI","Burundi","admin0","Clinical Cases","Cases",2012,0
"BDI","Burundi","admin0","Clinical Cases","Cases",2013,0
"BDI","Burundi","admin0","Clinical Cases","Cases",2014,0
"BDI","Burundi","admin0","Clinical Cases","Cases",2015,0
"BDI","Burundi","admin0","Clinical Cases","Cases",2016,0
"BDI","Burundi","admin0","Clinical Cases","Cases",2017,0
"BDI","Burundi","admin0","Clinical Cases","Cases",2018,0
"BDI","Burundi","admin0","Clinical Cases","Cases",2019,0
"BDI","Burundi","admin0","Clinical Cases","Cases",2020,0
"BDI","Burundi","admin0","Clinical Cases","Cases",2021,0
"BDI","Burundi","admin0","Clinical Cases","Cases",2022,0
"BEN","Benin","admin0","Clinical Cases","Cases",2010,0
"BEN","Benin","admin0","Clinical Cases","Cases",2011,0
"BEN","Benin","admin0","Clinical Cases","Cases",2012,0
"BEN","Benin","admin0","Clinical Cases","Cases",2013,0
"BEN","Benin","admin0","Clinical Cases","Cases",2014,0
"BEN","Benin","admin0","Clinical Cases","Cases",2015,0
"BEN","Benin","admin0","Clinical Cases","Cases",2016,0
"BEN","Benin","admin0","Clinical Cases","Cases",2017,0
"BEN","Benin","admin0","Clinical Cases","Cases",2018,0
"BEN","Benin","admin0","Clinical Cases","Cases",2019,0
"BEN","Benin","admin0","Clinical Cases","Cases",2020,0
"BEN","Benin","admin0","Clinical Cases","Cases",2021,0
"BEN","Benin","admin0","Clinical Cases","Cases",2022,0
"BFA","Burkina Faso","admin0","Clinical Cases","Cases",2010,0
"BFA","Burkina Faso","admin0","Clinical Cases","Cases",2011,0
"BFA","Burkina Faso","admin0","Clinical Cases","Cases",2012,0
"BFA","Burkina Faso","admin0","Clinical Cases","Cases",2013,0
"BFA","Burkina Faso","admin0","Clinical Cases","Cases",2014,0
"BFA","Burkina Faso","admin0","Clinical Cases","Cases",2015,0
"BFA","Burkina Faso","admin0","Clinical Cases","Cases",2016,0
"BFA","Burkina Faso","admin0","Clinical Cases","Cases",2017,0
"BFA","Burkina Faso","admin0","Clinical Cases","Cases",2018,0
"BFA","Burkina Faso","admin0","Clinical Cases","Cases",2019,0
"BFA","Burkina Faso","admin0","Clinical Cases","Cases",2020,0
"BFA","Burkina Faso","admin0","Clinical Cases","Cases",2021,0
"BFA","Burkina Faso","admin0","Clinical Cases","Cases",2022,0
"BGD","Bangladesh","admin0","Clinical Cases","Cases",2010,26920.299943387145
"BGD","Bangladesh","admin0","Clinical Cases","Cases",2011,17687.450444197013
"BGD","Bangladesh","admin0","Clinical Cases","Cases",2012,12108.396858338818
"BGD","Bangladesh","admin0","Clinical Cases","Cases",2013,7204.068386201617
"BGD","Bangladesh","admin0","Clinical Cases","Cases",2014,29815.19614799994
"BGD","Bangladesh","admin0","Clinical Cases","Cases",2015,35535.20271626983
"BGD","Bangladesh","admin0","Clinical Cases","Cases",2016,29855.51297942747
"BGD","Bangladesh","admin0","Clinical Cases","Cases",2017,30936.38134912594
"BGD","Bangladesh","admin0","Clinical Cases","Cases",2018,12043.420697620495
"BGD","Bangladesh","admin0","Clinical Cases","Cases",2019,14764.47168244389
"BGD","Bangladesh","admin0","Clinical Cases","Cases",2020,8884.529762242371
"BGD","Bangladesh","admin0","Clinical Cases","Cases",2021,13348.736356768142
"BGD","Bangladesh","admin0","Clinical Cases","Cases",2022,35804.941760673115
"BLZ","Belize","admin0","Clinical Cases","Cases",2010,332.9718721357956
"BLZ","Belize","admin0","Clinical Cases","Cases",2011,141.47265285445275
"BLZ","Belize","admin0","Clinical Cases","Cases",2012,66.64564661709758
"BLZ","Belize","admin0","Clinical Cases","Cases",2013,40.38590316455303
"BLZ","Belize","admin0","Clinical Cases","Cases",2014,38.78599135909343
"BLZ","Belize","admin0","Clinical Cases","Cases",2015,17.956585448717647
"BLZ","Belize","admin0","Clinical Cases","Cases",2016,8.03723118540688
"BLZ","Belize","admin0","Clinical Cases","Cases",2017,13.808364374084247
"BLZ","Belize","admin0","Clinical Cases","Cases",2018,4.080901791373109
"BLZ","Belize","admin0","Clinical Cases","Cases",2019,0
"BLZ","Belize","admin0","Clinical Cases","Cases",2020,0
"BLZ","Belize","admin0","Clinical Cases","Cases",2021,0
"BLZ","Belize","admin0","Clinical Cases","Cases",2022,0
"BOL","Bolivia","admin0","Clinical Cases","Cases",2010,30128.481537564185
"BOL","Bolivia","admin0","Clinical Cases","Cases",2011,17349.315345629766
"BOL","Bolivia","admin0","Clinical Cases","Cases",2012,27084.20801969918
"BOL","Bolivia","admin0","Clinical Cases","Cases",2013,16163.465121333016
"BOL","Bolivia","admin0","Clinical Cases","Cases",2014,22702.9693566424
"BOL","Bolivia","admin0","Clinical Cases","Cases",2015,14212.411761392495
"BOL","Bolivia","admin0","Clinical Cases","Cases",2016,12017.523405490048
"BOL","Bolivia","admin0","Clinical Cases","Cases",2017,9867.423444859942
"BOL","Bolivia","admin0","Clinical Cases","Cases",2018,11650.656358417562
"BOL","Bolivia","admin0","Clinical Cases","Cases",2019,17857.370857402908
"BOL","Bolivia","admin0","Clinical Cases","Cases",2020,24635.21597642044
"BOL","Bolivia","admin0","Clinical Cases","Cases",2021,20261.094784788078
"BOL","Bolivia","admin0","Clinical Cases","Cases",2022,17713.763537687006
"BRA","Brazil","admin0","Clinical Cases","Cases",2010,542949.9982337118
"BRA","Brazil","admin0","Clinical Cases","Cases",2011,462235.4785060093
"BRA","Brazil","admin0","Clinical Cases","Cases",2012,412506.21783880243
"BRA","Brazil","admin0","Clinical Cases","Cases",2013,293132.69191086176
"BRA","Brazil","admin0","Clinical Cases","Cases",2014,240536.8216953197
"BRA","Brazil","admin0","Clinical Cases","Cases",2015,289773.1067310897
"BRA","Brazil","admin0","Clinical Cases","Cases",2016,250959.9581062158
"BRA","Brazil","admin0","Clinical Cases","Cases",2017,358354.13040961756
"BRA","Brazil","admin0","Clinical Cases","Cases",2018,352121.3992111766
"BRA","Brazil","admin0","Clinical Cases","Cases",2019,299326.1826411746
"BRA","Brazil","admin0","Clinical Cases","Cases",2020,269199.67919615255
"BRA","Brazil","admin0","Clinical Cases","Cases",2021,266945.27192312526
"BRA","Brazil","admin0","Clinical Cases","Cases",2022,241670.48993373252
"BTN","Bhutan","admin0","Clinical Cases","Cases",2010,1808.697233562899
"BTN","Bhutan","admin0","Clinical Cases","Cases",2011,718.7530128497639
"BTN","Bhutan","admin0","Clinical Cases","Cases",2012,322.74105924728076
"BTN","Bhutan","admin0","Clinical Cases","Cases",2013,62.32552899590035
"BTN","Bhutan","admin0","Clinical Cases","Cases",2014,78.64407671454468
"BTN","Bhutan","admin0","Clinical Cases","Cases",2015,149.41698794859417
"BTN","Bhutan","admin0","Clinical Cases","Cases",2016,87.10290404737073
"BTN","Bhutan","admin0","Clinical Cases","Cases",2017,67.74081903778867
"BTN","Bhutan","admin0","Clinical Cases","Cases",2018,33.17361346685184
"BTN","Bhutan","admin0","Clinical Cases","Cases",2019,14.076539005397269
"BTN","Bhutan","admin0","Clinical Cases","Cases",2020,111.64963570541434
"BTN","Bhutan","admin0","Clinical Cases","Cases",2021,42.299784739075925
"BTN","Bhutan","admin0","Clinical Cases","Cases",2022,1.9460340352647616
"BWA","Botswana","admin0","Clinical Cases","Cases",2010,0
"BWA","Botswana","admin0","Clinical Cases","Cases",2011,0
"BWA","Botswana","admin0","Clinical Cases","Cases",2012,0
"BWA","Botswana","admin0","Clinical Cases","Cases",2013,0
"BWA","Botswana","admin0","Clinical Cases","Cases",2014,0
"BWA","Botswana","admin0","Clinical Cases","Cases",2015,0
"BWA","Botswana","admin0","Clinical Cases","Cases",2016,0
"BWA","Botswana","admin0","Clinical Cases","Cases",2017,0
"BWA","Botswana","admin0","Clinical Cases","Cases",2018,0
"BWA","Botswana","admin0","Clinical Cases","Cases",2019,0
"BWA","Botswana","admin0","Clinical Cases","Cases",2020,0
"BWA","Botswana","admin0","Clinical Cases","Cases",2021,0
"BWA","Botswana","admin0","Clinical Cases","Cases",2022,0
"CAF","Central African Republic","admin0","Clinical Cases","Cases",2010,0
"CAF","Central African Republic","admin0","Clinical Cases","Cases",2011,0
"CAF","Central African Republic","admin0","Clinical Cases","Cases",2012,0
"CAF","Central African Republic","admin0","Clinical Cases","Cases",2013,0
"CAF","Central African Republic","admin0","Clinical Cases","Cases",2014,0
"CAF","Central African Republic","admin0","Clinical Cases","Cases",2015,0
"CAF","Central African Republic","admin0","Clinical Cases","Cases",2016,0
"CAF","Central African Republic","admin0","Clinical Cases","Cases",2017,0
"CAF","Central African Republic","admin0","Clinical Cases","Cases",2018,0
"CAF","Central African Republic","admin0","Clinical Cases","Cases",2019,0
"CAF","Central African Republic","admin0","Clinical Cases","Cases",2020,0
"CAF","Central African Republic","admin0","Clinical Cases","Cases",2021,0
"CAF","Central African Republic","admin0","Clinical Cases","Cases",2022,0
"CHN","China","admin0","Clinical Cases","Cases",2010,5763.921358676763
"CHN","China","admin0","Clinical Cases","Cases",2011,2471.160439965444
"CHN","China","admin0","Clinical Cases","Cases",2012,1447.0043568213348
"CHN","China","admin0","Clinical Cases","Cases",2013,1033.6827172537328
"CHN","China","admin0","Clinical Cases","Cases",2014,47.94623149833654
"CHN","China","admin0","Clinical Cases","Cases",2015,52.898676315465565
"CHN","China","admin0","Clinical Cases","Cases",2016,2.008409096717945
"CHN","China","admin0","Clinical Cases","Cases",2017,0
"CHN","China","admin0","Clinical Cases","Cases",2018,0
"CHN","China","admin0","Clinical Cases","Cases",2019,0
"CHN","China","admin0","Clinical Cases","Cases",2020,0
"CHN","China","admin0","Clinical Cases","Cases",2021,0
"CHN","China","admin0","Clinical Cases","Cases",2022,0
"CIV","Côte d'Ivoire","admin0","Clinical Cases","Cases",2010,0
"CIV","Côte d'Ivoire","admin0","Clinical Cases","Cases",2011,0
"CIV","Côte d'Ivoire","admin0","Clinical Cases","Cases",2012,0
"CIV","Côte d'Ivoire","admin0","Clinical Cases","Cases",2013,0
"CIV","Côte d'Ivoire","admin0","Clinical Cases","Cases",2014,0
"CIV","Côte d'Ivoire","admin0","Clinical Cases","Cases",2015,0
"CIV","Côte d'Ivoire","admin0","Clinical Cases","Cases",2016,0
"CIV","Côte d'Ivoire","admin0","Clinical Cases","Cases",2017,0
"CIV","Côte d'Ivoire","admin0","Clinical Cases","Cases",2018,0
"CIV","Côte d'Ivoire","admin0","Clinical Cases","Cases",2019,0
"CIV","Côte d'Ivoire","admin0","Clinical Cases","Cases",2020,0
"CIV","Côte d'Ivoire","admin0","Clinical Cases","Cases",2021,0
"CIV","Côte d'Ivoire","admin0","Clinical Cases","Cases",2022,0
"CMR","Cameroon","admin0","Clinical Cases","Cases",2010,0
"CMR","Cameroon","admin0","Clinical Cases","Cases",2011,0
"CMR","Cameroon","admin0","Clinical Cases","Cases",2012,0
"CMR","Cameroon","admin0","Clinical Cases","Cases",2013,0
"CMR","Cameroon","admin0","Clinical Cases","Cases",2014,0
"CMR","Cameroon","admin0","Clinical Cases","Cases",2015,0
"CMR","Cameroon","admin0","Clinical Cases","Cases",2016,0
"CMR","Cameroon","admin0","Clinical Cases","Cases",2017,0
"CMR","Cameroon","admin0","Clinical Cases","Cases",2018,0
"CMR","Cameroon","admin0","Clinical Cases","Cases",2019,0
"CMR","Cameroon","admin0","Clinical Cases","Cases",2020,0
"CMR","Cameroon","admin0","Clinical Cases","Cases",2021,0
"CMR","Cameroon","admin0","Clinical Cases","Cases",2022,0
"COD","Democratic Republic of the Congo","admin0","Clinical Cases","Cases",2010,0
"COD","Democratic Republic of the Congo","admin0","Clinical Cases","Cases",2011,0
"COD","Democratic Republic of the Congo","admin0","Clinical Cases","Cases",2012,0
"COD","Democratic Republic of the Congo","admin0","Clinical Cases","Cases",2013,0
"COD","Democratic Republic of the Congo","admin0","Clinical Cases","Cases",2014,0
"COD","Democratic Republic of the Congo","admin0","Clinical Cases","Cases",2015,0
"COD","Democratic Republic of the Congo","admin0","Clinical Cases","Cases",2016,0
"COD","Democratic Republic of the Congo","admin0","Clinical Cases","Cases",2017,0
"COD","Democratic Republic of the Congo","admin0","Clinical Cases","Cases",2018,0
"COD","Democratic Republic of the Congo","admin0","Clinical Cases","Cases",2019,0
"COD","Democratic Republic of the Congo","admin0","Clinical Cases","Cases",2020,0
"COD","Democratic Republic of the Congo","admin0","Clinical Cases","Cases",2021,0
"COD","Democratic Republic of the Congo","admin0","Clinical Cases","Cases",2022,0
"COG","Congo","admin0","Clinical Cases","Cases",2010,0
"COG","Congo","admin0","Clinical Cases","Cases",2011,0
"COG","Congo","admin0","Clinical Cases","Cases",2012,0
"COG","Congo","admin0","Clinical Cases","Cases",2013,0
"COG","Congo","admin0","Clinical Cases","Cases",2014,0
"COG","Congo","admin0","Clinical Cases","Cases",2015,0
"COG","Congo","admin0","Clinical Cases","Cases",2016,0
"COG","Congo","admin0","Clinical Cases","Cases",2017,0
"COG","Congo","admin0","Clinical Cases","Cases",2018,0
"COG","Congo","admin0","Clinical Cases","Cases",2019,0
"COG","Congo","admin0","Clinical Cases","Cases",2020,0
"COG","Congo","admin0","Clinical Cases","Cases",2021,0
"COG","Congo","admin0","Clinical Cases","Cases",2022,0
"COL","Colombia","admin0","Clinical Cases","Cases",2010,170090.46435500213
"COL","Colombia","admin0","Clinical Cases","Cases",2011,104863.01750769063
"COL","Colombia","admin0","Clinical Cases","Cases",2012,140836.91545410015
"COL","Colombia","admin0","Clinical Cases","Cases",2013,72866.41557305244
"COL","Colombia","admin0","Clinical Cases","Cases",2014,47444.657291550655
"COL","Colombia","admin0","Clinical Cases","Cases",2015,48596.65794184432
"COL","Colombia","admin0","Clinical Cases","Cases",2016,71738.75785422366
"COL","Colombia","admin0","Clinical Cases","Cases",2017,48755.91704635169
"COL","Colombia","admin0","Clinical Cases","Cases",2018,63453.308638420545
"COL","Colombia","admin0","Clinical Cases","Cases",2019,75346.30499698626
"COL","Colombia","admin0","Clinical Cases","Cases",2020,76381.88652424741
"COL","Colombia","admin0","Clinical Cases","Cases",2021,70735.17162564254
"COL","Colombia","admin0","Clinical Cases","Cases",2022,86086.4122909725
"COM","Comoros","admin0","Clinical Cases","Cases",2010,0
"COM","Comoros","admin0","Clinical Cases","Cases",2011,0
"COM","Comoros","admin0","Clinical Cases","Cases",2012,0
"COM","Comoros","admin0","Clinical Cases","Cases",2013,0
"COM","Comoros","admin0","Clinical Cases","Cases",2014,0
"COM","Comoros","admin0","Clinical Cases","Cases",2015,0
"COM","Comoros","admin0","Clinical Cases","Cases",2016,0
"COM","Comoros","admin0","Clinical Cases","Cases",2017,0
"COM","Comoros","admin0","Clinical Cases","Cases",2018,0
"COM","Comoros","admin0","Clinical Cases","Cases",2019,0
"COM","Comoros","admin0","Clinical Cases","Cases",2020,0
"COM","Comoros","admin0","Clinical Cases","Cases",2021,0
"COM","Comoros","admin0","Clinical Cases","Cases",2022,0
"CPV","Cape Verde","admin0","Clinical Cases","Cases",2010,0
"CPV","Cape Verde","admin0","Clinical Cases","Cases",2011,0
"CPV","Cape Verde","admin0","Clinical Cases","Cases",2012,0
"CPV","Cape Verde","admin0","Clinical Cases","Cases",2013,0
"CPV","Cape Verde","admin0","Clinical Cases","Cases",2014,0
"CPV","Cape Verde","admin0","Clinical Cases","Cases",2015,0
"CPV","Cape Verde","admin0","Clinical Cases","Cases",2016,0
"CPV","Cape Verde","admin0","Clinical Cases","Cases",2017,0
"CPV","Cape Verde","admin0","Clinical Cases","Cases",2018,0
"CPV","Cape Verde","admin0","Clinical Cases","Cases",2019,0
"CPV","Cape Verde","admin0","Clinical Cases","Cases",2020,0
"CPV","Cape Verde","admin0","Clinical Cases","Cases",2021,0
"CPV","Cape Verde","admin0","Clinical Cases","Cases",2022,0
"CRI","Costa Rica","admin0","Clinical Cases","Cases",2010,197.30792539287756
"CRI","Costa Rica","admin0","Clinical Cases","Cases",2011,22.403532253835674
"CRI","Costa Rica","admin0","Clinical Cases","Cases",2012,11.947177737406628
"CRI","Costa Rica","admin0","Clinical Cases","Cases",2013,0
"CRI","Costa Rica","admin0","Clinical Cases","Cases",2014,0.9824563844066184
"CRI","Costa Rica","admin0","Clinical Cases","Cases",2015,0
"CRI","Costa Rica","admin0","Clinical Cases","Cases",2016,4.000001684949136
"CRI","Costa Rica","admin0","Clinical Cases","Cases",2017,12.000001819053397
"CRI","Costa Rica","admin0","Clinical Cases","Cases",2018,99.34285639598896
"CRI","Costa Rica","admin0","Clinical Cases","Cases",2019,95.24210689976918
"CRI","Costa Rica","admin0","Clinical Cases","Cases",2020,104.6222202541254
"CRI","Costa Rica","admin0","Clinical Cases","Cases",2021,188.467739894334
"CRI","Costa Rica","admin0","Clinical Cases","Cases",2022,218.09734409149328
"DJI","Djibouti","admin0","Clinical Cases","Cases",2010,1.3824352542576126
"DJI","Djibouti","admin0","Clinical Cases","Cases",2011,9.610099057486389
"DJI","Djibouti","admin0","Clinical Cases","Cases",2012,2.115705184737413
"DJI","Djibouti","admin0","Clinical Cases","Cases",2013,274.8225959478186
"DJI","Djibouti","admin0","Clinical Cases","Cases",2014,2330.7238692083415
"DJI","Djibouti","admin0","Clinical Cases","Cases",2015,2329.990039402201
"DJI","Djibouti","admin0","Clinical Cases","Cases",2016,6504.589737438704
"DJI","Djibouti","admin0","Clinical Cases","Cases",2017,17746.42481587485
"DJI","Djibouti","admin0","Clinical Cases","Cases",2018,28908.233846365663
"DJI","Djibouti","admin0","Clinical Cases","Cases",2019,42722.35408149573
"DJI","Djibouti","admin0","Clinical Cases","Cases",2020,81866.54139226004
"DJI","Djibouti","admin0","Clinical Cases","Cases",2021,46710.13837278946
"DJI","Djibouti","admin0","Clinical Cases","Cases",2022,31972.174586215417
"DOM","Dominican Republic","admin0","Clinical Cases","Cases",2010,0
"DOM","Dominican Republic","admin0","Clinical Cases","Cases",2011,0
"DOM","Dominican Republic","admin0","Clinical Cases","Cases",2012,0
"DOM","Dominican Republic","admin0","Clinical Cases","Cases",2013,0
"DOM","Dominican Republic","admin0","Clinical Cases","Cases",2014,0
"DOM","Dominican Republic","admin0","Clinical Cases","Cases",2015,0
"DOM","Dominican Republic","admin0","Clinical Cases","Cases",2016,0
"DOM","Dominican Republic","admin0","Clinical Cases","Cases",2017,0
"DOM","Dominican Republic","admin0","Clinical Cases","Cases",2018,0
"DOM","Dominican Republic","admin0","Clinical Cases","Cases",2019,0
"DOM","Dominican Republic","admin0","Clinical Cases","Cases",2020,0
"DOM","Dominican Republic","admin0","Clinical Cases","Cases",2021,0
"DOM","Dominican Republic","admin0","Clinical Cases","Cases",2022,0
"DZA","Algeria","admin0","Clinical Cases","Cases",2010,0
"DZA","Algeria","admin0","Clinical Cases","Cases",2011,0
"DZA","Algeria","admin0","Clinical Cases","Cases",2012,0
"DZA","Algeria","admin0","Clinical Cases","Cases",2013,0
"DZA","Algeria","admin0","Clinical Cases","Cases",2014,0
"DZA","Algeria","admin0","Clinical Cases","Cases",2015,0
"DZA","Algeria","admin0","Clinical Cases","Cases",2016,0
"DZA","Algeria","admin0","Clinical Cases","Cases",2017,0
"DZA","Algeria","admin0","Clinical Cases","Cases",2018,0
"DZA","Algeria","admin0","Clinical Cases","Cases",2019,0
"DZA","Algeria","admin0","Clinical Cases","Cases",2020,0
"DZA","Algeria","admin0","Clinical Cases","Cases",2021,0
"DZA","Algeria","admin0","Clinical Cases","Cases",2022,0
"ECU","Ecuador","admin0","Clinical Cases","Cases",2010,3690.0856342234224
"ECU","Ecuador","admin0","Clinical Cases","Cases",2011,2065.8831372137447
"ECU","Ecuador","admin0","Clinical Cases","Cases",2012,897.5463518298562
"ECU","Ecuador","admin0","Clinical Cases","Cases",2013,437.39946014432655
"ECU","Ecuador","admin0","Clinical Cases","Cases",2014,397.22109669362635
"ECU","Ecuador","admin0","Clinical Cases","Cases",2015,782.5079655501972
"ECU","Ecuador","admin0","Clinical Cases","Cases",2016,1413.7468467472445
"ECU","Ecuador","admin0","Clinical Cases","Cases",2017,1941.456047171102
"ECU","Ecuador","admin0","Clinical Cases","Cases",2018,3041.193073856614
"ECU","Ecuador","admin0","Clinical Cases","Cases",2019,3498.597433183111
"ECU","Ecuador","admin0","Clinical Cases","Cases",2020,3611.475359624805
"ECU","Ecuador","admin0","Clinical Cases","Cases",2021,3338.298892966312
"ECU","Ecuador","admin0","Clinical Cases","Cases",2022,2287.606783956775
"ERI","Eritrea","admin0","Clinical Cases","Cases",2010,20988.579935585556
"ERI","Eritrea","admin0","Clinical Cases","Cases",2011,32574.841902557808
"ERI","Eritrea","admin0","Clinical Cases","Cases",2012,29469.786248192464
"ERI","Eritrea","admin0","Clinical Cases","Cases",2013,15097.845428731536
"ERI","Eritrea","admin0","Clinical Cases","Cases",2014,19603.39008313745
"ERI","Eritrea","admin0","Clinical Cases","Cases",2015,13897.590773105738
"ERI","Eritrea","admin0","Clinical Cases","Cases",2016,8995.595063716632
"ERI","Eritrea","admin0","Clinical Cases","Cases",2017,27864.403947498897
"ERI","Eritrea","admin0","Clinical Cases","Cases",2018,21114.30786297884
"ERI","Eritrea","admin0","Clinical Cases","Cases",2019,28235.677557706917
"ERI","Eritrea","admin0","Clinical Cases","Cases",2020,12201.434041516606
"ERI","Eritrea","admin0","Clinical Cases","Cases",2021,10025.0815378051
"ERI","Eritrea","admin0","Clinical Cases","Cases",2022,14674.694402755089
"ETH","Ethiopia","admin0","Clinical Cases","Cases",2010,5763670.893348746
"ETH","Ethiopia","admin0","Clinical Cases","Cases",2011,6737899.553415455
"ETH","Ethiopia","admin0","Clinical Cases","Cases",2012,7453206.109304771
"ETH","Ethiopia","admin0","Clinical Cases","Cases",2013,6172815.070430976
"ETH","Ethiopia","admin0","Clinical Cases","Cases",2014,3665365.5759323183
"ETH","Ethiopia","admin0","Clinical Cases","Cases",2015,2933964.2690695357
"ETH","Ethiopia","admin0","Clinical Cases","Cases",2016,2042060.091292195
"ETH","Ethiopia","admin0","Clinical Cases","Cases",2017,1550998.2729693048
"ETH","Ethiopia","admin0","Clinical Cases","Cases",2018,438477.69379289675
"ETH","Ethiopia","admin0","Clinical Cases","Cases",2019,628234.5274853115
"ETH","Ethiopia","admin0","Clinical Cases","Cases",2020,884627.7435030002
"ETH","Ethiopia","admin0","Clinical Cases","Cases",2021,959134.8374991701
"ETH","Ethiopia","admin0","Clinical Cases","Cases",2022,1275627.8241122905
"GAB","Gabon","admin0","Clinical Cases","Cases",2010,0
"GAB","Gabon","admin0","Clinical Cases","Cases",2011,0
"GAB","Gabon","admin0","Clinical Cases","Cases",2012,0
"GAB","Gabon","admin0","Clinical Cases","Cases",2013,0
"GAB","Gabon","admin0","Clinical Cases","Cases",2014,0
"GAB","Gabon","admin0","Clinical Cases","Cases",2015,0
"GAB","Gabon","admin0","Clinical Cases","Cases",2016,0
"GAB","Gabon","admin0","Clinical Cases","Cases",2017,0
"GAB","Gabon","admin0","Clinical Cases","Cases",2018,0
"GAB","Gabon","admin0","Clinical Cases","Cases",2019,0
"GAB","Gabon","admin0","Clinical Cases","Cases",2020,0
"GAB","Gabon","admin0","Clinical Cases","Cases",2021,0
"GAB","Gabon","admin0","Clinical Cases","Cases",2022,0
"GEO","Georgia","admin0","Clinical Cases","Cases",2010,0
"GEO","Georgia","admin0","Clinical Cases","Cases",2011,0
"GEO","Georgia","admin0","Clinical Cases","Cases",2012,0
"GEO","Georgia","admin0","Clinical Cases","Cases",2013,0
"GEO","Georgia","admin0","Clinical Cases","Cases",2014,0
"GEO","Georgia","admin0","Clinical Cases","Cases",2015,0
"GEO","Georgia","admin0","Clinical Cases","Cases",2016,0
"GEO","Georgia","admin0","Clinical Cases","Cases",2017,0
"GEO","Georgia","admin0","Clinical Cases","Cases",2018,0
"GEO","Georgia","admin0","Clinical Cases","Cases",2019,0
"GEO","Georgia","admin0","Clinical Cases","Cases",2020,0
"GEO","Georgia","admin0","Clinical Cases","Cases",2021,0
"GEO","Georgia","admin0","Clinical Cases","Cases",2022,0
"GHA","Ghana","admin0","Clinical Cases","Cases",2010,0
"GHA","Ghana","admin0","Clinical Cases","Cases",2011,0
"GHA","Ghana","admin0","Clinical Cases","Cases",2012,0
"GHA","Ghana","admin0","Clinical Cases","Cases",2013,0
"GHA","Ghana","admin0","Clinical Cases","Cases",2014,0
"GHA","Ghana","admin0","Clinical Cases","Cases",2015,0
"GHA","Ghana","admin0","Clinical Cases","Cases",2016,0
"GHA","Ghana","admin0","Clinical Cases","Cases",2017,0
"GHA","Ghana","admin0","Clinical Cases","Cases",2018,0
"GHA","Ghana","admin0","Clinical Cases","Cases",2019,0
"GHA","Ghana","admin0","Clinical Cases","Cases",2020,0
"GHA","Ghana","admin0","Clinical Cases","Cases",2021,0
"GHA","Ghana","admin0","Clinical Cases","Cases",2022,0
"GIN","Guinea","admin0","Clinical Cases","Cases",2010,0
"GIN","Guinea","admin0","Clinical Cases","Cases",2011,0
"GIN","Guinea","admin0","Clinical Cases","Cases",2012,0
"GIN","Guinea","admin0","Clinical Cases","Cases",2013,0
"GIN","Guinea","admin0","Clinical Cases","Cases",2014,0
"GIN","Guinea","admin0","Clinical Cases","Cases",2015,0
"GIN","Guinea","admin0","Clinical Cases","Cases",2016,0
"GIN","Guinea","admin0","Clinical Cases","Cases",2017,0
"GIN","Guinea","admin0","Clinical Cases","Cases",2018,0
"GIN","Guinea","admin0","Clinical Cases","Cases",2019,0
"GIN","Guinea","admin0","Clinical Cases","Cases",2020,0
"GIN","Guinea","admin0","Clinical Cases","Cases",2021,0
"GIN","Guinea","admin0","Clinical Cases","Cases",2022,0
"GMB","Gambia","admin0","Clinical Cases","Cases",2010,0
"GMB","Gambia","admin0","Clinical Cases","Cases",2011,0
"GMB","Gambia","admin0","Clinical Cases","Cases",2012,0
"GMB","Gambia","admin0","Clinical Cases","Cases",2013,0
"GMB","Gambia","admin0","Clinical Cases","Cases",2014,0
"GMB","Gambia","admin0","Clinical Cases","Cases",2015,0
"GMB","Gambia","admin0","Clinical Cases","Cases",2016,0
"GMB","Gambia","admin0","Clinical Cases","Cases",2017,0
"GMB","Gambia","admin0","Clinical Cases","Cases",2018,0
"GMB","Gambia","admin0","Clinical Cases","Cases",2019,0
"GMB","Gambia","admin0","Clinical Cases","Cases",2020,0
"GMB","Gambia","admin0","Clinical Cases","Cases",2021,0
"GMB","Gambia","admin0","Clinical Cases","Cases",2022,0
"GNB","Guinea-Bissau","admin0","Clinical Cases","Cases",2010,0
"GNB","Guinea-Bissau","admin0","Clinical Cases","Cases",2011,0
"GNB","Guinea-Bissau","admin0","Clinical Cases","Cases",2012,0
"GNB","Guinea-Bissau","admin0","Clinical Cases","Cases",2013,0
"GNB","Guinea-Bissau","admin0","Clinical Cases","Cases",2014,0
"GNB","Guinea-Bissau","admin0","Clinical Cases","Cases",2015,0
"GNB","Guinea-Bissau","admin0","Clinical Cases","Cases",2016,0
"GNB","Guinea-Bissau","admin0","Clinical Cases","Cases",2017,0
"GNB","Guinea-Bissau","admin0","Clinical Cases","Cases",2018,0
"GNB","Guinea-Bissau","admin0","Clinical Cases","Cases",2019,0
"GNB","Guinea-Bissau","admin0","Clinical Cases","Cases",2020,0
"GNB","Guinea-Bissau","admin0","Clinical Cases","Cases",2021,0
"GNB","Guinea-Bissau","admin0","Clinical Cases","Cases",2022,0
"GNQ","Equatorial Guinea","admin0","Clinical Cases","Cases",2010,0
"GNQ","Equatorial Guinea","admin0","Clinical Cases","Cases",2011,0
"GNQ","Equatorial Guinea","admin0","Clinical Cases","Cases",2012,0
"GNQ","Equatorial Guinea","admin0","Clinical Cases","Cases",2013,0
"GNQ","Equatorial Guinea","admin0","Clinical Cases","Cases",2014,0
"GNQ","Equatorial Guinea","admin0","Clinical Cases","Cases",2015,0
"GNQ","Equatorial Guinea","admin0","Clinical Cases","Cases",2016,0
"GNQ","Equatorial Guinea","admin0","Clinical Cases","Cases",2017,0
"GNQ","Equatorial Guinea","admin0","Clinical Cases","Cases",2018,0
"GNQ","Equatorial Guinea","admin0","Clinical Cases","Cases",2019,0
"GNQ","Equatorial Guinea","admin0","Clinical Cases","Cases",2020,0
"GNQ","Equatorial Guinea","admin0","Clinical Cases","Cases",2021,0
"GNQ","Equatorial Guinea","admin0","Clinical Cases","Cases",2022,0
"GTM","Guatemala","admin0","Clinical Cases","Cases",2010,18436.612617713985
"GTM","Guatemala","admin0","Clinical Cases","Cases",2011,17230.12533260111
"GTM","Guatemala","admin0","Clinical Cases","Cases",2012,13823.565808617714
"GTM","Guatemala","admin0","Clinical Cases","Cases",2013,15102.02377474969
"GTM","Guatemala","admin0","Clinical Cases","Cases",2014,18382.078069924457
"GTM","Guatemala","admin0","Clinical Cases","Cases",2015,12862.049685394973
"GTM","Guatemala","admin0","Clinical Cases","Cases",2016,12281.836986577446
"GTM","Guatemala","admin0","Clinical Cases","Cases",2017,10077.169411604453
"GTM","Guatemala","admin0","Clinical Cases","Cases",2018,7653.203732272625
"GTM","Guatemala","admin0","Clinical Cases","Cases",2019,5366.048913509258
"GTM","Guatemala","admin0","Clinical Cases","Cases",2020,2896.7857786012396
"GTM","Guatemala","admin0","Clinical Cases","Cases",2021,3322.813014596432
"GTM","Guatemala","admin0","Clinical Cases","Cases",2022,4557.140325507775
"GUF","French Guiana","admin0","Clinical Cases","Cases",2010,1029.7032127845782
"GUF","French Guiana","admin0","Clinical Cases","Cases",2011,871.686850576634
"GUF","French Guiana","admin0","Clinical Cases","Cases",2012,706.6789712276856
"GUF","French Guiana","admin0","Clinical Cases","Cases",2013,1023.1194413196367
"GUF","French Guiana","admin0","Clinical Cases","Cases",2014,449.98127203585153
"GUF","French Guiana","admin0","Clinical Cases","Cases",2015,603.0106301277934
"GUF","French Guiana","admin0","Clinical Cases","Cases",2016,298.45280898813417
"GUF","French Guiana","admin0","Clinical Cases","Cases",2017,937.2025335715125
"GUF","French Guiana","admin0","Clinical Cases","Cases",2018,1026.3621446542988
"GUF","French Guiana","admin0","Clinical Cases","Cases",2019,399.66921721846404
"GUF","French Guiana","admin0","Clinical Cases","Cases",2020,272.50447080947293
"GUF","French Guiana","admin0","Clinical Cases","Cases",2021,153.4678805567599
"GUF","French Guiana","admin0","Clinical Cases","Cases",2022,42.5350317752076
"GUY","Guyana","admin0","Clinical Cases","Cases",2010,19967.99371659024
"GUY","Guyana","admin0","Clinical Cases","Cases",2011,23677.870431897132
"GUY","Guyana","admin0","Clinical Cases","Cases",2012,27970.995147028938
"GUY","Guyana","admin0","Clinical Cases","Cases",2013,44470.19432249002
"GUY","Guyana","admin0","Clinical Cases","Cases",2014,23643.74861343202
"GUY","Guyana","admin0","Clinical Cases","Cases",2015,21930.354572167173
"GUY","Guyana","admin0","Clinical Cases","Cases",2016,21590.87253997848
"GUY","Guyana","admin0","Clinical Cases","Cases",2017,25777.20630407938
"GUY","Guyana","admin0","Clinical Cases","Cases",2018,32351.775037188654
"GUY","Guyana","admin0","Clinical Cases","Cases",2019,38554.43842645846
"GUY","Guyana","admin0","Clinical Cases","Cases",2020,32309.737180149878
"GUY","Guyana","admin0","Clinical Cases","Cases",2021,40632.92069836947
"GUY","Guyana","admin0","Clinical Cases","Cases",2022,38301.54807952003
"HND","Honduras","admin0","Clinical Cases","Cases",2010,17588.893860167318
"HND","Honduras","admin0","Clinical Cases","Cases",2011,14446.566589581005
"HND","Honduras","admin0","Clinical Cases","Cases",2012,11705.776445691527
"HND","Honduras","admin0","Clinical Cases","Cases",2013,8545.521925044764
"HND","Honduras","admin0","Clinical Cases","Cases",2014,5786.018460134346
"HND","Honduras","admin0","Clinical Cases","Cases",2015,5476.810687931677
"HND","Honduras","admin0","Clinical Cases","Cases",2016,5486.1480260208
"HND","Honduras","admin0","Clinical Cases","Cases",2017,2334.7893479162485
"HND","Honduras","admin0","Clinical Cases","Cases",2018,1213.834580369276
"HND","Honduras","admin0","Clinical Cases","Cases",2019,636.5257232804789
"HND","Honduras","admin0","Clinical Cases","Cases",2020,1205.8758319154176
"HND","Honduras","admin0","Clinical Cases","Cases",2021,1768.9713876700664
"HND","Honduras","admin0","Clinical Cases","Cases",2022,4847.902908558264
"HTI","Haiti","admin0","Clinical Cases","Cases",2010,0
"HTI","Haiti","admin0","Clinical Cases","Cases",2011,0
"HTI","Haiti","admin0","Clinical Cases","Cases",2012,0
"HTI","Haiti","admin0","Clinical Cases","Cases",2013,0
"HTI","Haiti","admin0","Clinical Cases","Cases",2014,0
"HTI","Haiti","admin0","Clinical Cases","Cases",2015,0
"HTI","Haiti","admin0","Clinical Cases","Cases",2016,0
"HTI","Haiti","admin0","Clinical Cases","Cases",2017,0
"HTI","Haiti","admin0","Clinical Cases","Cases",2018,0
"HTI","Haiti","admin0","Clinical Cases","Cases",2019,0
"HTI","Haiti","admin0","Clinical Cases","Cases",2020,0
"HTI","Haiti","admin0","Clinical Cases","Cases",2021,0
"HTI","Haiti","admin0","Clinical Cases","Cases",2022,0
"IDN","Indonesia","admin0","Clinical Cases","Cases",2010,813283.4628093228
"IDN","Indonesia","admin0","Clinical Cases","Cases",2011,740612.2382736664
"IDN","Indonesia","admin0","Clinical Cases","Cases",2012,667170.086200148
"IDN","Indonesia","admin0","Clinical Cases","Cases",2013,544216.4171977127
"IDN","Indonesia","admin0","Clinical Cases","Cases",2014,405980.6453460781
"IDN","Indonesia","admin0","Clinical Cases","Cases",2015,398457.81486993574
"IDN","Indonesia","admin0","Clinical Cases","Cases",2016,322230.84878685913
"IDN","Indonesia","admin0","Clinical Cases","Cases",2017,395394.83823945594
"IDN","Indonesia","admin0","Clinical Cases","Cases",2018,315334.732080629
"IDN","Indonesia","admin0","Clinical Cases","Cases",2019,324196.7972454175
"IDN","Indonesia","admin0","Clinical Cases","Cases",2020,326981.4313514743
"IDN","Indonesia","admin0","Clinical Cases","Cases",2021,402835.99140830984
"IDN","Indonesia","admin0","Clinical Cases","Cases",2022,537390.2494686949
"IND","India","admin0","Clinical Cases","Cases",2010,9565073.895870438
"IND","India","admin0","Clinical Cases","Cases",2011,8414452.90147786
"IND","India","admin0","Clinical Cases","Cases",2012,7871655.062976009
"IND","India","admin0","Clinical Cases","Cases",2013,5572485.180219689
"IND","India","admin0","Clinical Cases","Cases",2014,4904319.968315224
"IND","India","admin0","Clinical Cases","Cases",2015,4965904.845667314
"IND","India","admin0","Clinical Cases","Cases",2016,6716049.273050359
"IND","India","admin0","Clinical Cases","Cases",2017,6374420.931982927
"IND","India","admin0","Clinical Cases","Cases",2018,4873808.8336379565
"IND","India","admin0","Clinical Cases","Cases",2019,3490534.593134457
"IND","India","admin0","Clinical Cases","Cases",2020,2423767.3447941393
"IND","India","admin0","Clinical Cases","Cases",2021,1864912.392381423
"IND","India","admin0","Clinical Cases","Cases",2022,1301737.8818313056
"IRN","Iran","admin0","Clinical Cases","Cases",2010,1677.6611628642888
"IRN","Iran","admin0","Clinical Cases","Cases",2011,1551.846254458121
"IRN","Iran","admin0","Clinical Cases","Cases",2012,740.6451808863764
"IRN","Iran","admin0","Clinical Cases","Cases",2013,445.3708253693473
"IRN","Iran","admin0","Clinical Cases","Cases",2014,354.5439083427149
"IRN","Iran","admin0","Clinical Cases","Cases",2015,158.79627482779196
"IRN","Iran","admin0","Clinical Cases","Cases",2016,93.93784293233946
"IRN","Iran","admin0","Clinical Cases","Cases",2017,68.46285297444749
"IRN","Iran","admin0","Clinical Cases","Cases",2018,19.159029275041092
"IRN","Iran","admin0","Clinical Cases","Cases",2019,69.13870364049096
"IRN","Iran","admin0","Clinical Cases","Cases",2020,144.10606591314013
"IRN","Iran","admin0","Clinical Cases","Cases",2021,148.27093148571242
"IRN","Iran","admin0","Clinical Cases","Cases",2022,1237.8021843008903
"IRQ","Iraq","admin0","Clinical Cases","Cases",2010,0
"IRQ","Iraq","admin0","Clinical Cases","Cases",2011,0
"IRQ","Iraq","admin0","Clinical Cases","Cases",2012,0
"IRQ","Iraq","admin0","Clinical Cases","Cases",2013,0
"IRQ","Iraq","admin0","Clinical Cases","Cases",2014,0
"IRQ","Iraq","admin0","Clinical Cases","Cases",2015,0
"IRQ","Iraq","admin0","Clinical Cases","Cases",2016,0
"IRQ","Iraq","admin0","Clinical Cases","Cases",2017,0
"IRQ","Iraq","admin0","Clinical Cases","Cases",2018,0
"IRQ","Iraq","admin0","Clinical Cases","Cases",2019,0
"IRQ","Iraq","admin0","Clinical Cases","Cases",2020,0
"IRQ","Iraq","admin0","Clinical Cases","Cases",2021,0
"IRQ","Iraq","admin0","Clinical Cases","Cases",2022,0
"KEN","Kenya","admin0","Clinical Cases","Cases",2010,0
"KEN","Kenya","admin0","Clinical Cases","Cases",2011,0
"KEN","Kenya","admin0","Clinical Cases","Cases",2012,0
"KEN","Kenya","admin0","Clinical Cases","Cases",2013,0
"KEN","Kenya","admin0","Clinical Cases","Cases",2014,0
"KEN","Kenya","admin0","Clinical Cases","Cases",2015,0
"KEN","Kenya","admin0","Clinical Cases","Cases",2016,0
"KEN","Kenya","admin0","Clinical Cases","Cases",2017,0
"KEN","Kenya","admin0","Clinical Cases","Cases",2018,0
"KEN","Kenya","admin0","Clinical Cases","Cases",2019,0
"KEN","Kenya","admin0","Clinical Cases","Cases",2020,0
"KEN","Kenya","admin0","Clinical Cases","Cases",2021,0
"KEN","Kenya","admin0","Clinical Cases","Cases",2022,0
"KGZ","Kyrgyzstan","admin0","Clinical Cases","Cases",2010,3.0000024963257683
"KGZ","Kyrgyzstan","admin0","Clinical Cases","Cases",2011,0
"KGZ","Kyrgyzstan","admin0","Clinical Cases","Cases",2012,0
"KGZ","Kyrgyzstan","admin0","Clinical Cases","Cases",2013,0
"KGZ","Kyrgyzstan","admin0","Clinical Cases","Cases",2014,0
"KGZ","Kyrgyzstan","admin0","Clinical Cases","Cases",2015,0
"KGZ","Kyrgyzstan","admin0","Clinical Cases","Cases",2016,0
"KGZ","Kyrgyzstan","admin0","Clinical Cases","Cases",2017,0
"KGZ","Kyrgyzstan","admin0","Clinical Cases","Cases",2018,0
"KGZ","Kyrgyzstan","admin0","Clinical Cases","Cases",2019,0
"KGZ","Kyrgyzstan","admin0","Clinical Cases","Cases",2020,0
"KGZ","Kyrgyzstan","admin0","Clinical Cases","Cases",2021,0
"KGZ","Kyrgyzstan","admin0","Clinical Cases","Cases",2022,0
"KHM","Cambodia","admin0","Clinical Cases","Cases",2010,170020.10188802908
"KHM","Cambodia","admin0","Clinical Cases","Cases",2011,179950.7897530337
"KHM","Cambodia","admin0","Clinical Cases","Cases",2012,140775.80283206873
"KHM","Cambodia","admin0","Clinical Cases","Cases",2013,101802.24061068615
"KHM","Cambodia","admin0","Clinical Cases","Cases",2014,134956.1835959275
"KHM","Cambodia","admin0","Clinical Cases","Cases",2015,99922.97510945973
"KHM","Cambodia","admin0","Clinical Cases","Cases",2016,70787.60451837927
"KHM","Cambodia","admin0","Clinical Cases","Cases",2017,136799.29838409333
"KHM","Cambodia","admin0","Clinical Cases","Cases",2018,156973.83166232324
"KHM","Cambodia","admin0","Clinical Cases","Cases",2019,92770.7969669814
"KHM","Cambodia","admin0","Clinical Cases","Cases",2020,32328.49761168563
"KHM","Cambodia","admin0","Clinical Cases","Cases",2021,15758.313779859674
"KHM","Cambodia","admin0","Clinical Cases","Cases",2022,14391.980101361278
"KOR","South Korea","admin0","Clinical Cases","Cases",2010,1693.8539834951084
"KOR","South Korea","admin0","Clinical Cases","Cases",2011,764.0110901336362
"KOR","South Korea","admin0","Clinical Cases","Cases",2012,501.443942888224
"KOR","South Korea","admin0","Clinical Cases","Cases",2013,393.0000092023295
"KOR","South Korea","admin0","Clinical Cases","Cases",2014,557.0000058109277
"KOR","South Korea","admin0","Clinical Cases","Cases",2015,627.0000171637975
"KOR","South Korea","admin0","Clinical Cases","Cases",2016,602.0000219933431
"KOR","South Korea","admin0","Clinical Cases","Cases",2017,436.00000166306324
"KOR","South Korea","admin0","Clinical Cases","Cases",2018,501.0000130080281
"KOR","South Korea","admin0","Clinical Cases","Cases",2019,485.0000060146177
"KOR","South Korea","admin0","Clinical Cases","Cases",2020,361.0000124936586
"KOR","South Korea","admin0","Clinical Cases","Cases",2021,273.99999963528523
"KOR","South Korea","admin0","Clinical Cases","Cases",2022,390.00001021109654
"LAO","Laos","admin0","Clinical Cases","Cases",2010,1298.497749539036
"LAO","Laos","admin0","Clinical Cases","Cases",2011,2683.995568601759
"LAO","Laos","admin0","Clinical Cases","Cases",2012,21177.85055674718
"LAO","Laos","admin0","Clinical Cases","Cases",2013,33704.08673121429
"LAO","Laos","admin0","Clinical Cases","Cases",2014,58068.08853911116
"LAO","Laos","admin0","Clinical Cases","Cases",2015,51478.05451049761
"LAO","Laos","admin0","Clinical Cases","Cases",2016,23358.561775707545
"LAO","Laos","admin0","Clinical Cases","Cases",2017,10333.98091806128
"LAO","Laos","admin0","Clinical Cases","Cases",2018,10060.737690310321
"LAO","Laos","admin0","Clinical Cases","Cases",2019,10736.552742219972
"LAO","Laos","admin0","Clinical Cases","Cases",2020,4516.522926730329
"LAO","Laos","admin0","Clinical Cases","Cases",2021,5911.6835607815465
"LAO","Laos","admin0","Clinical Cases","Cases",2022,4245.818457862487
"LBR","Liberia","admin0","Clinical Cases","Cases",2010,0
"LBR","Liberia","admin0","Clinical Cases","Cases",2011,0
"LBR","Liberia","admin0","Clinical Cases","Cases",2012,0
"LBR","Liberia","admin0","Clinical Cases","Cases",2013,0
"LBR","Liberia","admin0","Clinical Cases","Cases",2014,0
"LBR","Liberia","admin0","Clinical Cases","Cases",2015,0
"LBR","Liberia","admin0","Clinical Cases","Cases",2016,0
"LBR","Liberia","admin0","Clinical Cases","Cases",2017,0
"LBR","Liberia","admin0","Clinical Cases","Cases",2018,0
"LBR","Liberia","admin0","Clinical Cases","Cases",2019,0
"LBR","Liberia","admin0","Clinical Cases","Cases",2020,0
"LBR","Liberia","admin0","Clinical Cases","Cases",2021,0
"LBR","Liberia","admin0","Clinical Cases","Cases",2022,0
"LKA","Sri Lanka","admin0","Clinical Cases","Cases",2010,1918.0139042798303
"LKA","Sri Lanka","admin0","Clinical Cases","Cases",2011,120.95082842281934
"LKA","Sri Lanka","admin0","Clinical Cases","Cases",2012,19.00000400829898
"LKA","Sri Lanka","admin0","Clinical Cases","Cases",2013,0
"LKA","Sri Lanka","admin0","Clinical Cases","Cases",2014,0
"LKA","Sri Lanka","admin0","Clinical Cases","Cases",2015,0
"LKA","Sri Lanka","admin0","Clinical Cases","Cases",2016,0
"LKA","Sri Lanka","admin0","Clinical Cases","Cases",2017,0
"LKA","Sri Lanka","admin0","Clinical Cases","Cases",2018,0
"LKA","Sri Lanka","admin0","Clinical Cases","Cases",2019,0
"LKA","Sri Lanka","admin0","Clinical Cases","Cases",2020,0
"LKA","Sri Lanka","admin0","Clinical Cases","Cases",2021,0
"LKA","Sri Lanka","admin0","Clinical Cases","Cases",2022,0
"MAR","Morocco","admin0","Clinical Cases","Cases",2010,0
"MAR","Morocco","admin0","Clinical Cases","Cases",2011,0
"MAR","Morocco","admin0","Clinical Cases","Cases",2012,0
"MAR","Morocco","admin0","Clinical Cases","Cases",2013,0
"MAR","Morocco","admin0","Clinical Cases","Cases",2014,0
"MAR","Morocco","admin0","Clinical Cases","Cases",2015,0
"MAR","Morocco","admin0","Clinical Cases","Cases",2016,0
"MAR","Morocco","admin0","Clinical Cases","Cases",2017,0
"MAR","Morocco","admin0","Clinical Cases","Cases",2018,0
"MAR","Morocco","admin0","Clinical Cases","Cases",2019,0
"MAR","Morocco","admin0","Clinical Cases","Cases",2020,0
"MAR","Morocco","admin0","Clinical Cases","Cases",2021,0
"MAR","Morocco","admin0","Clinical Cases","Cases",2022,0
"MDG","Madagascar","admin0","Clinical Cases","Cases",2010,79755.38793124803
"MDG","Madagascar","admin0","Clinical Cases","Cases",2011,75749.16568969958
"MDG","Madagascar","admin0","Clinical Cases","Cases",2012,79912.84791602785
"MDG","Madagascar","admin0","Clinical Cases","Cases",2013,25467.489063742283
"MDG","Madagascar","admin0","Clinical Cases","Cases",2014,95000.10297486058
"MDG","Madagascar","admin0","Clinical Cases","Cases",2015,93220.12654402507
"MDG","Madagascar","admin0","Clinical Cases","Cases",2016,92616.25134439091
"MDG","Madagascar","admin0","Clinical Cases","Cases",2017,5236.043821617126
"MDG","Madagascar","admin0","Clinical Cases","Cases",2018,107836.39101711316
"MDG","Madagascar","admin0","Clinical Cases","Cases",2019,127438.5132274838
"MDG","Madagascar","admin0","Clinical Cases","Cases",2020,903.0942421275469
"MDG","Madagascar","admin0","Clinical Cases","Cases",2021,158568.94208205436
"MDG","Madagascar","admin0","Clinical Cases","Cases",2022,147939.05982138135
"MEX","Mexico","admin0","Clinical Cases","Cases",2010,2688.211349345424
"MEX","Mexico","admin0","Clinical Cases","Cases",2011,2511.963103958995
"MEX","Mexico","admin0","Clinical Cases","Cases",2012,1855.5018445314204
"MEX","Mexico","admin0","Clinical Cases","Cases",2013,1102.2991148897381
"MEX","Mexico","admin0","Clinical Cases","Cases",2014,1397.930665776737
"MEX","Mexico","admin0","Clinical Cases","Cases",2015,1111.961962899026
"MEX","Mexico","admin0","Clinical Cases","Cases",2016,1229.5031109129914
"MEX","Mexico","admin0","Clinical Cases","Cases",2017,1620.5346925859521
"MEX","Mexico","admin0","Clinical Cases","Cases",2018,1637.0364508961509
"MEX","Mexico","admin0","Clinical Cases","Cases",2019,1284.4493686607573
"MEX","Mexico","admin0","Clinical Cases","Cases",2020,747.7204843280961
"MEX","Mexico","admin0","Clinical Cases","Cases",2021,536.2338812750288
"MEX","Mexico","admin0","Clinical Cases","Cases",2022,418.7734677704221
"MLI","Mali","admin0","Clinical Cases","Cases",2010,0
"MLI","Mali","admin0","Clinical Cases","Cases",2011,0
"MLI","Mali","admin0","Clinical Cases","Cases",2012,0
"MLI","Mali","admin0","Clinical Cases","Cases",2013,0
"MLI","Mali","admin0","Clinical Cases","Cases",2014,0
"MLI","Mali","admin0","Clinical Cases","Cases",2015,0
"MLI","Mali","admin0","Clinical Cases","Cases",2016,0
"MLI","Mali","admin0","Clinical Cases","Cases",2017,0
"MLI","Mali","admin0","Clinical Cases","Cases",2018,0
"MLI","Mali","admin0","Clinical Cases","Cases",2019,0
"MLI","Mali","admin0","Clinical Cases","Cases",2020,0
"MLI","Mali","admin0","Clinical Cases","Cases",2021,0
"MLI","Mali","admin0","Clinical Cases","Cases",2022,0
"MMR","Myanmar","admin0","Clinical Cases","Cases",2010,136389.9517848156
"MMR","Myanmar","admin0","Clinical Cases","Cases",2011,94599.79711487134
"MMR","Myanmar","admin0","Clinical Cases","Cases",2012,563082.2389057899
"MMR","Myanmar","admin0","Clinical Cases","Cases",2013,383091.12699629343
"MMR","Myanmar","admin0","Clinical Cases","Cases",2014,213618.94346611167
"MMR","Myanmar","admin0","Clinical Cases","Cases",2015,196299.81769683192
"MMR","Myanmar","admin0","Clinical Cases","Cases",2016,126168.64648027996
"MMR","Myanmar","admin0","Clinical Cases","Cases",2017,91896.28587194553
"MMR","Myanmar","admin0","Clinical Cases","Cases",2018,99275.9393706034
"MMR","Myanmar","admin0","Clinical Cases","Cases",2019,94023.8647421704
"MMR","Myanmar","admin0","Clinical Cases","Cases",2020,118399.20854950286
"MMR","Myanmar","admin0","Clinical Cases","Cases",2021,169700.25373140286
"MMR","Myanmar","admin0","Clinical Cases","Cases",2022,324914.6407467279
"MOZ","Mozambique","admin0","Clinical Cases","Cases",2010,0
"MOZ","Mozambique","admin0","Clinical Cases","Cases",2011,0
"MOZ","Mozambique","admin0","Clinical Cases","Cases",2012,0
"MOZ","Mozambique","admin0","Clinical Cases","Cases",2013,0
"MOZ","Mozambique","admin0","Clinical Cases","Cases",2014,0
"MOZ","Mozambique","admin0","Clinical Cases","Cases",2015,0
"MOZ","Mozambique","admin0","Clinical Cases","Cases",2016,0
"MOZ","Mozambique","admin0","Clinical Cases","Cases",2017,0
"MOZ","Mozambique","admin0","Clinical Cases","Cases",2018,0
"MOZ","Mozambique","admin0","Clinical Cases","Cases",2019,0
"MOZ","Mozambique","admin0","Clinical Cases","Cases",2020,0
"MOZ","Mozambique","admin0","Clinical Cases","Cases",2021,0
"MOZ","Mozambique","admin0","Clinical Cases","Cases",2022,0
"MRT","Mauritania","admin0","Clinical Cases","Cases",2010,0
"MRT","Mauritania","admin0","Clinical Cases","Cases",2011,0
"MRT","Mauritania","admin0","Clinical Cases","Cases",2012,0
"MRT","Mauritania","admin0","Clinical Cases","Cases",2013,0
"MRT","Mauritania","admin0","Clinical Cases","Cases",2014,0
"MRT","Mauritania","admin0","Clinical Cases","Cases",2015,0
"MRT","Mauritania","admin0","Clinical Cases","Cases",2016,0
"MRT","Mauritania","admin0","Clinical Cases","Cases",2017,0
"MRT","Mauritania","admin0","Clinical Cases","Cases",2018,0
"MRT","Mauritania","admin0","Clinical Cases","Cases",2019,0
"MRT","Mauritania","admin0","Clinical Cases","Cases",2020,0
"MRT","Mauritania","admin0","Clinical Cases","Cases",2021,0
"MRT","Mauritania","admin0","Clinical Cases","Cases",2022,0
"MWI","Malawi","admin0","Clinical Cases","Cases",2010,0
"MWI","Malawi","admin0","Clinical Cases","Cases",2011,0
"MWI","Malawi","admin0","Clinical Cases","Cases",2012,0
"MWI","Malawi","admin0","Clinical Cases","Cases",2013,0
"MWI","Malawi","admin0","Clinical Cases","Cases",2014,0
"MWI","Malawi","admin0","Clinical Cases","Cases",2015,0
"MWI","Malawi","admin0","Clinical Cases","Cases",2016,0
"MWI","Malawi","admin0","Clinical Cases","Cases",2017,0
"MWI","Malawi","admin0","Clinical Cases","Cases",2018,0
"MWI","Malawi","admin0","Clinical Cases","Cases",2019,0
"MWI","Malawi","admin0","Clinical Cases","Cases",2020,0
"MWI","Malawi","admin0","Clinical Cases","Cases",2021,0
"MWI","Malawi","admin0","Clinical Cases","Cases",2022,0
"MYS","Malaysia","admin0","Clinical Cases","Cases",2010,7216.892150616029
"MYS","Malaysia","admin0","Clinical Cases","Cases",2011,5139.252351117803
"MYS","Malaysia","admin0","Clinical Cases","Cases",2012,3330.1443666169184
"MYS","Malaysia","admin0","Clinical Cases","Cases",2013,958.0738383753898
"MYS","Malaysia","admin0","Clinical Cases","Cases",2014,643.8125326473255
"MYS","Malaysia","admin0","Clinical Cases","Cases",2015,199.5097725833012
"MYS","Malaysia","admin0","Clinical Cases","Cases",2016,334.0285700088276
"MYS","Malaysia","admin0","Clinical Cases","Cases",2017,140.29216199389103
"MYS","Malaysia","admin0","Clinical Cases","Cases",2018,0
"MYS","Malaysia","admin0","Clinical Cases","Cases",2019,0
"MYS","Malaysia","admin0","Clinical Cases","Cases",2020,0
"MYS","Malaysia","admin0","Clinical Cases","Cases",2021,0
"MYS","Malaysia","admin0","Clinical Cases","Cases",2022,0
"MYT","Mayotte","admin0","Clinical Cases","Cases",2010,0
"MYT","Mayotte","admin0","Clinical Cases","Cases",2011,0
"MYT","Mayotte","admin0","Clinical Cases","Cases",2012,0
"MYT","Mayotte","admin0","Clinical Cases","Cases",2013,0
"MYT","Mayotte","admin0","Clinical Cases","Cases",2014,0
"MYT","Mayotte","admin0","Clinical Cases","Cases",2015,0
"MYT","Mayotte","admin0","Clinical Cases","Cases",2016,0
"MYT","Mayotte","admin0","Clinical Cases","Cases",2017,0
"MYT","Mayotte","admin0","Clinical Cases","Cases",2018,0
"MYT","Mayotte","admin0","Clinical Cases","Cases",2019,0
"MYT","Mayotte","admin0","Clinical Cases","Cases",2020,0
"MYT","Mayotte","admin0","Clinical Cases","Cases",2021,0
"MYT","Mayotte","admin0","Clinical Cases","Cases",2022,0
"NAM","Namibia","admin0","Clinical Cases","Cases",2010,0
"NAM","Namibia","admin0","Clinical Cases","Cases",2011,0
"NAM","Namibia","admin0","Clinical Cases","Cases",2012,0
"NAM","Namibia","admin0","Clinical Cases","Cases",2013,0
"NAM","Namibia","admin0","Clinical Cases","Cases",2014,0
"NAM","Namibia","admin0","Clinical Cases","Cases",2015,0
"NAM","Namibia","admin0","Clinical Cases","Cases",2016,0
"NAM","Namibia","admin0","Clinical Cases","Cases",2017,0
"NAM","Namibia","admin0","Clinical Cases","Cases",2018,0
"NAM","Namibia","admin0","Clinical Cases","Cases",2019,0
"NAM","Namibia","admin0","Clinical Cases","Cases",2020,0
"NAM","Namibia","admin0","Clinical Cases","Cases",2021,0
"NAM","Namibia","admin0","Clinical Cases","Cases",2022,0
"NER","Niger","admin0","Clinical Cases","Cases",2010,0
"NER","Niger","admin0","Clinical Cases","Cases",2011,0
"NER","Niger","admin0","Clinical Cases","Cases",2012,0
"NER","Niger","admin0","Clinical Cases","Cases",2013,0
"NER","Niger","admin0","Clinical Cases","Cases",2014,0
"NER","Niger","admin0","Clinical Cases","Cases",2015,0
"NER","Niger","admin0","Clinical Cases","Cases",2016,0
"NER","Niger","admin0","Clinical Cases","Cases",2017,0
"NER","Niger","admin0","Clinical Cases","Cases",2018,0
"NER","Niger","admin0","Clinical Cases","Cases",2019,0
"NER","Niger","admin0","Clinical Cases","Cases",2020,0
"NER","Niger","admin0","Clinical Cases","Cases",2021,0
"NER","Niger","admin0","Clinical Cases","Cases",2022,0
"NGA","Nigeria","admin0","Clinical Cases","Cases",2010,0
"NGA","Nigeria","admin0","Clinical Cases","Cases",2011,0
"NGA","Nigeria","admin0","Clinical Cases","Cases",2012,0
"NGA","Nigeria","admin0","Clinical Cases","Cases",2013,0
"NGA","Nigeria","admin0","Clinical Cases","Cases",2014,0
"NGA","Nigeria","admin0","Clinical Cases","Cases",2015,0
"NGA","Nigeria","admin0","Clinical Cases","Cases",2016,0
"NGA","Nigeria","admin0","Clinical Cases","Cases",2017,0
"NGA","Nigeria","admin0","Clinical Cases","Cases",2018,0
"NGA","Nigeria","admin0","Clinical Cases","Cases",2019,0
"NGA","Nigeria","admin0","Clinical Cases","Cases",2020,0
"NGA","Nigeria","admin0","Clinical Cases","Cases",2021,0
"NGA","Nigeria","admin0","Clinical Cases","Cases",2022,0
"NIC","Nicaragua","admin0","Clinical Cases","Cases",2010,1114.7877490276771
"NIC","Nicaragua","admin0","Clinical Cases","Cases",2011,1562.9322192636387
"NIC","Nicaragua","admin0","Clinical Cases","Cases",2012,1979.3501408995996
"NIC","Nicaragua","admin0","Clinical Cases","Cases",2013,1963.3622184669885
"NIC","Nicaragua","admin0","Clinical Cases","Cases",2014,1937.8224992524558
"NIC","Nicaragua","admin0","Clinical Cases","Cases",2015,3753.4006094254178
"NIC","Nicaragua","admin0","Clinical Cases","Cases",2016,9212.813379596808
"NIC","Nicaragua","admin0","Clinical Cases","Cases",2017,16742.912187228216
"NIC","Nicaragua","admin0","Clinical Cases","Cases",2018,26604.581932396286
"NIC","Nicaragua","admin0","Clinical Cases","Cases",2019,20239.719826758454
"NIC","Nicaragua","admin0","Clinical Cases","Cases",2020,25807.573031161126
"NIC","Nicaragua","admin0","Clinical Cases","Cases",2021,21416.406656709212
"NIC","Nicaragua","admin0","Clinical Cases","Cases",2022,20453.289422483827
"NPL","Nepal","admin0","Clinical Cases","Cases",2010,35239.21167137198
"NPL","Nepal","admin0","Clinical Cases","Cases",2011,21179.76126394757
"NPL","Nepal","admin0","Clinical Cases","Cases",2012,15630.135371831873
"NPL","Nepal","admin0","Clinical Cases","Cases",2013,13091.26263995533
"NPL","Nepal","admin0","Clinical Cases","Cases",2014,7374.2230276623795
"NPL","Nepal","admin0","Clinical Cases","Cases",2015,7738.494029348255
"NPL","Nepal","admin0","Clinical Cases","Cases",2016,5553.2298509982065
"NPL","Nepal","admin0","Clinical Cases","Cases",2017,5922.571338287082
"NPL","Nepal","admin0","Clinical Cases","Cases",2018,4806.6453697655525
"NPL","Nepal","admin0","Clinical Cases","Cases",2019,1209.3979825546755
"NPL","Nepal","admin0","Clinical Cases","Cases",2020,711.0660559096711
"NPL","Nepal","admin0","Clinical Cases","Cases",2021,304.6687707213921
"NPL","Nepal","admin0","Clinical Cases","Cases",2022,345.88969789351216
"OMN","Oman","admin0","Clinical Cases","Cases",2010,21.043037842143534
"OMN","Oman","admin0","Clinical Cases","Cases",2011,12.137886180445593
"OMN","Oman","admin0","Clinical Cases","Cases",2012,21.05606968223888
"OMN","Oman","admin0","Clinical Cases","Cases",2013,10.355616550658695
"OMN","Oman","admin0","Clinical Cases","Cases",2014,12.96203824662381
"OMN","Oman","admin0","Clinical Cases","Cases",2015,16.84378238600993
"OMN","Oman","admin0","Clinical Cases","Cases",2016,23.371732620010988
"OMN","Oman","admin0","Clinical Cases","Cases",2017,31.281585775264983
"OMN","Oman","admin0","Clinical Cases","Cases",2018,39.83647474639735
"OMN","Oman","admin0","Clinical Cases","Cases",2019,49.07891890589083
"OMN","Oman","admin0","Clinical Cases","Cases",2020,133.74276153126257
"OMN","Oman","admin0","Clinical Cases","Cases",2021,125.47031765733827
"OMN","Oman","admin0","Clinical Cases","Cases",2022,153.24182207838905
"PAK","Pakistan","admin0","Clinical Cases","Cases",2010,2911484.590263277
"PAK","Pakistan","admin0","Clinical Cases","Cases",2011,4159449.280346648
"PAK","Pakistan","admin0","Clinical Cases","Cases",2012,3589520.480456825
"PAK","Pakistan","admin0","Clinical Cases","Cases",2013,2952645.949976256
"PAK","Pakistan","admin0","Clinical Cases","Cases",2014,2633333.9829914956
"PAK","Pakistan","admin0","Clinical Cases","Cases",2015,2450875.171408415
"PAK","Pakistan","admin0","Clinical Cases","Cases",2016,2784828.4915237306
"PAK","Pakistan","admin0","Clinical Cases","Cases",2017,2537170.2864681045
"PAK","Pakistan","admin0","Clinical Cases","Cases",2018,2422275.5805687997
"PAK","Pakistan","admin0","Clinical Cases","Cases",2019,2095772.8386556122
"PAK","Pakistan","admin0","Clinical Cases","Cases",2020,1983068.0880297364
"PAK","Pakistan","admin0","Clinical Cases","Cases",2021,1907829.7256164877
"PAK","Pakistan","admin0","Clinical Cases","Cases",2022,5814172.173952166
"PAN","Panama","admin0","Clinical Cases","Cases",2010,841.0812826387564
"PAN","Panama","admin0","Clinical Cases","Cases",2011,697.8487666904439
"PAN","Panama","admin0","Clinical Cases","Cases",2012,1641.0762870914325
"PAN","Panama","admin0","Clinical Cases","Cases",2013,1454.829511484139
"PAN","Panama","admin0","Clinical Cases","Cases",2014,1930.1187889105381
"PAN","Panama","admin0","Clinical Cases","Cases",2015,1070.1979768598717
"PAN","Panama","admin0","Clinical Cases","Cases",2016,1399.3644877192432
"PAN","Panama","admin0","Clinical Cases","Cases",2017,1264.2878961612414
"PAN","Panama","admin0","Clinical Cases","Cases",2018,1355.5447930523787
"PAN","Panama","admin0","Clinical Cases","Cases",2019,3319.4205929008176
"PAN","Panama","admin0","Clinical Cases","Cases",2020,3817.5617195429854
"PAN","Panama","admin0","Clinical Cases","Cases",2021,7989.362760531715
"PAN","Panama","admin0","Clinical Cases","Cases",2022,13471.577982538573
"PER","Peru","admin0","Clinical Cases","Cases",2010,55850.22623409332
"PER","Peru","admin0","Clinical Cases","Cases",2011,40328.82812835187
"PER","Peru","admin0","Clinical Cases","Cases",2012,54158.92823354846
"PER","Peru","admin0","Clinical Cases","Cases",2013,125636.18525102222
"PER","Peru","admin0","Clinical Cases","Cases",2014,151406.67029775665
"PER","Peru","admin0","Clinical Cases","Cases",2015,114358.6915834847
"PER","Peru","admin0","Clinical Cases","Cases",2016,76815.36294715044
"PER","Peru","admin0","Clinical Cases","Cases",2017,72943.44380992015
"PER","Peru","admin0","Clinical Cases","Cases",2018,66681.88765161455
"PER","Peru","admin0","Clinical Cases","Cases",2019,36927.15886643905
"PER","Peru","admin0","Clinical Cases","Cases",2020,23226.111465104044
"PER","Peru","admin0","Clinical Cases","Cases",2021,28207.54211442189
"PER","Peru","admin0","Clinical Cases","Cases",2022,40835.02652714667
"PHL","Philippines","admin0","Clinical Cases","Cases",2010,13472.237749029631
"PHL","Philippines","admin0","Clinical Cases","Cases",2011,8188.48626991844
"PHL","Philippines","admin0","Clinical Cases","Cases",2012,7260.858439300625
"PHL","Philippines","admin0","Clinical Cases","Cases",2013,4877.379418750372
"PHL","Philippines","admin0","Clinical Cases","Cases",2014,3649.793629140722
"PHL","Philippines","admin0","Clinical Cases","Cases",2015,4188.279983561586
"PHL","Philippines","admin0","Clinical Cases","Cases",2016,2643.1871790068576
"PHL","Philippines","admin0","Clinical Cases","Cases",2017,2556.3322150291647
"PHL","Philippines","admin0","Clinical Cases","Cases",2018,1242.8676665033418
"PHL","Philippines","admin0","Clinical Cases","Cases",2019,1613.4116216467241
"PHL","Philippines","admin0","Clinical Cases","Cases",2020,1968.4406053337555
"PHL","Philippines","admin0","Clinical Cases","Cases",2021,1998.9425487077813
"PHL","Philippines","admin0","Clinical Cases","Cases",2022,1676.4282888362445
"PNG","Papua New Guinea","admin0","Clinical Cases","Cases",2010,708720.8026397498
"PNG","Papua New Guinea","admin0","Clinical Cases","Cases",2011,639533.0852409437
"PNG","Papua New Guinea","admin0","Clinical Cases","Cases",2012,667252.3205027075
"PNG","Papua New Guinea","admin0","Clinical Cases","Cases",2013,893789.9195504412
"PNG","Papua New Guinea","admin0","Clinical Cases","Cases",2014,819014.25065777
"PNG","Papua New Guinea","admin0","Clinical Cases","Cases",2015,649642.6620831969
"PNG","Papua New Guinea","admin0","Clinical Cases","Cases",2016,700632.699248806
"PNG","Papua New Guinea","admin0","Clinical Cases","Cases",2017,825488.1508449324
"PNG","Papua New Guinea","admin0","Clinical Cases","Cases",2018,841199.1170541438
"PNG","Papua New Guinea","admin0","Clinical Cases","Cases",2019,790970.717168548
"PNG","Papua New Guinea","admin0","Clinical Cases","Cases",2020,840561.1250674404
"PNG","Papua New Guinea","admin0","Clinical Cases","Cases",2021,791050.7912503023
"PNG","Papua New Guinea","admin0","Clinical Cases","Cases",2022,1074753.0258218453
"PRK","North Korea","admin0","Clinical Cases","Cases",2010,45955.76519376382
"PRK","North Korea","admin0","Clinical Cases","Cases",2011,56232.57573214071
"PRK","North Korea","admin0","Clinical Cases","Cases",2012,67319.84756475629
"PRK","North Korea","admin0","Clinical Cases","Cases",2013,47207.73334110248
"PRK","North Korea","admin0","Clinical Cases","Cases",2014,34351.433317021394
"PRK","North Korea","admin0","Clinical Cases","Cases",2015,22676.45266237087
"PRK","North Korea","admin0","Clinical Cases","Cases",2016,16568.03723053326
"PRK","North Korea","admin0","Clinical Cases","Cases",2017,14589.579062804318
"PRK","North Korea","admin0","Clinical Cases","Cases",2018,11234.22379909934
"PRK","North Korea","admin0","Clinical Cases","Cases",2019,6001.118941208766
"PRK","North Korea","admin0","Clinical Cases","Cases",2020,5409.297744850767
"PRK","North Korea","admin0","Clinical Cases","Cases",2021,7971.19926457123
"PRK","North Korea","admin0","Clinical Cases","Cases",2022,6954.8284405874765
"PRY","Paraguay","admin0","Clinical Cases","Cases",2010,41.94634497890567
"PRY","Paraguay","admin0","Clinical Cases","Cases",2011,7.69937561189548
"PRY","Paraguay","admin0","Clinical Cases","Cases",2012,0
"PRY","Paraguay","admin0","Clinical Cases","Cases",2013,0
"PRY","Paraguay","admin0","Clinical Cases","Cases",2014,0
"PRY","Paraguay","admin0","Clinical Cases","Cases",2015,0
"PRY","Paraguay","admin0","Clinical Cases","Cases",2016,0
"PRY","Paraguay","admin0","Clinical Cases","Cases",2017,0
"PRY","Paraguay","admin0","Clinical Cases","Cases",2018,0
"PRY","Paraguay","admin0","Clinical Cases","Cases",2019,0
"PRY","Paraguay","admin0","Clinical Cases","Cases",2020,0
"PRY","Paraguay","admin0","Clinical Cases","Cases",2021,0
"PRY","Paraguay","admin0","Clinical Cases","Cases",2022,0
"RWA","Rwanda","admin0","Clinical Cases","Cases",2010,0
"RWA","Rwanda","admin0","Clinical Cases","Cases",2011,0
"RWA","Rwanda","admin0","Clinical Cases","Cases",2012,0
"RWA","Rwanda","admin0","Clinical Cases","Cases",2013,0
"RWA","Rwanda","admin0","Clinical Cases","Cases",2014,0
"RWA","Rwanda","admin0","Clinical Cases","Cases",2015,0
"RWA","Rwanda","admin0","Clinical Cases","Cases",2016,0
"RWA","Rwanda","admin0","Clinical Cases","Cases",2017,0
"RWA","Rwanda","admin0","Clinical Cases","Cases",2018,0
"RWA","Rwanda","admin0","Clinical Cases","Cases",2019,0
"RWA","Rwanda","admin0","Clinical Cases","Cases",2020,0
"RWA","Rwanda","admin0","Clinical Cases","Cases",2021,0
"RWA","Rwanda","admin0","Clinical Cases","Cases",2022,0
"SAU","Saudi Arabia","admin0","Clinical Cases","Cases",2010,0
"SAU","Saudi Arabia","admin0","Clinical Cases","Cases",2011,0
"SAU","Saudi Arabia","admin0","Clinical Cases","Cases",2012,0
"SAU","Saudi Arabia","admin0","Clinical Cases","Cases",2013,0
"SAU","Saudi Arabia","admin0","Clinical Cases","Cases",2014,0
"SAU","Saudi Arabia","admin0","Clinical Cases","Cases",2015,0
"SAU","Saudi Arabia","admin0","Clinical Cases","Cases",2016,1.9999998539572283
"SAU","Saudi Arabia","admin0","Clinical Cases","Cases",2017,4.9999958448214805
"SAU","Saudi Arabia","admin0","Clinical Cases","Cases",2018,12.721316414173263
"SAU","Saudi Arabia","admin0","Clinical Cases","Cases",2019,0
"SAU","Saudi Arabia","admin0","Clinical Cases","Cases",2020,0
"SAU","Saudi Arabia","admin0","Clinical Cases","Cases",2021,0
"SAU","Saudi Arabia","admin0","Clinical Cases","Cases",2022,0
"SDN","Sudan","admin0","Clinical Cases","Cases",2010,187721.78027384475
"SDN","Sudan","admin0","Clinical Cases","Cases",2011,188227.0549299386
"SDN","Sudan","admin0","Clinical Cases","Cases",2012,193719.3037858168
"SDN","Sudan","admin0","Clinical Cases","Cases",2013,207457.61220121846
"SDN","Sudan","admin0","Clinical Cases","Cases",2014,234682.3316704928
"SDN","Sudan","admin0","Clinical Cases","Cases",2015,263105.7075828109
"SDN","Sudan","admin0","Clinical Cases","Cases",2016,259525.2180835037
"SDN","Sudan","admin0","Clinical Cases","Cases",2017,209392.8237198306
"SDN","Sudan","admin0","Clinical Cases","Cases",2018,264168.28553011565
"SDN","Sudan","admin0","Clinical Cases","Cases",2019,376191.60799753026
"SDN","Sudan","admin0","Clinical Cases","Cases",2020,380318.91511705617
"SDN","Sudan","admin0","Clinical Cases","Cases",2021,421250.06837783864
"SDN","Sudan","admin0","Clinical Cases","Cases",2022,398685.10023614415
"SEN","Senegal","admin0","Clinical Cases","Cases",2010,0
"SEN","Senegal","admin0","Clinical Cases","Cases",2011,0
"SEN","Senegal","admin0","Clinical Cases","Cases",2012,0
"SEN","Senegal","admin0","Clinical Cases","Cases",2013,0
"SEN","Senegal","admin0","Clinical Cases","Cases",2014,0
"SEN","Senegal","admin0","Clinical Cases","Cases",2015,0
"SEN","Senegal","admin0","Clinical Cases","Cases",2016,0
"SEN","Senegal","admin0","Clinical Cases","Cases",2017,0
"SEN","Senegal","admin0","Clinical Cases","Cases",2018,0
"SEN","Senegal","admin0","Clinical Cases","Cases",2019,0
"SEN","Senegal","admin0","Clinical Cases","Cases",2020,0
"SEN","Senegal","admin0","Clinical Cases","Cases",2021,0
"SEN","Senegal","admin0","Clinical Cases","Cases",2022,0
"SLB","Solomon Islands","admin0","Clinical Cases","Cases",2010,38482.65497928992
"SLB","Solomon Islands","admin0","Clinical Cases","Cases",2011,28006.95490476086
"SLB","Solomon Islands","admin0","Clinical Cases","Cases",2012,23606.374410988745
"SLB","Solomon Islands","admin0","Clinical Cases","Cases",2013,30102.52952591014
"SLB","Solomon Islands","admin0","Clinical Cases","Cases",2014,17612.27609088467
"SLB","Solomon Islands","admin0","Clinical Cases","Cases",2015,27868.690027324465
"SLB","Solomon Islands","admin0","Clinical Cases","Cases",2016,72483.60603942828
"SLB","Solomon Islands","admin0","Clinical Cases","Cases",2017,68488.65018226096
"SLB","Solomon Islands","admin0","Clinical Cases","Cases",2018,82756.56910994256
"SLB","Solomon Islands","admin0","Clinical Cases","Cases",2019,107107.88058237277
"SLB","Solomon Islands","admin0","Clinical Cases","Cases",2020,120054.43204446216
"SLB","Solomon Islands","admin0","Clinical Cases","Cases",2021,135508.0234368884
"SLB","Solomon Islands","admin0","Clinical Cases","Cases",2022,145610.48414466134
"SLE","Sierra Leone","admin0","Clinical Cases","Cases",2010,0
"SLE","Sierra Leone","admin0","Clinical Cases","Cases",2011,0
"SLE","Sierra Leone","admin0","Clinical Cases","Cases",2012,0
"SLE","Sierra Leone","admin0","Clinical Cases","Cases",2013,0
"SLE","Sierra Leone","admin0","Clinical Cases","Cases",2014,0
"SLE","Sierra Leone","admin0","Clinical Cases","Cases",2015,0
"SLE","Sierra Leone","admin0","Clinical Cases","Cases",2016,0
"SLE","Sierra Leone","admin0","Clinical Cases","Cases",2017,0
"SLE","Sierra Leone","admin0","Clinical Cases","Cases",2018,0
"SLE","Sierra Leone","admin0","Clinical Cases","Cases",2019,0
"SLE","Sierra Leone","admin0","Clinical Cases","Cases",2020,0
"SLE","Sierra Leone","admin0","Clinical Cases","Cases",2021,0
"SLE","Sierra Leone","admin0","Clinical Cases","Cases",2022,0
"SLV","El Salvador","admin0","Clinical Cases","Cases",2010,48.48251795061022
"SLV","El Salvador","admin0","Clinical Cases","Cases",2011,25.964872978267273
"SLV","El Salvador","admin0","Clinical Cases","Cases",2012,34.47016091927455
"SLV","El Salvador","admin0","Clinical Cases","Cases",2013,24.13636045311783
"SLV","El Salvador","admin0","Clinical Cases","Cases",2014,23.164690970783575
"SLV","El Salvador","admin0","Clinical Cases","Cases",2015,18.42869841877036
"SLV","El Salvador","admin0","Clinical Cases","Cases",2016,23.799566092355388
"SLV","El Salvador","admin0","Clinical Cases","Cases",2017,9.405068517230761
"SLV","El Salvador","admin0","Clinical Cases","Cases",2018,0
"SLV","El Salvador","admin0","Clinical Cases","Cases",2019,0
"SLV","El Salvador","admin0","Clinical Cases","Cases",2020,0
"SLV","El Salvador","admin0","Clinical Cases","Cases",2021,0
"SLV","El Salvador","admin0","Clinical Cases","Cases",2022,0
"SOM","Somalia","admin0","Clinical Cases","Cases",2010,0
"SOM","Somalia","admin0","Clinical Cases","Cases",2011,0
"SOM","Somalia","admin0","Clinical Cases","Cases",2012,6329.453811802962
"SOM","Somalia","admin0","Clinical Cases","Cases",2013,8665.67582967111
"SOM","Somalia","admin0","Clinical Cases","Cases",2014,47487.67966805308
"SOM","Somalia","admin0","Clinical Cases","Cases",2015,11374.4941432725
"SOM","Somalia","admin0","Clinical Cases","Cases",2016,141651.6780006219
"SOM","Somalia","admin0","Clinical Cases","Cases",2017,323076.4845464514
"SOM","Somalia","admin0","Clinical Cases","Cases",2018,12864.248213260971
"SOM","Somalia","admin0","Clinical Cases","Cases",2019,90054.48889747157
"SOM","Somalia","admin0","Clinical Cases","Cases",2020,13899.784217823712
"SOM","Somalia","admin0","Clinical Cases","Cases",2021,222936.5175332513
"SOM","Somalia","admin0","Clinical Cases","Cases",2022,86233.77806193916
"SSD","South Sudan","admin0","Clinical Cases","Cases",2010,0
"SSD","South Sudan","admin0","Clinical Cases","Cases",2011,0
"SSD","South Sudan","admin0","Clinical Cases","Cases",2012,0
"SSD","South Sudan","admin0","Clinical Cases","Cases",2013,0
"SSD","South Sudan","admin0","Clinical Cases","Cases",2014,0
"SSD","South Sudan","admin0","Clinical Cases","Cases",2015,0
"SSD","South Sudan","admin0","Clinical Cases","Cases",2016,0
"SSD","South Sudan","admin0","Clinical Cases","Cases",2017,0
"SSD","South Sudan","admin0","Clinical Cases","Cases",2018,0
"SSD","South Sudan","admin0","Clinical Cases","Cases",2019,0
"SSD","South Sudan","admin0","Clinical Cases","Cases",2020,0
"SSD","South Sudan","admin0","Clinical Cases","Cases",2021,0
"SSD","South Sudan","admin0","Clinical Cases","Cases",2022,0
"STP","Sao Tome And Principe","admin0","Clinical Cases","Cases",2010,0
"STP","Sao Tome And Principe","admin0","Clinical Cases","Cases",2011,0
"STP","Sao Tome And Principe","admin0","Clinical Cases","Cases",2012,0
"STP","Sao Tome And Principe","admin0","Clinical Cases","Cases",2013,0
"STP","Sao Tome And Principe","admin0","Clinical Cases","Cases",2014,0
"STP","Sao Tome And Principe","admin0","Clinical Cases","Cases",2015,0
"STP","Sao Tome And Principe","admin0","Clinical Cases","Cases",2016,0
"STP","Sao Tome And Principe","admin0","Clinical Cases","Cases",2017,0
"STP","Sao Tome And Principe","admin0","Clinical Cases","Cases",2018,0
"STP","Sao Tome And Principe","admin0","Clinical Cases","Cases",2019,0
"STP","Sao Tome And Principe","admin0","Clinical Cases","Cases",2020,0
"STP","Sao Tome And Principe","admin0","Clinical Cases","Cases",2021,0
"STP","Sao Tome And Principe","admin0","Clinical Cases","Cases",2022,0
"SUR","Suriname","admin0","Clinical Cases","Cases",2010,1919.438131609879
"SUR","Suriname","admin0","Clinical Cases","Cases",2011,879.4165842811523
"SUR","Suriname","admin0","Clinical Cases","Cases",2012,628.0439328978728
"SUR","Suriname","admin0","Clinical Cases","Cases",2013,533.5838071439365
"SUR","Suriname","admin0","Clinical Cases","Cases",2014,247.06491842503854
"SUR","Suriname","admin0","Clinical Cases","Cases",2015,184.00447528070427
"SUR","Suriname","admin0","Clinical Cases","Cases",2016,136.20769581904815
"SUR","Suriname","admin0","Clinical Cases","Cases",2017,191.51562383218376
"SUR","Suriname","admin0","Clinical Cases","Cases",2018,51.31186827479947
"SUR","Suriname","admin0","Clinical Cases","Cases",2019,200.74619805852348
"SUR","Suriname","admin0","Clinical Cases","Cases",2020,283.1240589043178
"SUR","Suriname","admin0","Clinical Cases","Cases",2021,40.07329217919377
"SUR","Suriname","admin0","Clinical Cases","Cases",2022,0.9544791489943245
"SWZ","Eswatini","admin0","Clinical Cases","Cases",2010,0
"SWZ","Eswatini","admin0","Clinical Cases","Cases",2011,0
"SWZ","Eswatini","admin0","Clinical Cases","Cases",2012,0
"SWZ","Eswatini","admin0","Clinical Cases","Cases",2013,0
"SWZ","Eswatini","admin0","Clinical Cases","Cases",2014,0
"SWZ","Eswatini","admin0","Clinical Cases","Cases",2015,0
"SWZ","Eswatini","admin0","Clinical Cases","Cases",2016,0
"SWZ","Eswatini","admin0","Clinical Cases","Cases",2017,0
"SWZ","Eswatini","admin0","Clinical Cases","Cases",2018,0
"SWZ","Eswatini","admin0","Clinical Cases","Cases",2019,0
"SWZ","Eswatini","admin0","Clinical Cases","Cases",2020,0
"SWZ","Eswatini","admin0","Clinical Cases","Cases",2021,0
"SWZ","Eswatini","admin0","Clinical Cases","Cases",2022,0
"SYR","Syria","admin0","Clinical Cases","Cases",2010,0
"SYR","Syria","admin0","Clinical Cases","Cases",2011,0
"SYR","Syria","admin0","Clinical Cases","Cases",2012,0
"SYR","Syria","admin0","Clinical Cases","Cases",2013,0
"SYR","Syria","admin0","Clinical Cases","Cases",2014,0
"SYR","Syria","admin0","Clinical Cases","Cases",2015,0
"SYR","Syria","admin0","Clinical Cases","Cases",2016,0
"SYR","Syria","admin0","Clinical Cases","Cases",2017,0
"SYR","Syria","admin0","Clinical Cases","Cases",2018,0
"SYR","Syria","admin0","Clinical Cases","Cases",2019,0
"SYR","Syria","admin0","Clinical Cases","Cases",2020,0
"SYR","Syria","admin0","Clinical Cases","Cases",2021,0
"SYR","Syria","admin0","Clinical Cases","Cases",2022,0
"TCD","Chad","admin0","Clinical Cases","Cases",2010,0
"TCD","Chad","admin0","Clinical Cases","Cases",2011,0
"TCD","Chad","admin0","Clinical Cases","Cases",2012,0
"TCD","Chad","admin0","Clinical Cases","Cases",2013,0
"TCD","Chad","admin0","Clinical Cases","Cases",2014,0
"TCD","Chad","admin0","Clinical Cases","Cases",2015,0
"TCD","Chad","admin0","Clinical Cases","Cases",2016,0
"TCD","Chad","admin0","Clinical Cases","Cases",2017,0
"TCD","Chad","admin0","Clinical Cases","Cases",2018,0
"TCD","Chad","admin0","Clinical Cases","Cases",2019,0
"TCD","Chad","admin0","Clinical Cases","Cases",2020,0
"TCD","Chad","admin0","Clinical Cases","Cases",2021,0
"TCD","Chad","admin0","Clinical Cases","Cases",2022,0
"TGO","Togo","admin0","Clinical Cases","Cases",2010,0
"TGO","Togo","admin0","Clinical Cases","Cases",2011,0
"TGO","Togo","admin0","Clinical Cases","Cases",2012,0
"TGO","Togo","admin0","Clinical Cases","Cases",2013,0
"TGO","Togo","admin0","Clinical Cases","Cases",2014,0
"TGO","Togo","admin0","Clinical Cases","Cases",2015,0
"TGO","Togo","admin0","Clinical Cases","Cases",2016,0
"TGO","Togo","admin0","Clinical Cases","Cases",2017,0
"TGO","Togo","admin0","Clinical Cases","Cases",2018,0
"TGO","Togo","admin0","Clinical Cases","Cases",2019,0
"TGO","Togo","admin0","Clinical Cases","Cases",2020,0
"TGO","Togo","admin0","Clinical Cases","Cases",2021,0
"TGO","Togo","admin0","Clinical Cases","Cases",2022,0
"THA","Thailand","admin0","Clinical Cases","Cases",2010,50523.89242691402
"THA","Thailand","admin0","Clinical Cases","Cases",2011,45376.305107445616
"THA","Thailand","admin0","Clinical Cases","Cases",2012,61393.42187092635
"THA","Thailand","admin0","Clinical Cases","Cases",2013,42187.54369708448
"THA","Thailand","admin0","Clinical Cases","Cases",2014,48448.2150256577
"THA","Thailand","admin0","Clinical Cases","Cases",2015,17485.070640208414
"THA","Thailand","admin0","Clinical Cases","Cases",2016,16333.278026580605
"THA","Thailand","admin0","Clinical Cases","Cases",2017,0
"THA","Thailand","admin0","Clinical Cases","Cases",2018,9000.267693214279
"THA","Thailand","admin0","Clinical Cases","Cases",2019,7235.850026695405
"THA","Thailand","admin0","Clinical Cases","Cases",2020,5573.317744574711
"THA","Thailand","admin0","Clinical Cases","Cases",2021,4630.726540501504
"THA","Thailand","admin0","Clinical Cases","Cases",2022,12184.412712214618
"TJK","Tajikistan","admin0","Clinical Cases","Cases",2010,110.99999961883692
"TJK","Tajikistan","admin0","Clinical Cases","Cases",2011,72.99999894002677
"TJK","Tajikistan","admin0","Clinical Cases","Cases",2012,40.794872429536525
"TJK","Tajikistan","admin0","Clinical Cases","Cases",2013,13.92857223744298
"TJK","Tajikistan","admin0","Clinical Cases","Cases",2014,1.9999995581592342
"TJK","Tajikistan","admin0","Clinical Cases","Cases",2015,0
"TJK","Tajikistan","admin0","Clinical Cases","Cases",2016,0
"TJK","Tajikistan","admin0","Clinical Cases","Cases",2017,0
"TJK","Tajikistan","admin0","Clinical Cases","Cases",2018,0
"TJK","Tajikistan","admin0","Clinical Cases","Cases",2019,0
"TJK","Tajikistan","admin0","Clinical Cases","Cases",2020,0
"TJK","Tajikistan","admin0","Clinical Cases","Cases",2021,0
"TJK","Tajikistan","admin0","Clinical Cases","Cases",2022,0
"TKM","Turkmenistan","admin0","Clinical Cases","Cases",2010,0
"TKM","Turkmenistan","admin0","Clinical Cases","Cases",2011,0
"TKM","Turkmenistan","admin0","Clinical Cases","Cases",2012,0
"TKM","Turkmenistan","admin0","Clinical Cases","Cases",2013,0
"TKM","Turkmenistan","admin0","Clinical Cases","Cases",2014,0
"TKM","Turkmenistan","admin0","Clinical Cases","Cases",2015,0
"TKM","Turkmenistan","admin0","Clinical Cases","Cases",2016,0
"TKM","Turkmenistan","admin0","Clinical Cases","Cases",2017,0
"TKM","Turkmenistan","admin0","Clinical Cases","Cases",2018,0
"TKM","Turkmenistan","admin0","Clinical Cases","Cases",2019,0
"TKM","Turkmenistan","admin0","Clinical Cases","Cases",2020,0
"TKM","Turkmenistan","admin0","Clinical Cases","Cases",2021,0
"TKM","Turkmenistan","admin0","Clinical Cases","Cases",2022,0
"TLS","Timor-Leste","admin0","Clinical Cases","Cases",2010,23392.49424942768
"TLS","Timor-Leste","admin0","Clinical Cases","Cases",2011,6927.116750394182
"TLS","Timor-Leste","admin0","Clinical Cases","Cases",2012,4069.0050258223
"TLS","Timor-Leste","admin0","Clinical Cases","Cases",2013,854.4513438559476
"TLS","Timor-Leste","admin0","Clinical Cases","Cases",2014,265.85300934208664
"TLS","Timor-Leste","admin0","Clinical Cases","Cases",2015,48.22608676120856
"TLS","Timor-Leste","admin0","Clinical Cases","Cases",2016,14.674304905438747
"TLS","Timor-Leste","admin0","Clinical Cases","Cases",2017,9.913609610460444
"TLS","Timor-Leste","admin0","Clinical Cases","Cases",2018,1.4124881639343105
"TLS","Timor-Leste","admin0","Clinical Cases","Cases",2019,0
"TLS","Timor-Leste","admin0","Clinical Cases","Cases",2020,0
"TLS","Timor-Leste","admin0","Clinical Cases","Cases",2021,0
"TLS","Timor-Leste","admin0","Clinical Cases","Cases",2022,0
"TUR","Turkey","admin0","Clinical Cases","Cases",2010,0
"TUR","Turkey","admin0","Clinical Cases","Cases",2011,0
"TUR","Turkey","admin0","Clinical Cases","Cases",2012,0
"TUR","Turkey","admin0","Clinical Cases","Cases",2013,0
"TUR","Turkey","admin0","Clinical Cases","Cases",2014,0
"TUR","Turkey","admin0","Clinical Cases","Cases",2015,0
"TUR","Turkey","admin0","Clinical Cases","Cases",2016,0
"TUR","Turkey","admin0","Clinical Cases","Cases",2017,0
"TUR","Turkey","admin0","Clinical Cases","Cases",2018,0
"TUR","Turkey","admin0","Clinical Cases","Cases",2019,0
"TUR","Turkey","admin0","Clinical Cases","Cases",2020,0
"TUR","Turkey","admin0","Clinical Cases","Cases",2021,0
"TUR","Turkey","admin0","Clinical Cases","Cases",2022,0
"TZA","Tanzania","admin0","Clinical Cases","Cases",2010,0
"TZA","Tanzania","admin0","Clinical Cases","Cases",2011,0
"TZA","Tanzania","admin0","Clinical Cases","Cases",2012,0
"TZA","Tanzania","admin0","Clinical Cases","Cases",2013,0
"TZA","Tanzania","admin0","Clinical Cases","Cases",2014,0
"TZA","Tanzania","admin0","Clinical Cases","Cases",2015,0
"TZA","Tanzania","admin0","Clinical Cases","Cases",2016,0
"TZA","Tanzania","admin0","Clinical Cases","Cases",2017,0
"TZA","Tanzania","admin0","Clinical Cases","Cases",2018,0
"TZA","Tanzania","admin0","Clinical Cases","Cases",2019,0
"TZA","Tanzania","admin0","Clinical Cases","Cases",2020,0
"TZA","Tanzania","admin0","Clinical Cases","Cases",2021,0
"TZA","Tanzania","admin0","Clinical Cases","Cases",2022,0
"UGA","Uganda","admin0","Clinical Cases","Cases",2010,0
"UGA","Uganda","admin0","Clinical Cases","Cases",2011,0
"UGA","Uganda","admin0","Clinical Cases","Cases",2012,0
"UGA","Uganda","admin0","Clinical Cases","Cases",2013,0
"UGA","Uganda","admin0","Clinical Cases","Cases",2014,0
"UGA","Uganda","admin0","Clinical Cases","Cases",2015,0
"UGA","Uganda","admin0","Clinical Cases","Cases",2016,0
"UGA","Uganda","admin0","Clinical Cases","Cases",2017,0
"UGA","Uganda","admin0","Clinical Cases","Cases",2018,0
"UGA","Uganda","admin0","Clinical Cases","Cases",2019,0
"UGA","Uganda","admin0","Clinical Cases","Cases",2020,0
"UGA","Uganda","admin0","Clinical Cases","Cases",2021,0
"UGA","Uganda","admin0","Clinical Cases","Cases",2022,0
"UZB","Uzbekistan","admin0","Clinical Cases","Cases",2010,18.606173759001145
"UZB","Uzbekistan","admin0","Clinical Cases","Cases",2011,0
"UZB","Uzbekistan","admin0","Clinical Cases","Cases",2012,0
"UZB","Uzbekistan","admin0","Clinical Cases","Cases",2013,0
"UZB","Uzbekistan","admin0","Clinical Cases","Cases",2014,0
"UZB","Uzbekistan","admin0","Clinical Cases","Cases",2015,0
"UZB","Uzbekistan","admin0","Clinical Cases","Cases",2016,0
"UZB","Uzbekistan","admin0","Clinical Cases","Cases",2017,0
"UZB","Uzbekistan","admin0","Clinical Cases","Cases",2018,0
"UZB","Uzbekistan","admin0","Clinical Cases","Cases",2019,0
"UZB","Uzbekistan","admin0","Clinical Cases","Cases",2020,0
"UZB","Uzbekistan","admin0","Clinical Cases","Cases",2021,0
"UZB","Uzbekistan","admin0","Clinical Cases","Cases",2022,0
"VEN","Venezuela","admin0","Clinical Cases","Cases",2010,65415.91468593354
"VEN","Venezuela","admin0","Clinical Cases","Cases",2011,69003.67781658683
"VEN","Venezuela","admin0","Clinical Cases","Cases",2012,78413.97843986168
"VEN","Venezuela","admin0","Clinical Cases","Cases",2013,101483.07650269177
"VEN","Venezuela","admin0","Clinical Cases","Cases",2014,131740.4437931662
"VEN","Venezuela","admin0","Clinical Cases","Cases",2015,299436.6265658701
"VEN","Venezuela","admin0","Clinical Cases","Cases",2016,439518.9922897275
"VEN","Venezuela","admin0","Clinical Cases","Cases",2017,838170.6243881503
"VEN","Venezuela","admin0","Clinical Cases","Cases",2018,917237.0585822084
"VEN","Venezuela","admin0","Clinical Cases","Cases",2019,843822.1545285006
"VEN","Venezuela","admin0","Clinical Cases","Cases",2020,432530.284417381
"VEN","Venezuela","admin0","Clinical Cases","Cases",2021,390847.14184069575
"VEN","Venezuela","admin0","Clinical Cases","Cases",2022,269476.38142677734
"VNM","Vietnam","admin0","Clinical Cases","Cases",2010,13797.903517052398
"VNM","Vietnam","admin0","Clinical Cases","Cases",2011,17472.0606743093
"VNM","Vietnam","admin0","Clinical Cases","Cases",2012,21540.188677635877
"VNM","Vietnam","admin0","Clinical Cases","Cases",2013,19994.782116621845
"VNM","Vietnam","admin0","Clinical Cases","Cases",2014,20422.33885389933
"VNM","Vietnam","admin0","Clinical Cases","Cases",2015,13937.18515229109
"VNM","Vietnam","admin0","Clinical Cases","Cases",2016,4815.152553171751
"VNM","Vietnam","admin0","Clinical Cases","Cases",2017,4623.985581598925
"VNM","Vietnam","admin0","Clinical Cases","Cases",2018,3337.5073926116324
"VNM","Vietnam","admin0","Clinical Cases","Cases",2019,2816.4542662058234
"VNM","Vietnam","admin0","Clinical Cases","Cases",2020,1543.8182311822675
"VNM","Vietnam","admin0","Clinical Cases","Cases",2021,670.7960237151124
"VNM","Vietnam","admin0","Clinical Cases","Cases",2022,537.7404922397021
"VUT","Vanuatu","admin0","Clinical Cases","Cases",2010,11245.902475206676
"VUT","Vanuatu","admin0","Clinical Cases","Cases",2011,7887.083839746789
"VUT","Vanuatu","admin0","Clinical Cases","Cases",2012,5585.23851320667
"VUT","Vanuatu","admin0","Clinical Cases","Cases",2013,3202.8008194790905
"VUT","Vanuatu","admin0","Clinical Cases","Cases",2014,1831.2997140327666
"VUT","Vanuatu","admin0","Clinical Cases","Cases",2015,680.0294893638945
"VUT","Vanuatu","admin0","Clinical Cases","Cases",2016,3773.084758463533
"VUT","Vanuatu","admin0","Clinical Cases","Cases",2017,1697.5946798243676
"VUT","Vanuatu","admin0","Clinical Cases","Cases",2018,1142.8094659219094
"VUT","Vanuatu","admin0","Clinical Cases","Cases",2019,998.9684993376826
"VUT","Vanuatu","admin0","Clinical Cases","Cases",2020,876.423224495838
"VUT","Vanuatu","admin0","Clinical Cases","Cases",2021,602.9178277973264
"VUT","Vanuatu","admin0","Clinical Cases","Cases",2022,2032.986387451151
"YEM","Yemen","admin0","Clinical Cases","Cases",2010,11480.62560222931
"YEM","Yemen","admin0","Clinical Cases","Cases",2011,6487.04245862078
"YEM","Yemen","admin0","Clinical Cases","Cases",2012,3632.6403613391103
"YEM","Yemen","admin0","Clinical Cases","Cases",2013,3414.4593835295505
"YEM","Yemen","admin0","Clinical Cases","Cases",2014,3337.833941553262
"YEM","Yemen","admin0","Clinical Cases","Cases",2015,4164.562331240177
"YEM","Yemen","admin0","Clinical Cases","Cases",2016,9372.482686265614
"YEM","Yemen","admin0","Clinical Cases","Cases",2017,25748.790072309137
"YEM","Yemen","admin0","Clinical Cases","Cases",2018,18074.1928304798
"YEM","Yemen","admin0","Clinical Cases","Cases",2019,24221.94803244514
"YEM","Yemen","admin0","Clinical Cases","Cases",2020,22716.655913677307
"YEM","Yemen","admin0","Clinical Cases","Cases",2021,52642.67661184694
"YEM","Yemen","admin0","Clinical Cases","Cases",2022,50396.30470110827
"ZAF","South Africa","admin0","Clinical Cases","Cases",2010,0
"ZAF","South Africa","admin0","Clinical Cases","Cases",2011,0
"ZAF","South Africa","admin0","Clinical Cases","Cases",2012,0
"ZAF","South Africa","admin0","Clinical Cases","Cases",2013,0
"ZAF","South Africa","admin0","Clinical Cases","Cases",2014,0
"ZAF","South Africa","admin0","Clinical Cases","Cases",2015,0
"ZAF","South Africa","admin0","Clinical Cases","Cases",2016,0
"ZAF","South Africa","admin0","Clinical Cases","Cases",2017,0
"ZAF","South Africa","admin0","Clinical Cases","Cases",2018,0
"ZAF","South Africa","admin0","Clinical Cases","Cases",2019,0
"ZAF","South Africa","admin0","Clinical Cases","Cases",2020,0
"ZAF","South Africa","admin0","Clinical Cases","Cases",2021,0
"ZAF","South Africa","admin0","Clinical Cases","Cases",2022,0
"ZMB","Zambia","admin0","Clinical Cases","Cases",2010,0
"ZMB","Zambia","admin0","Clinical Cases","Cases",2011,0
"ZMB","Zambia","admin0","Clinical Cases","Cases",2012,0
"ZMB","Zambia","admin0","Clinical Cases","Cases",2013,0
"ZMB","Zambia","admin0","Clinical Cases","Cases",2014,0
"ZMB","Zambia","admin0","Clinical Cases","Cases",2015,0
"ZMB","Zambia","admin0","Clinical Cases","Cases",2016,0
"ZMB","Zambia","admin0","Clinical Cases","Cases",2017,0
"ZMB","Zambia","admin0","Clinical Cases","Cases",2018,0
"ZMB","Zambia","admin0","Clinical Cases","Cases",2019,0
"ZMB","Zambia","admin0","Clinical Cases","Cases",2020,0
"ZMB","Zambia","admin0","Clinical Cases","Cases",2021,0
"ZMB","Zambia","admin0","Clinical Cases","Cases",2022,0
"ZWE","Zimbabwe","admin0","Clinical Cases","Cases",2010,0
"ZWE","Zimbabwe","admin0","Clinical Cases","Cases",2011,0
"ZWE","Zimbabwe","admin0","Clinical Cases","Cases",2012,0
"ZWE","Zimbabwe","admin0","Clinical Cases","Cases",2013,0
"ZWE","Zimbabwe","admin0","Clinical Cases","Cases",2014,0
"ZWE","Zimbabwe","admin0","Clinical Cases","Cases",2015,0
"ZWE","Zimbabwe","admin0","Clinical Cases","Cases",2016,0
"ZWE","Zimbabwe","admin0","Clinical Cases","Cases",2017,0
"ZWE","Zimbabwe","admin0","Clinical Cases","Cases",2018,0
"ZWE","Zimbabwe","admin0","Clinical Cases","Cases",2019,0
"ZWE","Zimbabwe","admin0","Clinical Cases","Cases",2020,0
"ZWE","Zimbabwe","admin0","Clinical Cases","Cases",2021,0
"ZWE","Zimbabwe","admin0","Clinical Cases","Cases",2022,0
