ISO3,region,admin_unit,PfPR_obs,PfPR_sim,incidence_obs,incidence_sim,mortality,biting_rate,p_sympt,ITN_coverage,population,pop_multiplier,treatment_seeking
ERI,Semenawi Keih Bahri,Eritrea,0.010050184341505099,0.01005762740122705,25.6410539231702,25.660257673347573,4.45187596662133,0.21048878021645637,0.71997343345413,0.574,1740304.95040715,0.8295618453683248,10
KEN,Uasin Gishu,Kenya,0.012513559406177299,0.012524414434290358,23.977795062781095,23.998950655598488,7.5498597304094,0.19651297452479582,0.6425739349928042,0.5366,1123296.5780029304,0.5354486763518241,10
KEN,Wajir,Kenya,0.0160628801529987,0.016069504126213923,32.1594275632218,32.17335886734014,2.95993647695793,0.21825633233111122,0.6525909903332313,0.5366,1014365.79326439,0.4835239704064769,10
SOM,Woqooyi Galbeed,Somalia,0.0184260603851403,0.018474200112185594,37.4142758613554,37.51783176989027,5.9551194889165,0.21699344540521992,0.6678906467972877,0.18239999999999998,1914437.9451475102,0.9125668890662874,10
KEN,Samburu,Kenya,0.020979741485648802,0.02098037678135425,40.1497795067381,40.14306845387885,3.91505474331629,0.3637758431755695,0.6210716996761687,0.5366,306455.853867054,0.1460801933582976,10
GMB,North Bank,Gambia,0.0231817953329399,0.02317133118947055,58.4727035794416,58.44796478235077,15.5925,0.4400018268977367,0.688546468388355,0.6153,241833.851459503,0.11527642672184543,10
SOM,Bari,Somalia,0.024022239255946598,0.02406587155085788,47.3357470103006,47.42496394102032,9.90344457607103,0.23259952845411086,0.6530814713046501,0.18239999999999998,1046016.04186332,0.49861088872383963,10
TZA,Kaskazini Unguja,Tanzania,0.0255244622299582,0.025520691219280387,47.8644353385507,47.85761409881519,25.4767,0.39713738523440323,0.6096817859067809,0.5513,247106.63621521002,0.11778983740377846,10
GMB,West Coast,Gambia,0.0289402067566044,0.02895171728289951,72.4472178221965,72.48289750620809,19.3831,0.26692584114873064,0.7052078143364426,0.6153,1018470.3862380998,0.4854805319395346,10
SEN,Tambacounda,Senegal,0.0323146897600603,0.03235655172500492,79.3261005937136,79.44137969163542,28.4998,0.282341931289854,0.6962297198397525,0.6981,768471.236091614,0.36631190216145343,10
TZA,Simiyu,Tanzania,0.034866211658629805,0.03495393877025375,62.57590483015001,62.760068704749955,18.8253,0.22984481092492326,0.6227171348928697,0.5513,2041638.6122817998,0.973200412021742,10
ETH,Benishangul Gumz,Ethiopia,0.0384917993533752,0.03851635883644039,92.0708499161732,92.12717508148309,11.4262,0.2691812616247203,0.6995727922592399,0.3109,1094134.61111069,0.5215478625524741,10
KEN,Homa Bay,Kenya,0.0429156556022511,0.042930955551961275,78.7846617331723,78.8157459595292,8.40754159608163,0.24618177216950335,0.6228798357556159,0.5366,1151422.27706909,0.5488555260043169,10
MRT,Assaba,Mauritania,0.0470556213986717,0.04706031482601537,113.887044769542,113.8740805098076,23.2174,0.4174495199946252,0.689512879367838,0.1558,348857.727803707,0.16629215493533941,10
GNB,Quinara,Guinea-Bissau,0.0528214050514309,0.05281930405420764,86.64125484528711,86.64967866773425,31.7569,0.45413531967835236,0.5698808116459483,0.2664,78141.6848615408,0.037248276676317124,10
GNB,Gabu,Guinea-Bissau,0.0618632343975636,0.06186214888514074,102.192159232191,102.18445853984687,21.717,0.4633899707439116,0.5752901068003103,0.2664,273863.037841797,0.13054397563890485,10
MDG,Betsiboka,Madagascar,0.0691133717340989,0.06911592018010702,109.657417109842,109.63441992116321,12.9548,0.3882774565300456,0.5656487155716382,0.6876000000000001,344262.53686141997,0.1641017370565581,10
MDG,Sava,Madagascar,0.0732624096854096,0.07327758403044402,110.160880091242,110.16613990288919,18.4802,0.2512091448622261,0.5606769237209509,0.6876000000000001,1067733.8425823501,0.5089632461297099,10
MLI,Bamako,Mali,0.0804805960670003,0.08044318415191686,142.265416305277,142.28281862319548,16.2201,0.2499870739160168,0.6070055759051228,0.7131000000000001,2722533.01953125,1.2977665294982674,10
AGO,Cunene,Angola,0.0900693219200741,0.09008415452096447,141.06029712957098,141.03165812641708,17.7731,0.2636816902781521,0.5802854367638994,0.428,1027062.36318588,0.4895761223419495,10
GHA,Ashanti,Ghana,0.0987137499286379,0.09866475318281571,136.710975731655,136.70725152293977,35.1223,0.23834967943273452,0.5372093499324304,0.7714,6384576.77082062,3.0433754076597803,10
TZA,Songwe,Tanzania,0.113825594908965,0.1138234211523829,163.29932605306698,163.25470695978362,20.4086,0.260419815614327,0.5542073263505479,0.5513,1234112.82671452,0.5882721379850709,10
NGA,Lagos,Nigeria,0.12377314777094099,0.12376681189519098,160.827412433377,160.7894197399499,85.4739,0.23565512237326322,0.5280531165638127,0.5364,6143615.6575489,2.928514994408109,10
MOZ,Gaza,Mozambique,0.135111509564691,0.13512427767152077,194.868935816455,194.90300538933917,30.9679,0.2648026471878533,0.5599678949410805,0.5102,1494237.71270442,0.7122674644349106,10
UGA,Central,Uganda,0.147354217764882,0.1473184403216281,197.295766212535,197.19177789162313,32.7406,0.245648268620512,0.5370823475735441,0.6029,11086459.4847851,5.284650708284114,10
TCD,Ville de N'Djamena,Chad,0.155631254750978,0.1556593009075635,235.159697051304,235.2224975801705,39.1404,0.3023131159631191,0.5838684304219539,0.2075,1053335.64233398,0.5020999676191096,10
SSD,Upper Nile,South Sudan,0.165679897919693,0.16568455612236505,207.614013875583,207.6235140305856,48.887,0.29243132137171907,0.52646060005592,0.3985,875654.3996315,0.4174035587804619,10
COD,Sud-Kivu,Democratic Republic of the Congo,0.172113161751314,0.17192937557673882,197.157247903696,196.93233652606932,50.739,0.2413603182663791,0.4945725545575915,0.6158,4691413.843648549,2.2362850399368757,10
NGA,Nassarawa,Nigeria,0.183382156296271,0.18334821513171612,229.324223173348,229.27355001931318,76.6916,0.25209587929015415,0.5239743361404918,0.5364,5253882.37530518,2.5044003682151317,10
NER,Maradi,Niger,0.193816007735639,0.19386955165395636,281.60340312179,281.7050534813582,169.65859999999998,0.2730176513441903,0.5671559034715958,0.6602,4523936.260757451,2.1564524722662144,10
GNQ,Litoral,Equatorial Guinea,0.207846745158324,0.2078355683606864,231.554234661907,231.54202569034044,69.5023,0.5081592021147128,0.4971911437724849,0.45640000000000003,426222.663642883,0.2031701738862905,10
BFA,Hauts-Bassins,Burkina Faso,0.21424753640307903,0.21425650382249842,273.753724145687,273.76901933190567,153.4664,0.28451175717023547,0.5385784642284565,0.3766,2460679.20454407,1.1729470638484796,10
CMR,Centre,Cameroon,0.222944877995462,0.2228243868273282,253.39498213716,253.26425240311113,89.2634,0.25801561635684755,0.49763655312771715,0.6994,5938576.41768265,2.830777681096111,10
KEN,Siaya,Kenya,0.230687316396273,0.23064276034312842,258.116575047273,258.07447351796276,40.0387,0.3199402997061289,0.5001169699053252,0.5366,950829.396972656,0.4532376863023646,10
COD,Kasai Oriental,Democratic Republic of the Congo,0.240450177555143,0.24042906556723145,262.72883430233503,262.70943482761305,61.3983,0.26467235271147177,0.4908658276763146,0.6158,4612705.06797791,2.1987664446029136,10
CAF,Haute-Kotto,Central African Republic,0.252457838866077,0.1708765847710986,276.957345948604,185.943051686049,58.8761,2.049935618077782,0.484358659038887,0.6073,123988.31844156998,0.05910227298177874,10
BFA,Centre-Nord,Burkina Faso,0.270979670295763,0.2709555178324054,325.482384452596,325.4525431007899,110.1126,0.34288035187584914,0.5249104341038476,0.3766,1758017.0845947296,0.8380047971157312,10
NGA,Kaduna,Nigeria,0.287699353730415,0.28766987261505295,335.000209959345,334.97402402316584,120.5578,0.30282320714119554,0.5157425907705594,0.5364,9442490.21607971,4.501009783768557,10
BFA,Sahel,Burkina Faso,0.299297253760851,0.29928130697225225,352.582686765475,352.56184127232484,163.0129,0.4001207618496249,0.5203068537553288,0.3766,1501596.09796143,0.7157750311124105,10
AGO,Lunda Norte,Angola,0.316223761677564,0.31621530204946496,330.707603744732,330.69824294719996,70.5424,0.558255798152169,0.4858705567316763,0.428,761927.048768044,0.3631924442116805,10
COD,Haut-Katanga,Democratic Republic of the Congo,0.330318576680277,0.3302832832374831,326.80857349894,326.7767021324286,47.1806,0.30715163940348594,0.4704791734759566,0.6158,7751029.464239579,3.6947308024116885,10
CAF,Mbomou,Central African Republic,0.3487629999197929,0.1823265651934994,346.711191684178,190.18684790281176,164.3067,3.3259268402802897,0.47371008684323374,0.6073,218677.301620483,0.10423825193970346,10
GAB,Ogooue-Ivindo,Gabon,0.365613806008968,0.14977383840048056,316.383866671062,180.1478242271895,48.3876,14.999922131783098,0.5097416927938986,0.1475,57202.88398075101,0.027267249906035223,10
GIN,Faranah,Guinea,0.381515147673149,0.38151560535991524,391.134430590459,391.13489931836074,137.2376,0.7443348581118017,0.4821484820741231,0.7334999999999999,1107266.36669922,0.5278074571116909,10
SLE,Eastern,Sierra Leone,0.398808238616962,0.3988000468525123,362.608342082568,362.6002917674651,166.1302,0.4768855766706282,0.44897225737792285,0.493,1796369.2683715795,0.8562863680210977,10
AGO,Malanje,Angola,0.417623671949335,0.40723346081236556,396.704065603018,381.2723237372858,84.5939,14.999671387164135,0.4571359789811941,0.428,866606.272587776,0.41309053251126543,10
COD,Mongala,Democratic Republic of the Congo,0.43164553537561295,0.43164137061039254,375.629438159621,375.62545746552087,90.0347,0.5748291353847039,0.4373536346218815,0.6158,1747625.3560752901,0.8330513080820213,10
AGO,Uige,Angola,0.462597323347717,0.43069952317028243,406.476803536566,368.7097045590555,93.5961,14.99999973661159,0.432721723866651,0.428,880563.7855091091,0.41974374588807306,10
LBR,Gbapolu,Liberia,0.53566083972159,0.15879854214433578,407.766425555054,196.5053397494951,167.7749,1.937812004583902,0.5200931936253275,0.6099,114789.705200195,0.054717513532833155,10
LBR,Grand Kru,Liberia,0.655842020130255,0.13048537396066848,435.83460376046304,205.69577372516056,168.1587,1.5206363182104419,0.5865431318827838,0.6099,64224.4601383209,0.03061426772225483,10
