iso,region,d_obs,d_pred,d_itn,years
AGO,Bengo,0.0737855743182501,-0.029649213281111197,0.08509999999999998,7
AGO,Benguela,0.1578362561468531,-0.030013447647894598,0.08509999999999998,7
AGO,Bie,-0.024185590305252996,-0.066860988966262,0.08509999999999998,7
AGO,Cabinda,0.08201025064497902,-0.05232159884303429,0.08509999999999998,7
AGO,Cunene,0.1211337552737172,-0.020153315274927697,0.08509999999999998,7
AGO,Huambo,0.2804352262655035,-0.014860484586582502,0.08509999999999998,7
AGO,Huila,0.1723300289381679,-0.020381687028697998,0.08509999999999998,7
AGO,Kuando Kubango,-0.0031098563803600154,-0.06334400787645081,0.08509999999999998,7
AGO,Kwanza Norte,0.11416969376637104,-0.068638895763352,0.08509999999999998,7
AGO,Kwanza Sul,0.09646494675450698,-0.0654446309476604,0.08509999999999998,7
AGO,Luanda,0.023493342746828294,-0.026340243210712197,0.08509999999999998,7
AGO,Lunda Norte,0.11571205894889602,-0.06592176519461099,0.08509999999999998,7
AGO,Lunda Sul,0.049275974577351,-0.0510446751508663,0.08509999999999998,7
AGO,Malanje,0.1666887825991111,-0.05994067492934542,0.08509999999999998,7
AGO,Moxico,-0.10936439628217398,-0.0727522077190953,0.08509999999999998,7
AGO,Namibe,0.046857325784933304,-0.011896947761757197,0.08509999999999998,7
AGO,Uige,0.20383945501307502,-0.05882862577059621,0.08509999999999998,7
AGO,Zaire,0.1360311839278539,-0.0600359554795917,0.08509999999999998,7
BDI,Bubanza,0.11407578803466381,-0.04809069396661911,0.013900000000000023,7
BDI,Bujumbura Mairie,0.1183990877200605,-0.025301404038500296,0.013900000000000023,7
BDI,Bujumbura Rural,0.11963038078664981,-0.022188023041090098,0.013900000000000023,7
BDI,Cankuzo,0.034770652822478876,-0.11563923625778472,0.013900000000000023,7
BDI,Cibitoke,0.046937482777023004,-0.086386493301965,0.013900000000000023,7
BDI,Gitega,0.08377239820761201,-0.0624420189208246,0.013900000000000023,7
BDI,Karuzi,0.12433904703079401,-0.0912281990882213,0.013900000000000023,7
BDI,Kayanza,0.1344064982878486,-0.04127191755253799,0.013900000000000023,7
BDI,Kirundo,-0.102428321573239,-0.08602810683781867,0.013900000000000023,7
BDI,Makamba,0.10093402258531602,-0.054344462553794104,0.013900000000000023,7
BDI,Muramvya,0.10755978838755412,-0.0215891226968508,0.013900000000000023,7
BDI,Muyinga,0.05572524390745698,-0.1221216534229401,0.013900000000000023,7
BDI,Mwaro,0.0537509323893372,-0.0153121401761975,0.013900000000000023,7
BDI,Ngozi,0.06399991043456998,-0.10139533426432881,0.013900000000000023,7
BDI,Rumonge,0.1335633368163291,-0.025590094042247002,0.013900000000000023,7
BDI,Rutana,0.04382051238075099,-0.0984338025154178,0.013900000000000023,7
BDI,Ruyigi,-0.02549951980380999,-0.11693219390187629,0.013900000000000023,7
BEN,Alibori,-0.064140351851449,-0.07568354782907849,-0.3429000000000001,7
BEN,Atacora,-0.11527102356504798,-0.10606320512543627,-0.3429000000000001,7
BEN,Atlantique,0.05427766421110908,-0.09668623941409249,-0.3429000000000001,7
BEN,Borgou,-0.024802116806585006,-0.07445591761403081,-0.3429000000000001,7
BEN,Collines,0.011269301783475016,-0.10660845371267569,-0.3429000000000001,7
BEN,Couffo,-0.165906358963051,-0.1037073100508279,-0.3429000000000001,7
BEN,Donga,-0.14010504447219707,-0.10422949919865954,-0.3429000000000001,7
BEN,Littoral,0.08427977837343689,-0.06603412267777689,-0.3429000000000001,7
BEN,Mono,-0.11051899083106498,-0.10644781927930075,-0.3429000000000001,7
BEN,Oueme,0.10543649075158318,-0.0782212407489708,-0.3429000000000001,7
BEN,Plateau,0.194360839469588,-0.0907005437322959,-0.3429000000000001,7
BEN,Zou,0.042853359037621,-0.07392416450831421,-0.3429000000000001,7
BFA,Boucle du Mouhoun,-0.33019600037992397,-0.10553194289796569,0.33150000000000013,7
BFA,Cascades,-0.1894998749881439,-0.11395758930880667,0.33150000000000013,7
BFA,Centre,0.048896398550499015,-0.0693053725318038,0.33150000000000013,7
BFA,Centre-Est,-0.133564546244834,-0.11839663101901107,0.33150000000000013,7
BFA,Centre-Nord,-0.15895687171843897,-0.1197667033309266,0.33150000000000013,7
BFA,Centre-Ouest,-0.15705396246356895,-0.1077231960250894,0.33150000000000013,7
BFA,Centre-Sud,-0.07213952046020711,-0.11701401983524642,0.33150000000000013,7
BFA,Est,-0.22198381678920798,-0.107087632956963,0.33150000000000013,7
BFA,Hauts-Bassins,-0.093811189897089,-0.11678645678230609,0.33150000000000013,7
BFA,Nord,-0.18990799590588797,-0.11379478700036183,0.33150000000000013,7
BFA,Plateau Central,-0.030687224237575028,-0.1156804206898192,0.33150000000000013,7
BFA,Sahel,-0.29224689432209894,-0.10673612642840119,0.33150000000000013,7
BFA,Sud-Ouest,-0.27725213902267504,-0.1056498996263115,0.33150000000000013,7
CAF,Bamingui-Bangoran,-0.03279904106169898,-0.149338350655025,0.1472,7
CAF,Bangui,-0.034675641972057025,-0.14256122125633128,0.1472,7
CAF,Basse-Kotto,-0.050599661900388004,-0.10526926925152807,0.1472,7
CAF,Haut-Mbomou,-0.06438094004077599,-0.12612415900561522,0.1472,7
CAF,Haute-Kotto,-0.05359869997279598,-0.15317970079879428,0.1472,7
CAF,Kemo,-0.07354161629991107,-0.12439381808271721,0.1472,7
CAF,Lobaye,0.017993424227778887,-0.12716737674272702,0.1472,7
CAF,Mambere-Kadei,0.06249185398636903,-0.15701679374206567,0.1472,7
CAF,Mbomou,-0.15160333799021802,-0.1037510429569165,0.1472,7
CAF,Nana-Gribizi,-0.07325087145979303,-0.1549986945028712,0.1472,7
CAF,Nana-Mambere,-0.04998091565913412,-0.15781950293263208,0.1472,7
CAF,Ombella M'Poko,-0.03406088939128504,-0.1128464628264681,0.1472,7
CAF,Ouaka,-0.03750548886444399,-0.12826730115501842,0.1472,7
CAF,Ouham,-0.04242751017326202,-0.15474974824904839,0.1472,7
CAF,Ouham Pende,-0.077990063815679,-0.1515608541861082,0.1472,7
CAF,Sangha-Mbaere,0.022711140736783986,-0.1564210548863269,0.1472,7
CAF,Vakaga,-0.02850785688068999,-0.1281159224163667,0.1472,7
CIV,Abidjan,0.03280289371658701,-0.0629806865069661,-0.14610000000000012,7
CIV,Bas-Sassandra,0.11063428900413497,-0.099321047443023,-0.14610000000000012,7
CIV,Comoe,0.04546882559603399,-0.10418890887225479,-0.14610000000000012,7
CIV,Denguele,0.08311213176310711,-0.10371061252680311,-0.14610000000000012,7
CIV,Goh-Djiboua,0.12457317633911702,-0.0683391723849803,-0.14610000000000012,7
CIV,Lacs,0.153525798469394,-0.08331332532799302,-0.14610000000000012,7
CIV,Lagunes,0.037891371692447995,-0.10100271295125199,-0.14610000000000012,7
CIV,Montagnes,0.012836415305274962,-0.09420013472245431,-0.14610000000000012,7
CIV,Sassandra-Marahoue,0.16564947095526497,-0.100101339625334,-0.14610000000000012,7
CIV,Savanes,0.026475908524055985,-0.09875237695527872,-0.14610000000000012,7
CIV,Valle Du Bandama,0.02802414680242002,-0.1028901480517494,-0.14610000000000012,7
CIV,Woroba,0.07149908170306096,-0.1040176336309267,-0.14610000000000012,7
CIV,Yamoussoukro,0.078546110319686,-0.0626083225674557,-0.14610000000000012,7
CIV,Zanzan,0.037166491863700024,-0.10682652076079449,-0.14610000000000012,7
CMR,Adamaoua,-0.08396886391535102,-0.1284981410264391,0.12360000000000015,7
CMR,Centre,-0.04797872104987,-0.1440919033786393,0.12360000000000015,7
CMR,Est,0.040210305869067986,-0.12207240056331431,0.12360000000000015,7
CMR,Extreme Nord,0.0883557569426009,-0.0858893535500676,0.12360000000000015,7
CMR,Littoral,-0.03741735262246401,-0.1276537501630542,0.12360000000000015,7
CMR,Nord,0.03189638295415101,-0.12608238406101718,0.12360000000000015,7
CMR,North West,-0.0013520153410380154,-0.09343603441687941,0.12360000000000015,7
CMR,Ouest,-0.037390594437908986,-0.11452116770903512,0.12360000000000015,7
CMR,South West,-0.11120036922991108,-0.1366341273194856,0.12360000000000015,7
CMR,Sud,0.12317894936740198,-0.1395375286120831,0.12360000000000015,7
COD,Bas-Uele,-0.029444658614020014,-0.10563485988690907,0.19920000000000004,7
COD,Equateur,0.163361503917201,-0.1400555253374381,0.19920000000000004,7
COD,Haut-Katanga,-0.075133474715494,-0.1457463091577001,0.19920000000000004,7
COD,Haut-Lomami,0.014712531130076978,-0.14683454135827922,0.19920000000000004,7
COD,Haut-Uele,-0.0027088293973390187,-0.10548908776972249,0.19920000000000004,7
COD,Ituri,-0.04988611843486107,-0.1179439479879674,0.19920000000000004,7
COD,Kasai,0.14918630548248002,-0.1416734240852875,0.19920000000000004,7
COD,Kasai Central,0.08996663965471197,-0.140740555737398,0.19920000000000004,7
COD,Kasai Oriental,-0.010058365647217016,-0.1250046604755111,0.19920000000000004,7
COD,Kinshasa,-0.01763087798690699,-0.097938481489489,0.19920000000000004,7
COD,Kongo Central,-0.041163299928273,-0.1386857129520682,0.19920000000000004,7
COD,Kwango,0.257798090679929,-0.0871713138825429,0.19920000000000004,7
COD,Kwilu,0.267786369648796,-0.08829226662636411,0.19920000000000004,7
COD,Lomami,-0.024892488749325925,-0.10900772085402027,0.19920000000000004,7
COD,Lualaba,-0.11664141679032702,-0.10507841515145727,0.19920000000000004,7
COD,Mai-Ndombe,0.07340304634462502,-0.147250243568494,0.19920000000000004,7
COD,Maniema,-0.11769970703369109,-0.11858898023877573,0.19920000000000004,7
COD,Mongala,0.25539928443355786,-0.1083626269348048,0.19920000000000004,7
COD,Nord-Kivu,0.006298525643490996,-0.058627412191575905,0.19920000000000004,7
COD,Nord-Ubangi,0.05173059734917601,-0.11531141124738031,0.19920000000000004,7
COD,Sankuru,0.12502697332256713,-0.1332252921374315,0.19920000000000004,7
COD,Sud-Kivu,0.034992950934183004,-0.0743369914955876,0.19920000000000004,7
COD,Sud-Ubangi,0.23001239367704895,-0.14192126861940307,0.19920000000000004,7
COD,Tanganyka,-0.14924706170684804,-0.10616298977775701,0.19920000000000004,7
COD,Tshopo,0.014728158220541021,-0.10735191019315332,0.19920000000000004,7
COD,Tshuapa,0.32753522888004305,-0.1468088462008882,0.19920000000000004,7
COG,Bouenza,0.007306875098854915,-0.0844334684196343,0.3317000000000001,7
COG,Brazzaville,-0.0037374580566988946,-0.0661941853537619,0.3317000000000001,7
COG,Cuvette,0.04889741167876502,-0.1214824003136262,0.3317000000000001,7
COG,Cuvette-Ouest,0.044139696826583,-0.1459939566899091,0.3317000000000001,7
COG,Kouilou,-0.04211269635427298,-0.12823279730477238,0.3317000000000001,7
COG,Lekoumou,-0.04977948785253311,-0.1264220679004436,0.3317000000000001,7
COG,Likouala,0.12101732775298799,-0.1311989774451949,0.3317000000000001,7
COG,Niari,-0.06742494359597692,-0.146881541113589,0.3317000000000001,7
COG,Plateaux,0.029722377857449994,-0.0906498847162,0.3317000000000001,7
COG,Point-Noire,-0.026515296338006894,-0.0882288328258505,0.3317000000000001,7
COG,Pool,-0.03181981530436101,-0.1162467168797208,0.3317000000000001,7
COG,Sangha,0.028801274281629985,-0.1627675587402672,0.3317000000000001,7
ETH,Afar,-0.004102817079959797,-0.003467278463153603,-0.18589999999999993,7
ETH,Benishangul Gumz,-0.045852698192658706,-0.0197701029343596,-0.18589999999999993,7
ETH,Dire Dawa,-0.019996928211172802,-0.008307400148714603,-0.18589999999999993,7
ETH,Gambela,-0.0457750109361923,-0.0179378209882761,-0.18589999999999993,7
ETH,Harari,-0.0161171264683091,-0.007043712550328502,-0.18589999999999993,7
ETH,Oromia,-0.0298224304999056,-0.010613611802080904,-0.18589999999999993,7
ETH,SNNP,-0.0101846326167396,-0.006362577693696501,-0.18589999999999993,7
ETH,Sidama,-0.020554915318882296,-0.007121274837963699,-0.18589999999999993,7
ETH,Somali,-0.010399400884172502,-0.0059816207848843,-0.18589999999999993,7
ETH,Tigray,-0.005710097796297999,-0.0030406946004223993,-0.18589999999999993,7
GAB,Estuaire,-0.025322445165946006,-0.020787322203112496,-0.0694999999999999,7
GAB,Haut-Ogooue,-0.036842420952344995,-0.02678040701192899,-0.0694999999999999,7
GAB,Moyen-Ogooue,-0.031033878555003086,-0.03327716702401251,-0.0694999999999999,7
GAB,Ngounie,-0.016051462413146006,-0.0388160426226421,-0.0694999999999999,7
GAB,Nyanga,0.029041085425804886,-0.025438696127333404,-0.0694999999999999,7
GAB,Ogooue-Ivindo,0.09524001236537902,-0.03427954330807692,-0.0694999999999999,7
GAB,Ogooue-Maritime,-0.02962966465056309,-0.019533981166829306,-0.0694999999999999,7
GAB,Ogooue-lolo,-0.019916847567334,-0.035015816324477395,-0.0694999999999999,7
GAB,Woleu-Ntem,0.047663315732618006,-0.031220817734585793,-0.0694999999999999,7
GHA,Ahafo,-0.21421691162649692,-0.13782825584319972,0.08960000000000001,7
GHA,Ashanti,-0.0943155864601108,-0.1108999091715441,0.08960000000000001,7
GHA,Bono,-0.10920679321797602,-0.1551791870925597,0.08960000000000001,7
GHA,Bono East,-0.13486187511964912,-0.1562714851232192,0.08960000000000001,7
GHA,Central,-0.220909154186258,-0.1522600580189617,0.08960000000000001,7
GHA,Eastern,-0.18205771041916108,-0.1502974228116397,0.08960000000000001,7
GHA,Greater Accra,-0.05568855860682009,-0.0784081691615906,0.08960000000000001,7
GHA,Northern,-0.26186400420855405,-0.11614285517298009,0.08960000000000001,7
GHA,Northern East,-0.11106095102650501,-0.13464104980160568,0.08960000000000001,7
GHA,Oti,-0.2726245269892891,-0.09842166999529811,0.08960000000000001,7
GHA,Savannah,-0.185970890385475,-0.1324306215887913,0.08960000000000001,7
GHA,Upper East,-0.04499994656390499,-0.0908811543518606,0.08960000000000001,7
GHA,Upper West,-0.20549582189550397,-0.1457220099491663,0.08960000000000001,7
GHA,Volta,-0.09121348346356004,-0.1444438711995959,0.08960000000000001,7
GHA,Western,-0.13679708688579897,-0.1476430170985862,0.08960000000000001,7
GHA,Western North,-0.2702152401823579,-0.10643503387179676,0.08960000000000001,7
GIN,Boke,-0.013492267008370001,-0.13415713631739268,0.3062,7
GIN,Conakry,-0.0594577491999031,-0.1123730505712914,0.3062,7
GIN,Faranah,-0.3288795524522,-0.10360811643581114,0.3062,7
GIN,Kankan,-0.21225870916176398,-0.11093936636830948,0.3062,7
GIN,Kindia,-0.19186539352801507,-0.11246294259268602,0.3062,7
GIN,Labe,-0.029567720253435903,-0.12903651007113598,0.3062,7
GIN,Mamou,-0.131477978165828,-0.1250616305273199,0.3062,7
GIN,Nzerekore,-0.19814337532671605,-0.10537906793818819,0.3062,7
GMB,Central River,-0.1116565734141774,-0.099804501709243,0.3174,7
GMB,Kanifing Municipal Council,-0.1098479174222292,-0.0875200665456885,0.3174,7
GMB,Lower River,-0.10295707327247669,-0.09947755237188022,0.3174,7
GMB,North Bank,-0.10388957250613101,-0.0954077532286138,0.3174,7
GMB,Upper River,-0.1663458854659017,-0.1113955003071847,0.3174,7
GMB,West Coast,-0.12637544945125131,-0.10406556591976882,0.3174,7
GNB,Bafata,0.008761538147388795,-0.0068971398271492,-0.3289000000000001,7
GNB,Biombo,0.014877012749149106,-0.004673339933628402,-0.3289000000000001,7
GNB,Bissau,0.011177549083411197,-0.003105559730131102,-0.3289000000000001,7
GNB,Bolama,-0.0435196011997088,-0.0035538013869119006,-0.3289000000000001,7
GNB,Cacheu,0.0175437472169003,-0.0024938908071633,-0.3289000000000001,7
GNB,Gabu,0.0039032058199379993,-0.007599726221375204,-0.3289000000000001,7
GNB,Oio,0.027859325276024208,-0.003492654404197302,-0.3289000000000001,7
GNB,Quinara,-0.0068744795415253,-0.008229862810096009,-0.3289000000000001,7
GNB,Tombali,-0.025575528240467993,-0.009878576186479401,-0.3289000000000001,7
GNQ,Bioko Norte,-0.078006745844385,-0.07451901599431889,-0.02260000000000001,7
GNQ,Bioko Sur,-0.021795887426514005,-0.062275000604943495,-0.02260000000000001,7
GNQ,Centro Sur,-0.14220385399505392,-0.08339558744976033,-0.02260000000000001,7
GNQ,Kie-Ntem,-0.07746888280024705,-0.07571591469936079,-0.02260000000000001,7
GNQ,Litoral,-0.139542750139711,-0.07458233644321632,-0.02260000000000001,7
GNQ,Wele-Nzas,-0.135821826571563,-0.08308201611743421,-0.02260000000000001,7
KEN,Bungoma,-0.0076789172715062,-0.0418787431329469,-0.0014999999999999458,7
KEN,Busia,-0.15417735949518502,-0.10629679027252889,-0.0014999999999999458,7
KEN,Homa Bay,-0.0520332919102013,-0.059907983038599906,-0.0014999999999999458,7
KEN,Kakamega,-0.07006673141330498,-0.0692694864816628,-0.0014999999999999458,7
KEN,Kilifi,0.012110120231246704,-0.029189401868227,-0.0014999999999999458,7
KEN,Kisii,0.013404782387683903,-0.017361568322178198,-0.0014999999999999458,7
KEN,Kisumu,-0.05877620761952261,-0.0645940202367019,-0.0014999999999999458,7
KEN,Kwale,-0.0796160609234119,-0.0609167198591838,-0.0014999999999999458,7
KEN,Meru,0.017039656538622303,-0.008780778827567101,-0.0014999999999999458,7
KEN,Migori,-0.03336176735594751,-0.048492657881622596,-0.0014999999999999458,7
KEN,Mombasa,-0.0090828253173309,-0.0177087623117819,-0.0014999999999999458,7
KEN,Nandi,0.0041466380517084026,-0.018537863652120595,-0.0014999999999999458,7
KEN,Nyamira,0.0337288323482274,-0.008646026705083602,-0.0014999999999999458,7
KEN,Siaya,-0.1751264536834801,-0.10722088913529029,-0.0014999999999999458,7
KEN,Taita/taveta,0.027065389958323596,-0.008305083518747602,-0.0014999999999999458,7
KEN,Trans Nzoia,0.017993871900911104,-0.008460394675748398,-0.0014999999999999458,7
KEN,Turkana,-0.014401193600695604,-0.0231886542545311,-0.0014999999999999458,7
KEN,Vihiga,-0.1113662793739588,-0.0935621817539066,-0.0014999999999999458,7
KEN,West Pokot,-0.0031836570558751998,-0.0195724803108139,-0.0014999999999999458,7
LBR,Bomi,0.07649672772522997,-0.09379596459973541,-0.015199999999999991,7
LBR,Bong,-0.10005458973548703,-0.10335270325056073,-0.015199999999999991,7
LBR,Gbapolu,0.029061617685226027,-0.09003001996441118,-0.015199999999999991,7
LBR,Grand Bassa,-0.015758470115036005,-0.08966594759770488,-0.015199999999999991,7
LBR,Grand Cape Mount,0.004699463006097915,-0.0895264963112089,-0.015199999999999991,7
LBR,Grand Gedeh,0.11212405029022998,-0.08915494874566171,-0.015199999999999991,7
LBR,Grand Kru,-0.155560977583232,-0.09833221770805245,-0.015199999999999991,7
LBR,Lofa,0.04288959460254199,-0.0896131002457998,-0.015199999999999991,7
LBR,Margibi,0.05369478214099804,-0.09432243298346568,-0.015199999999999991,7
LBR,Maryland,-0.011318279090104966,-0.09968951355089478,-0.015199999999999991,7
LBR,Montserrado,0.14026580892261697,-0.0477250987181438,-0.015199999999999991,7
LBR,Nimba,-0.045816378265295166,-0.10273148192582487,-0.015199999999999991,7
LBR,River Cess,-0.04904655377641404,-0.09794399638927948,-0.015199999999999991,7
LBR,River Gee,0.044719377402754,-0.10381787449819435,-0.015199999999999991,7
LBR,Sinoe,-0.12865509709547296,-0.09902459574146988,-0.015199999999999991,7
MDG,Alaotra Mangoro,0.06255486034802121,-0.0138560030061362,0.046699999999999964,7
MDG,Amoron I Mania,0.026740973211715802,-0.0122809547630568,0.046699999999999964,7
MDG,Analamanga,0.0256810638589475,-0.0141491784830981,0.046699999999999964,7
MDG,Analanjirofo,0.061427942545658594,-0.0168209461060589,0.046699999999999964,7
MDG,Androy,0.0498507515952974,-0.015511571249140101,0.046699999999999964,7
MDG,Anosy,0.0920695984348427,-0.036140862269565394,0.046699999999999964,7
MDG,Atsimo Andrefana,-0.06418511451248249,-0.0670243161063313,0.046699999999999964,7
MDG,Atsimo Atsinanana,0.015667368630760986,-0.0848743022204582,0.046699999999999964,7
MDG,Atsinanana,0.0531678293792901,-0.028616205974391202,0.046699999999999964,7
MDG,Betsiboka,0.0322174186017333,-0.021616901758794802,0.046699999999999964,7
MDG,Boeny,0.017665562812656,-0.019832227978128898,0.046699999999999964,7
MDG,Bongolava,0.0374357623173627,-0.0165863906215745,0.046699999999999964,7
MDG,Diana,0.028619641740931,-0.018673017309499298,0.046699999999999964,7
MDG,Haute Matsiatra,0.036016515543137596,-0.011608780784787,0.046699999999999964,7
MDG,Ihorombe,0.051014406251672605,-0.0258758093125296,0.046699999999999964,7
MDG,Itasy,0.016063782262768403,-0.013713841783014798,0.046699999999999964,7
MDG,Melaky,-0.004685708036002004,-0.05848434860438,0.046699999999999964,7
MDG,Menabe,0.007137751881481899,-0.033585197114338994,0.046699999999999964,7
MDG,Sava,0.0476765490107103,-0.0211518898057414,0.046699999999999964,7
MDG,Sofia,0.0084574909063211,-0.032609127724457,0.046699999999999964,7
MDG,Vakinankaratra,0.017296815293720104,-0.009021953528940401,0.046699999999999964,7
MDG,Vatovavy Fitovinany,0.039778638608667594,-0.037822445773930805,0.046699999999999964,7
MLI,Bamako,0.0365842787884523,-0.033944482266587,0.013400000000000079,7
MLI,Gao,-0.019000558657916083,-0.08343824524599269,0.013400000000000079,7
MLI,Kayes,-0.103979480385956,-0.1412493837836592,0.013400000000000079,7
MLI,Kidal,0.008177442936626506,-0.0319778924429743,0.013400000000000079,7
MLI,Koulikoro,-0.09003876670128297,-0.14431660365958898,0.013400000000000079,7
MLI,Mopti,-0.350665982512945,-0.10476181695669251,0.013400000000000079,7
MLI,Segou,-0.150819030710567,-0.10626931616548402,0.013400000000000079,7
MLI,Sikasso,-0.17773204972747503,-0.09354024171920328,0.013400000000000079,7
MLI,Tombouctou,-0.030159243389668897,-0.0790576575271883,0.013400000000000079,7
MOZ,Cabo Delgado,-0.029443966972484026,-0.10715204568139189,-0.07789999999999997,7
MOZ,Cidade De Maputo,0.1708463658427374,-0.025663840905662202,-0.07789999999999997,7
MOZ,Gaza,0.202025513012456,-0.0627917401637359,-0.07789999999999997,7
MOZ,Inhambane,0.07769372311826198,-0.101907931027025,-0.07789999999999997,7
MOZ,Manica,0.0438853998540559,-0.0939368528634428,-0.07789999999999997,7
MOZ,Maputo,0.1797784192437031,-0.0343617314334336,-0.07789999999999997,7
MOZ,Nampula,-0.27719968571586606,-0.1039332128459925,-0.07789999999999997,7
MOZ,Niassa,0.0012361110434899736,-0.12448195038009299,-0.07789999999999997,7
MOZ,Sofala,0.079239685076237,-0.11457888598077859,-0.07789999999999997,7
MOZ,Tete,0.023022156386850012,-0.11838142162342159,-0.07789999999999997,7
MOZ,Zambezia,-0.20609222128461097,-0.10430128507604214,-0.07789999999999997,7
MRT,Assaba,-0.0491570170965233,-0.04330425215713861,0.05499999999999999,7
MRT,Brakna,-0.0017734782717086991,-0.019971137242694,0.05499999999999999,7
MRT,Gorgol,0.003334239435917201,-0.0109216022023239,0.05499999999999999,7
MRT,Guidimakha,-0.043509290473289594,-0.0325929447675377,0.05499999999999999,7
MRT,Hodh Ech Chargi,-0.11979737673013051,-0.07592274551997151,0.05499999999999999,7
MRT,Hodh El Gharbi,-0.0675880378923158,-0.05719985423144539,0.05499999999999999,7
MRT,Nouakchott,0.021545617757395098,-0.0093940854922594,0.05499999999999999,7
MRT,Tagant,-0.04778446312739589,-0.039217830396457,0.05499999999999999,7
MRT,Trarza,0.0060464544856456,-0.0154986195546256,0.05499999999999999,7
MWI,Central Region,-0.025909945505301013,-0.1300073760054917,0.3052,7
MWI,Northern Region,-0.02671573439742711,-0.11097350426621201,0.3052,7
MWI,Southern Region,0.044706702467447984,-0.1071731299194745,0.3052,7
NER,Agadez,0.0016079516786151882,-0.039210870904321404,0.2471,7
NER,Diffa,-0.024228290893945,-0.0895062024528784,0.2471,7
NER,Dosso,-0.235634392212228,-0.10786114159894938,0.2471,7
NER,Maradi,-0.048488782717686,-0.1429322740424696,0.2471,7
NER,Niamey,-0.10275664621338598,-0.1370309991260867,0.2471,7
NER,Tahoua,-0.12010665148903302,-0.1495079463892718,0.2471,7
NER,Tillabery,-0.07880751552683099,-0.14330978828950247,0.2471,7
NER,Zinder,0.0026002455973259953,-0.1132108494941817,0.2471,7
NGA,Abia,0.18306699561796097,-0.0643755922663173,-0.041100000000000025,7
NGA,Abuja,0.11654821879016108,-0.0577205440561289,-0.041100000000000025,7
NGA,Adamawa,0.015324827056610008,-0.09788494258751189,-0.041100000000000025,7
NGA,Akwa Ibom,0.1696297896203971,-0.0742001225287103,-0.041100000000000025,7
NGA,Anambra,0.11265685018787201,-0.0483641612375657,-0.041100000000000025,7
NGA,Bauchi,0.08137299496320899,-0.09005702843604578,-0.041100000000000025,7
NGA,Bayelsa,0.015248100218232002,-0.0970872539732639,-0.041100000000000025,7
NGA,Benue,0.055592011596567986,-0.0976173307377814,-0.041100000000000025,7
NGA,Borno,0.05247225080602,-0.0796718287840989,-0.041100000000000025,7
NGA,Cross River,0.060995054134466986,-0.09839181471463279,-0.041100000000000025,7
NGA,Delta,0.010314912132036003,-0.0775484636048091,-0.041100000000000025,7
NGA,Ebonyi,0.018439662075557084,-0.09846324620699569,-0.041100000000000025,7
NGA,Edo,0.015180776118302014,-0.0976239727477977,-0.041100000000000025,7
NGA,Ekiti,0.013465611022239976,-0.09606678911389918,-0.041100000000000025,7
NGA,Enugu,0.091351468547234,-0.0598616795995586,-0.041100000000000025,7
NGA,Gombe,-0.040173956638753006,-0.0886751557399455,-0.041100000000000025,7
NGA,Imo,0.219161574134424,-0.0488762980794227,-0.041100000000000025,7
NGA,Jigawa,0.011393539600980995,-0.0948425917150687,-0.041100000000000025,7
NGA,Kaduna,-0.033277702805058984,-0.09274813188408187,-0.041100000000000025,7
NGA,Kano,-0.02246156303135599,-0.09335790197209859,-0.041100000000000025,7
NGA,Katsina,-0.050093229173785,-0.08215397386352438,-0.041100000000000025,7
NGA,Kebbi,-0.23858192940886597,-0.10521012859510726,-0.041100000000000025,7
NGA,Kogi,0.10832096306060301,-0.06973854619920569,-0.041100000000000025,7
NGA,Kwara,0.014445626120031002,-0.0962677087915051,-0.041100000000000025,7
NGA,Lagos,0.0838501731833281,-0.015428377150655904,-0.041100000000000025,7
NGA,Nassarawa,0.02021658380389496,-0.0986206361160626,-0.041100000000000025,7
NGA,Niger,-0.026535141894744874,-0.089302574104477,-0.041100000000000025,7
NGA,Ogun,0.11438005219723901,-0.0594460293936378,-0.041100000000000025,7
NGA,Ondo,-0.009476414268325017,-0.09412220142026609,-0.041100000000000025,7
NGA,Osun,-0.06489957880442399,-0.0892227528954633,-0.041100000000000025,7
NGA,Oyo,0.025170246364520976,-0.09814974805169861,-0.041100000000000025,7
NGA,Plateau,-0.054712715221043096,-0.0983327782425325,-0.041100000000000025,7
NGA,Rivers,0.12363582566398604,-0.0687703506110696,-0.041100000000000025,7
NGA,Sokoto,-0.241562396242658,-0.1069621920621463,-0.041100000000000025,7
NGA,Taraba,-0.023151929552786,-0.08439234108475377,-0.041100000000000025,7
NGA,Yobe,0.087360492739646,-0.0910386054923005,-0.041100000000000025,7
NGA,Zamfara,-0.18536117169203115,-0.10632545691186035,-0.041100000000000025,7
RWA,Eastern Province,-0.006139924131799299,-0.017493961694631598,0.07599999999999996,7
RWA,Kigali City,0.0013058489103690007,-0.010876737011735301,0.07599999999999996,7
RWA,Southern Province,-0.012779786688850697,-0.019765652998179003,0.07599999999999996,7
SDN,Abyei PCA,0.0338796960774191,-0.020669986410883003,0.1775,7
SDN,Blue Nile,0.036419280183928,-0.0193901724929832,0.1775,7
SDN,Central Darfur,0.011534768810104797,-0.0269769908729836,0.1775,7
SDN,East Darfur,0.0338166902080059,-0.017023412592182,0.1775,7
SDN,Gedaref,0.0211348724246788,-0.010753878870671002,0.1775,7
SDN,Kassala,0.007661307351388102,-0.016284891009750703,0.1775,7
SDN,North Darfur,0.005763224705352999,-0.0166859702246808,0.1775,7
SDN,Sennar,0.026591321366876305,-0.0104536447341924,0.1775,7
SDN,South Darfur,0.0167698587669197,-0.028776068927788896,0.1775,7
SDN,South Kordofan,0.027868287552986003,-0.0150616735102493,0.1775,7
SDN,West Darfur,0.024911668989485596,-0.018489438823177398,0.1775,7
SDN,West Kordofan,0.0227340673161553,-0.025267533296891305,0.1775,7
SEN,Dakar,-0.0275757702926169,-0.0214692488286806,0.04809999999999992,7
SEN,Diourbel,0.0035022366451545016,-0.014581353806345001,0.04809999999999992,7
SEN,Fatick,-0.008712773008411199,-0.0149935788826717,0.04809999999999992,7
SEN,Kaffrine,-0.0002028762898067006,-0.012229055109301898,0.04809999999999992,7
SEN,Kaolack,-0.005703199993539798,-0.013793257090465201,0.04809999999999992,7
SEN,Kedougou,-0.05215409700149489,-0.0489254133061831,0.04809999999999992,7
SEN,Kolda,-0.0406866408275191,-0.037673113045518195,0.04809999999999992,7
SEN,Louga,0.009404931730627904,-0.0160974424674283,0.04809999999999992,7
SEN,Matam,-0.010076232823536903,-0.0156621461729866,0.04809999999999992,7
SEN,Saint-Louis,0.004468788979478,-0.015888428169902498,0.04809999999999992,7
SEN,Sedhiou,-0.0027344684608816006,-0.017963502750948098,0.04809999999999992,7
SEN,Tambacounda,-0.0353458981117936,-0.0305809736270494,0.04809999999999992,7
SEN,Thies,-0.0083616543527772,-0.0158333600938671,0.04809999999999992,7
SEN,Ziguinchor,-0.018600909043289003,-0.0242416571479818,0.04809999999999992,7
SLE,Eastern,0.008658474108828917,-0.08880163204354541,-0.10619999999999996,7
SLE,North Western,-0.18742940633656002,-0.1044186516714451,-0.10619999999999996,7
SLE,Northern,-0.18519129416931007,-0.10425586333074388,-0.10619999999999996,7
SLE,Southern,-0.054867905974349984,-0.10227714941342059,-0.10619999999999996,7
SLE,Western Area,0.024366527724642983,-0.0873828636371896,-0.10619999999999996,7
SOM,Bakool,-0.006859005429572504,-0.013603909888971599,0.1509,7
SOM,Bari,-0.006564380476667901,-0.0083909995896723,0.1509,7
SOM,Bay,-0.001285674412669302,-0.012170631812523303,0.1509,7
SOM,Galgaduud,-0.0004254597593346017,-0.006086923750199098,0.1509,7
SOM,Gedo,-0.0022353249767891985,-0.009325178590323297,0.1509,7
SOM,Hiraan,-0.002754383223978401,-0.008481808304665099,0.1509,7
SOM,Juba Dhexe,-0.008413581385033397,-0.0134548610530962,0.1509,7
SOM,Juba Hoose,-0.010580690216833197,-0.012034635648775903,0.1509,7
SOM,Mudug,-0.006061682671477102,-0.007614682740426898,0.1509,7
SOM,Nugaal,-0.005494734010666701,-0.007448043974051299,0.1509,7
SOM,Sanaag,-0.0036447934097664017,-0.0063576220077035984,0.1509,7
SOM,Shabelle Dhexe,0.007281484687460999,-0.0060162631494270966,0.1509,7
SOM,Shabelle Hoose,5.938031565601298e-06,-0.009749013642020802,0.1509,7
SOM,Sool,-0.0017187213256875979,-0.007423502441133999,0.1509,7
SOM,Togdheer,0.0038192463018405995,-0.007616947210075803,0.1509,7
SSD,Central Equatoria,0.029424089386793084,-0.15048642049592,0.344,7
SSD,Eastern Equatoria,-0.125473477122013,-0.12267443065010553,0.344,7
SSD,Jonglei,0.010904816110746979,-0.10573097583361091,0.344,7
SSD,Lakes,0.01142526418925599,-0.1178720032216368,0.344,7
SSD,Northern Bahr el Ghazal,0.049266797392632594,-0.0640971624078536,0.344,7
SSD,Unity,0.0325348843591569,-0.0680233206766826,0.344,7
SSD,Upper Nile,0.008917989346861999,-0.08583627315338109,0.344,7
SSD,Warrap,0.05263775487224881,-0.061910421362463205,0.344,7
SSD,Western Bahr el Ghazal,-0.013204539568360985,-0.1388443976216313,0.344,7
SSD,Western Equatoria,-0.039102417946376866,-0.11257689340422788,0.344,7
TCD,Barh el Ghazel,-0.0008598917812270013,-0.062631393124505,-0.0577,7
TCD,Batha,0.016554953247226903,-0.0544826422256254,-0.0577,7
TCD,Chari-Baguirmi,-0.009045493543752003,-0.08400602718626302,-0.0577,7
TCD,Ennedi Est,0.004251344162737501,-0.014761731291976297,-0.0577,7
TCD,Ennedi Ouest,-0.0001138679461403988,-0.011660217332358298,-0.0577,7
TCD,Guera,-0.0014422689645600117,-0.0796978461099894,-0.0577,7
TCD,Hadjer-Lamis,-0.011203733767274987,-0.0845012737729837,-0.0577,7
TCD,Kanem,0.008892742946912002,-0.0543550500849194,-0.0577,7
TCD,Lac,0.02880368303265901,-0.0678573774097066,-0.0577,7
TCD,Logone Occidental,-0.04817288355510911,-0.0814373831054015,-0.0577,7
TCD,Logone Oriental,-0.05712515923693401,-0.0989168385645103,-0.0577,7
TCD,Mandoul,-0.044010990575857,-0.09804926337540891,-0.0577,7
TCD,Mayo-Kebbi Est,0.079951098770138,-0.0632755638212857,-0.0577,7
TCD,Mayo-Kebbi Ouest,0.040352860227701015,-0.0918075660632571,-0.0577,7
TCD,Moyen-Chari,-0.018362957170978023,-0.10232284313177971,-0.0577,7
TCD,Ouaddai,0.027898406434235093,-0.0466803130265947,-0.0577,7
TCD,Salamat,0.02326240404292798,-0.0898587671533611,-0.0577,7
TCD,Sila,0.009218309526610013,-0.0690088508075753,-0.0577,7
TCD,Tandjile,0.00787169970440689,-0.060328863175598,-0.0577,7
TCD,Ville de N'Djamena,-0.03538389414288101,-0.08141363014519011,-0.0577,7
TCD,Wadi Fira,0.014140426296086403,-0.03621935550731929,-0.0577,7
TGO,Centrale,-0.15910389190741597,-0.05918817299591861,-0.2144999999999999,7
TGO,Kara,-0.16441962566510307,-0.05689127344244432,-0.2144999999999999,7
TGO,Maritime,-0.06028797684058698,-0.1078202678048728,-0.2144999999999999,7
TGO,Plateaux,-0.26589966962596406,-0.10310932402516598,-0.2144999999999999,7
TGO,Savanes,-0.16248170085652408,-0.08894178790063029,-0.2144999999999999,7
TZA,Dar-es-salaam,0.0569115667835396,-0.0184584354850775,0.14540000000000003,7
TZA,Dodoma,0.046128149598725604,-0.0188929706866256,0.14540000000000003,7
TZA,Geita,-0.192264989830492,-0.1330598481150328,0.14540000000000003,7
TZA,Iringa,0.041472739359532405,-0.0186387986104935,0.14540000000000003,7
TZA,Kagera,-0.009180707557591983,-0.08045762765046699,0.14540000000000003,7
TZA,Kaskazini Pemba,0.011078409981166399,-0.016720308393714703,0.14540000000000003,7
TZA,Kaskazini Unguja,0.023741044003213703,-0.013812061501068599,0.14540000000000003,7
TZA,Katavi,-0.02703146175479601,-0.07958918151591651,0.14540000000000003,7
TZA,Kigoma,-0.04481080463201001,-0.10529507291401051,0.14540000000000003,7
TZA,Kilimanjaro,0.0681128935672087,-0.012536403953204298,0.14540000000000003,7
TZA,Kusini Pemba,0.016000368876192602,-0.0159536625019049,0.14540000000000003,7
TZA,Kusini Unguja,0.023925649973421302,-0.0175655920655102,0.14540000000000003,7
TZA,Lindi,-0.02723808550027698,-0.11428808116057021,0.14540000000000003,7
TZA,Mara,-0.01490206078248102,-0.0888496302634756,0.14540000000000003,7
TZA,Mbeya,0.041946336043551996,-0.020749795087125298,0.14540000000000003,7
TZA,Mjini Magharibi,0.0230930695167473,-0.017208519864434002,0.14540000000000003,7
TZA,Morogoro,-0.03189627328811301,-0.08546885504617881,0.14540000000000003,7
TZA,Mtwara,0.0011327759907920065,-0.1039510480228705,0.14540000000000003,7
TZA,Mwanza,-0.07613511286756738,-0.09060506952704091,0.14540000000000003,7
TZA,Njombe,0.039961146503412204,-0.0112179661175815,0.14540000000000003,7
TZA,Pwani,-0.027116260346806906,-0.0861524368744995,0.14540000000000003,7
TZA,Rukwa,-0.005467010371201307,-0.0375417204585787,0.14540000000000003,7
TZA,Ruvuma,-0.007402501399629002,-0.0711373780853696,0.14540000000000003,7
TZA,Shinyanga,-0.02487125396295109,-0.0910553808280345,0.14540000000000003,7
TZA,Simiyu,-0.04356841976251409,-0.0688304508411596,0.14540000000000003,7
TZA,Singida,0.03171894550809659,-0.017875925557021402,0.14540000000000003,7
TZA,Songwe,0.025199021080554204,-0.0232560297393358,0.14540000000000003,7
TZA,Tabora,0.00410940545587099,-0.0938345078521397,0.14540000000000003,7
TZA,Tanga,0.020398053177396,-0.0424679593861161,0.14540000000000003,7
UGA,Central,0.02873636018876602,-0.07445214082538269,-0.1291,7
UGA,Eastern,-0.08316074435478599,-0.10599978601536111,-0.1291,7
UGA,Northern,0.043092615427749004,-0.1396964058907335,-0.1291,7
UGA,Western,0.04028764442819199,-0.06845455746482891,-0.1291,7
ZMB,Central,0.019757729438487998,-0.06817294813451438,-0.2985,7
ZMB,Copperbelt,-0.05771910108585199,-0.0692828137989927,-0.2985,7
ZMB,Eastern,0.006770841245735987,-0.059882532918063607,-0.2985,7
ZMB,Luapula,-0.21971811725226198,-0.0751820788867934,-0.2985,7
ZMB,Lusaka,0.056382864481121404,-0.0170396270830608,-0.2985,7
ZMB,Muchinga,-0.23033354405114298,-0.06604272510126696,-0.2985,7
ZMB,North-Western,-0.010602028960499998,-0.0871746687110705,-0.2985,7
ZMB,Northern,-0.18730863141334703,-0.06797760357757551,-0.2985,7
ZMB,Southern,0.0683195208146113,-0.0163271682994028,-0.2985,7
ZMB,Western,-0.06025664363931099,-0.07968424973162591,-0.2985,7
ZWE,Bulawayo,-0.0441973334633573,-0.0286359099710913,0.08789999999999998,7
ZWE,Harare,-0.0277525911402517,-0.018400132402638304,0.08789999999999998,7
ZWE,Manicaland,-0.037567910112562296,-0.0283538605249096,0.08789999999999998,7
ZWE,Mashonaland Central,-0.0582917390149745,-0.039486945084697994,0.08789999999999998,7
ZWE,Mashonaland East,-0.042502960215060906,-0.029035285523006202,0.08789999999999998,7
ZWE,Mashonaland West,-0.0514673950264119,-0.036012230735798303,0.08789999999999998,7
ZWE,Masvingo,-0.0419839414662636,-0.0319284636918313,0.08789999999999998,7
ZWE,Matabeleland North,-0.07375187705358091,-0.0522882626465031,0.08789999999999998,7
ZWE,Matabeleland South,-0.050795023644896006,-0.034384505251185804,0.08789999999999998,7
ZWE,Midlands,-0.0593924543317983,-0.038405333121472596,0.08789999999999998,7
