IndicatorCode,Indicator,ValueType,ParentLocationCode,ParentLocation,Location type,SpatialDimValueCode,Location,Period type,Period,IsLatestYear,FactValueNumeric,Value,Language,DateModified
MALARIA_ITN_COVERAGE,"Population with access to an insecticide-treated bed net (ITN) for malaria protection (%), modelled",numeric,AFR,Africa,Country,GAB,Gabon,Year,2023,TRUE,13.02,13.02,EN,2024-12-10T05:00:00.000Z
MALARIA_ITN_COVERAGE,"Population with access to an insecticide-treated bed net (ITN) for malaria protection (%), modelled",numeric,EMR,Eastern Mediterranean,Country,DJI,Djibouti,Year,2023,TRUE,24.87,24.87,EN,2024-12-10T05:00:00.000Z
MALARIA_ITN_COVERAGE,"Population with access to an insecticide-treated bed net (ITN) for malaria protection (%), modelled",numeric,AFR,Africa,Country,AGO,Angola,Year,2023,TRUE,26.95,26.95,EN,2024-12-10T05:00:00.000Z
MALARIA_ITN_COVERAGE,"Population with access to an insecticide-treated bed net (ITN) for malaria protection (%), modelled",numeric,EMR,Eastern Mediterranean,Country,SOM,Somalia,Year,2023,TRUE,28.48,28.48,EN,2024-12-10T05:00:00.000Z
MALARIA_ITN_COVERAGE,"Population with access to an insecticide-treated bed net (ITN) for malaria protection (%), modelled",numeric,AFR,Africa,Country,ETH,Ethiopia,Year,2023,TRUE,28.52,28.52,EN,2024-12-10T05:00:00.000Z
MALARIA_ITN_COVERAGE,"Population with access to an insecticide-treated bed net (ITN) for malaria protection (%), modelled",numeric,AFR,Africa,Country,GNQ,Equatorial Guinea,Year,2023,TRUE,29.01,29.01,EN,2024-12-10T05:00:00.000Z
MALARIA_ITN_COVERAGE,"Population with access to an insecticide-treated bed net (ITN) for malaria protection (%), modelled",numeric,AFR,Africa,Country,GNB,Guinea-Bissau,Year,2023,TRUE,33.3,33.3,EN,2024-12-10T05:00:00.000Z
MALARIA_ITN_COVERAGE,"Population with access to an insecticide-treated bed net (ITN) for malaria protection (%), modelled",numeric,AFR,Africa,Country,MRT,Mauritania,Year,2023,TRUE,38.68,38.68,EN,2024-12-10T05:00:00.000Z
MALARIA_ITN_COVERAGE,"Population with access to an insecticide-treated bed net (ITN) for malaria protection (%), modelled",numeric,AFR,Africa,Country,ERI,Eritrea,Year,2023,TRUE,41.68,41.68,EN,2024-12-10T05:00:00.000Z
MALARIA_ITN_COVERAGE,"Population with access to an insecticide-treated bed net (ITN) for malaria protection (%), modelled",numeric,AFR,Africa,Country,MWI,Malawi,Year,2023,TRUE,47.09,47.09,EN,2024-12-10T05:00:00.000Z
MALARIA_ITN_COVERAGE,"Population with access to an insecticide-treated bed net (ITN) for malaria protection (%), modelled",numeric,AFR,Africa,Country,KEN,Kenya,Year,2023,TRUE,48.65,48.65,EN,2024-12-10T05:00:00.000Z
MALARIA_ITN_COVERAGE,"Population with access to an insecticide-treated bed net (ITN) for malaria protection (%), modelled",numeric,AFR,Africa,Country,CIV,Cote d'Ivoire,Year,2023,TRUE,50.15,50.15,EN,2024-12-10T05:00:00.000Z
MALARIA_ITN_COVERAGE,"Population with access to an insecticide-treated bed net (ITN) for malaria protection (%), modelled",numeric,AFR,Africa,Country,COM,Comoros,Year,2023,TRUE,50.6,50.6,EN,2024-12-10T05:00:00.000Z
MALARIA_ITN_COVERAGE,"Population with access to an insecticide-treated bed net (ITN) for malaria protection (%), modelled",numeric,AFR,Africa,Country,NGA,Nigeria,Year,2023,TRUE,55.59,55.59,EN,2024-12-10T05:00:00.000Z
MALARIA_ITN_COVERAGE,"Population with access to an insecticide-treated bed net (ITN) for malaria protection (%), modelled",numeric,AFR,Africa,Country,ZWE,Zimbabwe,Year,2023,TRUE,56.88,56.88,EN,2024-12-10T05:00:00.000Z
MALARIA_ITN_COVERAGE,"Population with access to an insecticide-treated bed net (ITN) for malaria protection (%), modelled",numeric,AFR,Africa,Country,MDG,Madagascar,Year,2023,TRUE,56.95,56.95,EN,2024-12-10T05:00:00.000Z
MALARIA_ITN_COVERAGE,"Population with access to an insecticide-treated bed net (ITN) for malaria protection (%), modelled",numeric,AFR,Africa,Country,LBR,Liberia,Year,2023,TRUE,57.22,57.22,EN,2024-12-10T05:00:00.000Z
MALARIA_ITN_COVERAGE,"Population with access to an insecticide-treated bed net (ITN) for malaria protection (%), modelled",numeric,AFR,Africa,Country,TZA,United Republic of Tanzania,Year,2023,TRUE,57.51,57.51,EN,2024-12-10T05:00:00.000Z
MALARIA_ITN_COVERAGE,"Population with access to an insecticide-treated bed net (ITN) for malaria protection (%), modelled",numeric,AFR,Africa,Country,TCD,Chad,Year,2023,TRUE,60.37,60.37,EN,2024-12-10T05:00:00.000Z
MALARIA_ITN_COVERAGE,"Population with access to an insecticide-treated bed net (ITN) for malaria protection (%), modelled",numeric,AFR,Africa,Country,MOZ,Mozambique,Year,2023,TRUE,61.35,61.35,EN,2024-12-10T05:00:00.000Z
MALARIA_ITN_COVERAGE,"Population with access to an insecticide-treated bed net (ITN) for malaria protection (%), modelled",numeric,AFR,Africa,Country,BEN,Benin,Year,2023,TRUE,63.15,63.15,EN,2024-12-10T05:00:00.000Z
MALARIA_ITN_COVERAGE,"Population with access to an insecticide-treated bed net (ITN) for malaria protection (%), modelled",numeric,AFR,Africa,Country,SEN,Senegal,Year,2023,TRUE,63.6,63.6,EN,2024-12-10T05:00:00.000Z
MALARIA_ITN_COVERAGE,"Population with access to an insecticide-treated bed net (ITN) for malaria protection (%), modelled",numeric,AFR,Africa,Country,BDI,Burundi,Year,2023,TRUE,66.89,66.89,EN,2024-12-10T05:00:00.000Z
MALARIA_ITN_COVERAGE,"Population with access to an insecticide-treated bed net (ITN) for malaria protection (%), modelled",numeric,AFR,Africa,Country,GHA,Ghana,Year,2023,TRUE,67.63,67.63,EN,2024-12-10T05:00:00.000Z
MALARIA_ITN_COVERAGE,"Population with access to an insecticide-treated bed net (ITN) for malaria protection (%), modelled",numeric,AFR,Africa,Country,RWA,Rwanda,Year,2023,TRUE,69.94,69.94,EN,2024-12-10T05:00:00.000Z
MALARIA_ITN_COVERAGE,"Population with access to an insecticide-treated bed net (ITN) for malaria protection (%), modelled",numeric,AFR,Africa,Country,ZMB,Zambia,Year,2023,TRUE,69.98,69.98,EN,2024-12-10T05:00:00.000Z
MALARIA_ITN_COVERAGE,"Population with access to an insecticide-treated bed net (ITN) for malaria protection (%), modelled",numeric,AFR,Africa,Country,CMR,Cameroon,Year,2023,TRUE,72.81,72.81,EN,2024-12-10T05:00:00.000Z
MALARIA_ITN_COVERAGE,"Population with access to an insecticide-treated bed net (ITN) for malaria protection (%), modelled",numeric,AFR,Africa,Country,MLI,Mali,Year,2023,TRUE,73,73,EN,2024-12-10T05:00:00.000Z
MALARIA_ITN_COVERAGE,"Population with access to an insecticide-treated bed net (ITN) for malaria protection (%), modelled",numeric,AFR,Africa,Country,SSD,South Sudan,Year,2023,TRUE,74.45,74.45,EN,2024-12-10T05:00:00.000Z
MALARIA_ITN_COVERAGE,"Population with access to an insecticide-treated bed net (ITN) for malaria protection (%), modelled",numeric,AFR,Africa,Country,GIN,Guinea,Year,2023,TRUE,75.78,75.78,EN,2024-12-10T05:00:00.000Z
MALARIA_ITN_COVERAGE,"Population with access to an insecticide-treated bed net (ITN) for malaria protection (%), modelled",numeric,EMR,Eastern Mediterranean,Country,SDN,Sudan,Year,2023,TRUE,77.5,77.5,EN,2024-12-10T05:00:00.000Z
MALARIA_ITN_COVERAGE,"Population with access to an insecticide-treated bed net (ITN) for malaria protection (%), modelled",numeric,AFR,Africa,Country,UGA,Uganda,Year,2023,TRUE,77.77,77.77,EN,2024-12-10T05:00:00.000Z
MALARIA_ITN_COVERAGE,"Population with access to an insecticide-treated bed net (ITN) for malaria protection (%), modelled",numeric,AFR,Africa,Country,SLE,Sierra Leone,Year,2023,TRUE,79.98,79.98,EN,2024-12-10T05:00:00.000Z
MALARIA_ITN_COVERAGE,"Population with access to an insecticide-treated bed net (ITN) for malaria protection (%), modelled",numeric,AFR,Africa,Country,BFA,Burkina Faso,Year,2023,TRUE,83.84,83.84,EN,2024-12-10T05:00:00.000Z
MALARIA_ITN_COVERAGE,"Population with access to an insecticide-treated bed net (ITN) for malaria protection (%), modelled",numeric,AFR,Africa,Country,COD,Democratic Republic of the Congo,Year,2023,TRUE,84.65,84.65,EN,2024-12-10T05:00:00.000Z
MALARIA_ITN_COVERAGE,"Population with access to an insecticide-treated bed net (ITN) for malaria protection (%), modelled",numeric,AFR,Africa,Country,TGO,Togo,Year,2023,TRUE,85.67,85.67,EN,2024-12-10T05:00:00.000Z
MALARIA_ITN_COVERAGE,"Population with access to an insecticide-treated bed net (ITN) for malaria protection (%), modelled",numeric,AFR,Africa,Country,NER,Niger,Year,2023,TRUE,86.83,86.83,EN,2024-12-10T05:00:00.000Z
MALARIA_ITN_COVERAGE,"Population with access to an insecticide-treated bed net (ITN) for malaria protection (%), modelled",numeric,AFR,Africa,Country,CAF,Central African Republic,Year,2023,TRUE,87.98,87.98,EN,2024-12-10T05:00:00.000Z
MALARIA_ITN_COVERAGE,"Population with access to an insecticide-treated bed net (ITN) for malaria protection (%), modelled",numeric,AFR,Africa,Country,GMB,Gambia,Year,2023,TRUE,89.99,89.99,EN,2024-12-10T05:00:00.000Z
MALARIA_ITN_COVERAGE,"Population with access to an insecticide-treated bed net (ITN) for malaria protection (%), modelled",numeric,AFR,Africa,Country,COG,Congo,Year,2023,TRUE,92.16,92.16,EN,2024-12-10T05:00:00.000Z
MALARIA_ITN_COVERAGE,"Population with access to an insecticide-treated bed net (ITN) for malaria protection (%), modelled",numeric,AFR,Africa,Country,MRT,Mauritania,Year,2022,FALSE,10.69,10.69,EN,2024-12-10T05:00:00.000Z
MALARIA_ITN_COVERAGE,"Population with access to an insecticide-treated bed net (ITN) for malaria protection (%), modelled",numeric,AFR,Africa,Country,GAB,Gabon,Year,2022,FALSE,13.73,13.73,EN,2024-12-10T05:00:00.000Z
MALARIA_ITN_COVERAGE,"Population with access to an insecticide-treated bed net (ITN) for malaria protection (%), modelled",numeric,AFR,Africa,Country,ETH,Ethiopia,Year,2022,FALSE,20.35,20.35,EN,2024-12-10T05:00:00.000Z
MALARIA_ITN_COVERAGE,"Population with access to an insecticide-treated bed net (ITN) for malaria protection (%), modelled",numeric,AFR,Africa,Country,TCD,Chad,Year,2022,FALSE,23.3,23.3,EN,2024-12-10T05:00:00.000Z
MALARIA_ITN_COVERAGE,"Population with access to an insecticide-treated bed net (ITN) for malaria protection (%), modelled",numeric,EMR,Eastern Mediterranean,Country,SOM,Somalia,Year,2022,FALSE,28.62,28.62,EN,2024-12-10T05:00:00.000Z
MALARIA_ITN_COVERAGE,"Population with access to an insecticide-treated bed net (ITN) for malaria protection (%), modelled",numeric,AFR,Africa,Country,GNQ,Equatorial Guinea,Year,2022,FALSE,29.25,29.25,EN,2024-12-10T05:00:00.000Z
MALARIA_ITN_COVERAGE,"Population with access to an insecticide-treated bed net (ITN) for malaria protection (%), modelled",numeric,AFR,Africa,Country,ZMB,Zambia,Year,2022,FALSE,29.66,29.66,EN,2024-12-10T05:00:00.000Z
MALARIA_ITN_COVERAGE,"Population with access to an insecticide-treated bed net (ITN) for malaria protection (%), modelled",numeric,AFR,Africa,Country,GNB,Guinea-Bissau,Year,2022,FALSE,29.95,29.95,EN,2024-12-10T05:00:00.000Z
MALARIA_ITN_COVERAGE,"Population with access to an insecticide-treated bed net (ITN) for malaria protection (%), modelled",numeric,EMR,Eastern Mediterranean,Country,DJI,Djibouti,Year,2022,FALSE,30.05,30.05,EN,2024-12-10T05:00:00.000Z
MALARIA_ITN_COVERAGE,"Population with access to an insecticide-treated bed net (ITN) for malaria protection (%), modelled",numeric,AFR,Africa,Country,BEN,Benin,Year,2022,FALSE,30.25,30.25,EN,2024-12-10T05:00:00.000Z
MALARIA_ITN_COVERAGE,"Population with access to an insecticide-treated bed net (ITN) for malaria protection (%), modelled",numeric,AFR,Africa,Country,AGO,Angola,Year,2022,FALSE,30.96,30.96,EN,2024-12-10T05:00:00.000Z
MALARIA_ITN_COVERAGE,"Population with access to an insecticide-treated bed net (ITN) for malaria protection (%), modelled",numeric,AFR,Africa,Country,ERI,Eritrea,Year,2022,FALSE,45.8,45.8,EN,2024-12-10T05:00:00.000Z
MALARIA_ITN_COVERAGE,"Population with access to an insecticide-treated bed net (ITN) for malaria protection (%), modelled",numeric,AFR,Africa,Country,MOZ,Mozambique,Year,2022,FALSE,49.9,49.9,EN,2024-12-10T05:00:00.000Z
MALARIA_ITN_COVERAGE,"Population with access to an insecticide-treated bed net (ITN) for malaria protection (%), modelled",numeric,AFR,Africa,Country,NGA,Nigeria,Year,2022,FALSE,52.08,52.08,EN,2024-12-10T05:00:00.000Z
MALARIA_ITN_COVERAGE,"Population with access to an insecticide-treated bed net (ITN) for malaria protection (%), modelled",numeric,AFR,Africa,Country,SSD,South Sudan,Year,2022,FALSE,53.58,53.58,EN,2024-12-10T05:00:00.000Z
MALARIA_ITN_COVERAGE,"Population with access to an insecticide-treated bed net (ITN) for malaria protection (%), modelled",numeric,AFR,Africa,Country,UGA,Uganda,Year,2022,FALSE,55.09,55.09,EN,2024-12-10T05:00:00.000Z
MALARIA_ITN_COVERAGE,"Population with access to an insecticide-treated bed net (ITN) for malaria protection (%), modelled",numeric,AFR,Africa,Country,ZWE,Zimbabwe,Year,2022,FALSE,55.64,55.64,EN,2024-12-10T05:00:00.000Z
MALARIA_ITN_COVERAGE,"Population with access to an insecticide-treated bed net (ITN) for malaria protection (%), modelled",numeric,AFR,Africa,Country,SLE,Sierra Leone,Year,2022,FALSE,56.24,56.24,EN,2024-12-10T05:00:00.000Z
MALARIA_ITN_COVERAGE,"Population with access to an insecticide-treated bed net (ITN) for malaria protection (%), modelled",numeric,AFR,Africa,Country,TGO,Togo,Year,2022,FALSE,56.99,56.99,EN,2024-12-10T05:00:00.000Z
MALARIA_ITN_COVERAGE,"Population with access to an insecticide-treated bed net (ITN) for malaria protection (%), modelled",numeric,AFR,Africa,Country,TZA,United Republic of Tanzania,Year,2022,FALSE,59.27,59.27,EN,2024-12-10T05:00:00.000Z
MALARIA_ITN_COVERAGE,"Population with access to an insecticide-treated bed net (ITN) for malaria protection (%), modelled",numeric,AFR,Africa,Country,KEN,Kenya,Year,2022,FALSE,59.75,59.75,EN,2024-12-10T05:00:00.000Z
MALARIA_ITN_COVERAGE,"Population with access to an insecticide-treated bed net (ITN) for malaria protection (%), modelled",numeric,AFR,Africa,Country,MLI,Mali,Year,2022,FALSE,60.02,60.02,EN,2024-12-10T05:00:00.000Z
MALARIA_ITN_COVERAGE,"Population with access to an insecticide-treated bed net (ITN) for malaria protection (%), modelled",numeric,AFR,Africa,Country,LBR,Liberia,Year,2022,FALSE,60.4,60.4,EN,2024-12-10T05:00:00.000Z
MALARIA_ITN_COVERAGE,"Population with access to an insecticide-treated bed net (ITN) for malaria protection (%), modelled",numeric,AFR,Africa,Country,CIV,Cote d'Ivoire,Year,2022,FALSE,61.73,61.73,EN,2024-12-10T05:00:00.000Z
MALARIA_ITN_COVERAGE,"Population with access to an insecticide-treated bed net (ITN) for malaria protection (%), modelled",numeric,AFR,Africa,Country,MWI,Malawi,Year,2022,FALSE,62.4,62.4,EN,2024-12-10T05:00:00.000Z
MALARIA_ITN_COVERAGE,"Population with access to an insecticide-treated bed net (ITN) for malaria protection (%), modelled",numeric,AFR,Africa,Country,COM,Comoros,Year,2022,FALSE,63.96,63.96,EN,2024-12-10T05:00:00.000Z
MALARIA_ITN_COVERAGE,"Population with access to an insecticide-treated bed net (ITN) for malaria protection (%), modelled",numeric,AFR,Africa,Country,SEN,Senegal,Year,2022,FALSE,65.34,65.34,EN,2024-12-10T05:00:00.000Z
MALARIA_ITN_COVERAGE,"Population with access to an insecticide-treated bed net (ITN) for malaria protection (%), modelled",numeric,AFR,Africa,Country,BDI,Burundi,Year,2022,FALSE,65.96,65.96,EN,2024-12-10T05:00:00.000Z
MALARIA_ITN_COVERAGE,"Population with access to an insecticide-treated bed net (ITN) for malaria protection (%), modelled",numeric,AFR,Africa,Country,CMR,Cameroon,Year,2022,FALSE,67.87,67.87,EN,2024-12-10T05:00:00.000Z
MALARIA_ITN_COVERAGE,"Population with access to an insecticide-treated bed net (ITN) for malaria protection (%), modelled",numeric,AFR,Africa,Country,RWA,Rwanda,Year,2022,FALSE,69.08,69.08,EN,2024-12-10T05:00:00.000Z
MALARIA_ITN_COVERAGE,"Population with access to an insecticide-treated bed net (ITN) for malaria protection (%), modelled",numeric,AFR,Africa,Country,MDG,Madagascar,Year,2022,FALSE,72.2,72.2,EN,2024-12-10T05:00:00.000Z
MALARIA_ITN_COVERAGE,"Population with access to an insecticide-treated bed net (ITN) for malaria protection (%), modelled",numeric,AFR,Africa,Country,GIN,Guinea,Year,2022,FALSE,73.24,73.24,EN,2024-12-10T05:00:00.000Z
MALARIA_ITN_COVERAGE,"Population with access to an insecticide-treated bed net (ITN) for malaria protection (%), modelled",numeric,EMR,Eastern Mediterranean,Country,SDN,Sudan,Year,2022,FALSE,75.21,75.21,EN,2024-12-10T05:00:00.000Z
MALARIA_ITN_COVERAGE,"Population with access to an insecticide-treated bed net (ITN) for malaria protection (%), modelled",numeric,AFR,Africa,Country,CAF,Central African Republic,Year,2022,FALSE,75.63,75.63,EN,2024-12-10T05:00:00.000Z
MALARIA_ITN_COVERAGE,"Population with access to an insecticide-treated bed net (ITN) for malaria protection (%), modelled",numeric,AFR,Africa,Country,COD,Democratic Republic of the Congo,Year,2022,FALSE,75.76,75.76,EN,2024-12-10T05:00:00.000Z
MALARIA_ITN_COVERAGE,"Population with access to an insecticide-treated bed net (ITN) for malaria protection (%), modelled",numeric,AFR,Africa,Country,GHA,Ghana,Year,2022,FALSE,78.46,78.46,EN,2024-12-10T05:00:00.000Z
MALARIA_ITN_COVERAGE,"Population with access to an insecticide-treated bed net (ITN) for malaria protection (%), modelled",numeric,AFR,Africa,Country,BFA,Burkina Faso,Year,2022,FALSE,84.31,84.31,EN,2024-12-10T05:00:00.000Z
MALARIA_ITN_COVERAGE,"Population with access to an insecticide-treated bed net (ITN) for malaria protection (%), modelled",numeric,AFR,Africa,Country,NER,Niger,Year,2022,FALSE,84.82,84.82,EN,2024-12-10T05:00:00.000Z
MALARIA_ITN_COVERAGE,"Population with access to an insecticide-treated bed net (ITN) for malaria protection (%), modelled",numeric,AFR,Africa,Country,GMB,Gambia,Year,2022,FALSE,85.28,85.28,EN,2024-12-10T05:00:00.000Z
MALARIA_ITN_COVERAGE,"Population with access to an insecticide-treated bed net (ITN) for malaria protection (%), modelled",numeric,AFR,Africa,Country,COG,Congo,Year,2022,FALSE,86.86,86.86,EN,2024-12-10T05:00:00.000Z
MALARIA_ITN_COVERAGE,"Population with access to an insecticide-treated bed net (ITN) for malaria protection (%), modelled",numeric,AFR,Africa,Country,AGO,Angola,Year,2021,FALSE,11.42,11.42,EN,2024-12-10T05:00:00.000Z
MALARIA_ITN_COVERAGE,"Population with access to an insecticide-treated bed net (ITN) for malaria protection (%), modelled",numeric,AFR,Africa,Country,GAB,Gabon,Year,2021,FALSE,13.5,13.5,EN,2024-12-10T05:00:00.000Z
MALARIA_ITN_COVERAGE,"Population with access to an insecticide-treated bed net (ITN) for malaria protection (%), modelled",numeric,AFR,Africa,Country,ETH,Ethiopia,Year,2021,FALSE,19.73,19.73,EN,2024-12-10T05:00:00.000Z
MALARIA_ITN_COVERAGE,"Population with access to an insecticide-treated bed net (ITN) for malaria protection (%), modelled",numeric,AFR,Africa,Country,GNB,Guinea-Bissau,Year,2021,FALSE,20.04,20.04,EN,2024-12-10T05:00:00.000Z
MALARIA_ITN_COVERAGE,"Population with access to an insecticide-treated bed net (ITN) for malaria protection (%), modelled",numeric,EMR,Eastern Mediterranean,Country,SOM,Somalia,Year,2021,FALSE,21.01,21.01,EN,2024-12-10T05:00:00.000Z
MALARIA_ITN_COVERAGE,"Population with access to an insecticide-treated bed net (ITN) for malaria protection (%), modelled",numeric,EMR,Eastern Mediterranean,Country,DJI,Djibouti,Year,2021,FALSE,21.03,21.03,EN,2024-12-10T05:00:00.000Z
MALARIA_ITN_COVERAGE,"Population with access to an insecticide-treated bed net (ITN) for malaria protection (%), modelled",numeric,AFR,Africa,Country,GNQ,Equatorial Guinea,Year,2021,FALSE,34.39,34.39,EN,2024-12-10T05:00:00.000Z
MALARIA_ITN_COVERAGE,"Population with access to an insecticide-treated bed net (ITN) for malaria protection (%), modelled",numeric,AFR,Africa,Country,MRT,Mauritania,Year,2021,FALSE,44.5,44.5,EN,2024-12-10T05:00:00.000Z
MALARIA_ITN_COVERAGE,"Population with access to an insecticide-treated bed net (ITN) for malaria protection (%), modelled",numeric,AFR,Africa,Country,ZWE,Zimbabwe,Year,2021,FALSE,44.84,44.84,EN,2024-12-10T05:00:00.000Z
MALARIA_ITN_COVERAGE,"Population with access to an insecticide-treated bed net (ITN) for malaria protection (%), modelled",numeric,AFR,Africa,Country,BDI,Burundi,Year,2021,FALSE,44.95,44.95,EN,2024-12-10T05:00:00.000Z
MALARIA_ITN_COVERAGE,"Population with access to an insecticide-treated bed net (ITN) for malaria protection (%), modelled",numeric,AFR,Africa,Country,NGA,Nigeria,Year,2021,FALSE,46.71,46.71,EN,2024-12-10T05:00:00.000Z
MALARIA_ITN_COVERAGE,"Population with access to an insecticide-treated bed net (ITN) for malaria protection (%), modelled",numeric,AFR,Africa,Country,SEN,Senegal,Year,2021,FALSE,48.21,48.21,EN,2024-12-10T05:00:00.000Z
MALARIA_ITN_COVERAGE,"Population with access to an insecticide-treated bed net (ITN) for malaria protection (%), modelled",numeric,AFR,Africa,Country,GIN,Guinea,Year,2021,FALSE,50.03,50.03,EN,2024-12-10T05:00:00.000Z
MALARIA_ITN_COVERAGE,"Population with access to an insecticide-treated bed net (ITN) for malaria protection (%), modelled",numeric,AFR,Africa,Country,ZMB,Zambia,Year,2021,FALSE,52.17,52.17,EN,2024-12-10T05:00:00.000Z
MALARIA_ITN_COVERAGE,"Population with access to an insecticide-treated bed net (ITN) for malaria protection (%), modelled",numeric,AFR,Africa,Country,BFA,Burkina Faso,Year,2021,FALSE,53,53,EN,2024-12-10T05:00:00.000Z
MALARIA_ITN_COVERAGE,"Population with access to an insecticide-treated bed net (ITN) for malaria protection (%), modelled",numeric,AFR,Africa,Country,GMB,Gambia,Year,2021,FALSE,53.13,53.13,EN,2024-12-10T05:00:00.000Z
MALARIA_ITN_COVERAGE,"Population with access to an insecticide-treated bed net (ITN) for malaria protection (%), modelled",numeric,AFR,Africa,Country,ERI,Eritrea,Year,2021,FALSE,53.18,53.18,EN,2024-12-10T05:00:00.000Z
MALARIA_ITN_COVERAGE,"Population with access to an insecticide-treated bed net (ITN) for malaria protection (%), modelled",numeric,AFR,Africa,Country,MDG,Madagascar,Year,2021,FALSE,54.48,54.48,EN,2024-12-10T05:00:00.000Z
MALARIA_ITN_COVERAGE,"Population with access to an insecticide-treated bed net (ITN) for malaria protection (%), modelled",numeric,AFR,Africa,Country,TGO,Togo,Year,2021,FALSE,54.95,54.95,EN,2024-12-10T05:00:00.000Z
MALARIA_ITN_COVERAGE,"Population with access to an insecticide-treated bed net (ITN) for malaria protection (%), modelled",numeric,AFR,Africa,Country,TCD,Chad,Year,2021,FALSE,55.47,55.47,EN,2024-12-10T05:00:00.000Z
MALARIA_ITN_COVERAGE,"Population with access to an insecticide-treated bed net (ITN) for malaria protection (%), modelled",numeric,AFR,Africa,Country,LBR,Liberia,Year,2021,FALSE,58.19,58.19,EN,2024-12-10T05:00:00.000Z
MALARIA_ITN_COVERAGE,"Population with access to an insecticide-treated bed net (ITN) for malaria protection (%), modelled",numeric,AFR,Africa,Country,MWI,Malawi,Year,2021,FALSE,59.16,59.16,EN,2024-12-10T05:00:00.000Z
MALARIA_ITN_COVERAGE,"Population with access to an insecticide-treated bed net (ITN) for malaria protection (%), modelled",numeric,AFR,Africa,Country,KEN,Kenya,Year,2021,FALSE,60.71,60.71,EN,2024-12-10T05:00:00.000Z
MALARIA_ITN_COVERAGE,"Population with access to an insecticide-treated bed net (ITN) for malaria protection (%), modelled",numeric,AFR,Africa,Country,CMR,Cameroon,Year,2021,FALSE,61.09,61.09,EN,2024-12-10T05:00:00.000Z
MALARIA_ITN_COVERAGE,"Population with access to an insecticide-treated bed net (ITN) for malaria protection (%), modelled",numeric,EMR,Eastern Mediterranean,Country,SDN,Sudan,Year,2021,FALSE,63.96,63.96,EN,2024-12-10T05:00:00.000Z
MALARIA_ITN_COVERAGE,"Population with access to an insecticide-treated bed net (ITN) for malaria protection (%), modelled",numeric,AFR,Africa,Country,MOZ,Mozambique,Year,2021,FALSE,63.97,63.97,EN,2024-12-10T05:00:00.000Z
MALARIA_ITN_COVERAGE,"Population with access to an insecticide-treated bed net (ITN) for malaria protection (%), modelled",numeric,AFR,Africa,Country,TZA,United Republic of Tanzania,Year,2021,FALSE,65.11,65.11,EN,2024-12-10T05:00:00.000Z
MALARIA_ITN_COVERAGE,"Population with access to an insecticide-treated bed net (ITN) for malaria protection (%), modelled",numeric,AFR,Africa,Country,BEN,Benin,Year,2021,FALSE,66.03,66.03,EN,2024-12-10T05:00:00.000Z
MALARIA_ITN_COVERAGE,"Population with access to an insecticide-treated bed net (ITN) for malaria protection (%), modelled",numeric,AFR,Africa,Country,CIV,Cote d'Ivoire,Year,2021,FALSE,66.86,66.86,EN,2024-12-10T05:00:00.000Z
MALARIA_ITN_COVERAGE,"Population with access to an insecticide-treated bed net (ITN) for malaria protection (%), modelled",numeric,AFR,Africa,Country,RWA,Rwanda,Year,2021,FALSE,67.64,67.64,EN,2024-12-10T05:00:00.000Z
MALARIA_ITN_COVERAGE,"Population with access to an insecticide-treated bed net (ITN) for malaria protection (%), modelled",numeric,AFR,Africa,Country,SSD,South Sudan,Year,2021,FALSE,67.69,67.69,EN,2024-12-10T05:00:00.000Z
MALARIA_ITN_COVERAGE,"Population with access to an insecticide-treated bed net (ITN) for malaria protection (%), modelled",numeric,AFR,Africa,Country,COD,Democratic Republic of the Congo,Year,2021,FALSE,68.47,68.47,EN,2024-12-10T05:00:00.000Z
MALARIA_ITN_COVERAGE,"Population with access to an insecticide-treated bed net (ITN) for malaria protection (%), modelled",numeric,AFR,Africa,Country,SLE,Sierra Leone,Year,2021,FALSE,71.23,71.23,EN,2024-12-10T05:00:00.000Z
MALARIA_ITN_COVERAGE,"Population with access to an insecticide-treated bed net (ITN) for malaria protection (%), modelled",numeric,AFR,Africa,Country,COG,Congo,Year,2021,FALSE,71.53,71.53,EN,2024-12-10T05:00:00.000Z
MALARIA_ITN_COVERAGE,"Population with access to an insecticide-treated bed net (ITN) for malaria protection (%), modelled",numeric,AFR,Africa,Country,MLI,Mali,Year,2021,FALSE,72.51,72.51,EN,2024-12-10T05:00:00.000Z
MALARIA_ITN_COVERAGE,"Population with access to an insecticide-treated bed net (ITN) for malaria protection (%), modelled",numeric,AFR,Africa,Country,NER,Niger,Year,2021,FALSE,73.16,73.16,EN,2024-12-10T05:00:00.000Z
MALARIA_ITN_COVERAGE,"Population with access to an insecticide-treated bed net (ITN) for malaria protection (%), modelled",numeric,AFR,Africa,Country,UGA,Uganda,Year,2021,FALSE,74.7,74.7,EN,2024-12-10T05:00:00.000Z
MALARIA_ITN_COVERAGE,"Population with access to an insecticide-treated bed net (ITN) for malaria protection (%), modelled",numeric,AFR,Africa,Country,GHA,Ghana,Year,2021,FALSE,75.64,75.64,EN,2024-12-10T05:00:00.000Z
MALARIA_ITN_COVERAGE,"Population with access to an insecticide-treated bed net (ITN) for malaria protection (%), modelled",numeric,AFR,Africa,Country,CAF,Central African Republic,Year,2021,FALSE,77.21,77.21,EN,2024-12-10T05:00:00.000Z
MALARIA_ITN_COVERAGE,"Population with access to an insecticide-treated bed net (ITN) for malaria protection (%), modelled",numeric,AFR,Africa,Country,COM,Comoros,Year,2021,FALSE,80.59,80.59,EN,2024-12-10T05:00:00.000Z
MALARIA_ITN_COVERAGE,"Population with access to an insecticide-treated bed net (ITN) for malaria protection (%), modelled",numeric,AFR,Africa,Country,GAB,Gabon,Year,2020,FALSE,13.67,13.67,EN,2024-12-10T05:00:00.000Z
MALARIA_ITN_COVERAGE,"Population with access to an insecticide-treated bed net (ITN) for malaria protection (%), modelled",numeric,EMR,Eastern Mediterranean,Country,SOM,Somalia,Year,2020,FALSE,21.49,21.49,EN,2024-12-10T05:00:00.000Z
MALARIA_ITN_COVERAGE,"Population with access to an insecticide-treated bed net (ITN) for malaria protection (%), modelled",numeric,AFR,Africa,Country,GNB,Guinea-Bissau,Year,2020,FALSE,22,22,EN,2024-12-10T05:00:00.000Z
MALARIA_ITN_COVERAGE,"Population with access to an insecticide-treated bed net (ITN) for malaria protection (%), modelled",numeric,AFR,Africa,Country,LBR,Liberia,Year,2020,FALSE,22.36,22.36,EN,2024-12-10T05:00:00.000Z
MALARIA_ITN_COVERAGE,"Population with access to an insecticide-treated bed net (ITN) for malaria protection (%), modelled",numeric,AFR,Africa,Country,MRT,Mauritania,Year,2020,FALSE,25.41,25.41,EN,2024-12-10T05:00:00.000Z
MALARIA_ITN_COVERAGE,"Population with access to an insecticide-treated bed net (ITN) for malaria protection (%), modelled",numeric,AFR,Africa,Country,ETH,Ethiopia,Year,2020,FALSE,28.15,28.15,EN,2024-12-10T05:00:00.000Z
MALARIA_ITN_COVERAGE,"Population with access to an insecticide-treated bed net (ITN) for malaria protection (%), modelled",numeric,AFR,Africa,Country,AGO,Angola,Year,2020,FALSE,28.19,28.19,EN,2024-12-10T05:00:00.000Z
MALARIA_ITN_COVERAGE,"Population with access to an insecticide-treated bed net (ITN) for malaria protection (%), modelled",numeric,AFR,Africa,Country,KEN,Kenya,Year,2020,FALSE,35.23,35.23,EN,2024-12-10T05:00:00.000Z
MALARIA_ITN_COVERAGE,"Population with access to an insecticide-treated bed net (ITN) for malaria protection (%), modelled",numeric,AFR,Africa,Country,BFA,Burkina Faso,Year,2020,FALSE,36.14,36.14,EN,2024-12-10T05:00:00.000Z
MALARIA_ITN_COVERAGE,"Population with access to an insecticide-treated bed net (ITN) for malaria protection (%), modelled",numeric,EMR,Eastern Mediterranean,Country,DJI,Djibouti,Year,2020,FALSE,39.15,39.15,EN,2024-12-10T05:00:00.000Z
MALARIA_ITN_COVERAGE,"Population with access to an insecticide-treated bed net (ITN) for malaria protection (%), modelled",numeric,AFR,Africa,Country,GNQ,Equatorial Guinea,Year,2020,FALSE,40.2,40.2,EN,2024-12-10T05:00:00.000Z
MALARIA_ITN_COVERAGE,"Population with access to an insecticide-treated bed net (ITN) for malaria protection (%), modelled",numeric,AFR,Africa,Country,MWI,Malawi,Year,2020,FALSE,42.36,42.36,EN,2024-12-10T05:00:00.000Z
MALARIA_ITN_COVERAGE,"Population with access to an insecticide-treated bed net (ITN) for malaria protection (%), modelled",numeric,AFR,Africa,Country,ZWE,Zimbabwe,Year,2020,FALSE,45.12,45.12,EN,2024-12-10T05:00:00.000Z
MALARIA_ITN_COVERAGE,"Population with access to an insecticide-treated bed net (ITN) for malaria protection (%), modelled",numeric,AFR,Africa,Country,CIV,Cote d'Ivoire,Year,2020,FALSE,45.19,45.19,EN,2024-12-10T05:00:00.000Z
MALARIA_ITN_COVERAGE,"Population with access to an insecticide-treated bed net (ITN) for malaria protection (%), modelled",numeric,AFR,Africa,Country,MDG,Madagascar,Year,2020,FALSE,47.77,47.77,EN,2024-12-10T05:00:00.000Z
MALARIA_ITN_COVERAGE,"Population with access to an insecticide-treated bed net (ITN) for malaria protection (%), modelled",numeric,AFR,Africa,Country,NGA,Nigeria,Year,2020,FALSE,51.76,51.76,EN,2024-12-10T05:00:00.000Z
MALARIA_ITN_COVERAGE,"Population with access to an insecticide-treated bed net (ITN) for malaria protection (%), modelled",numeric,AFR,Africa,Country,ZMB,Zambia,Year,2020,FALSE,52.33,52.33,EN,2024-12-10T05:00:00.000Z
MALARIA_ITN_COVERAGE,"Population with access to an insecticide-treated bed net (ITN) for malaria protection (%), modelled",numeric,AFR,Africa,Country,GMB,Gambia,Year,2020,FALSE,53.92,53.92,EN,2024-12-10T05:00:00.000Z
MALARIA_ITN_COVERAGE,"Population with access to an insecticide-treated bed net (ITN) for malaria protection (%), modelled",numeric,AFR,Africa,Country,ERI,Eritrea,Year,2020,FALSE,56.58,56.58,EN,2024-12-10T05:00:00.000Z
MALARIA_ITN_COVERAGE,"Population with access to an insecticide-treated bed net (ITN) for malaria protection (%), modelled",numeric,AFR,Africa,Country,TCD,Chad,Year,2020,FALSE,59.34,59.34,EN,2024-12-10T05:00:00.000Z
MALARIA_ITN_COVERAGE,"Population with access to an insecticide-treated bed net (ITN) for malaria protection (%), modelled",numeric,AFR,Africa,Country,TGO,Togo,Year,2020,FALSE,60.65,60.65,EN,2024-12-10T05:00:00.000Z
MALARIA_ITN_COVERAGE,"Population with access to an insecticide-treated bed net (ITN) for malaria protection (%), modelled",numeric,AFR,Africa,Country,RWA,Rwanda,Year,2020,FALSE,61.06,61.06,EN,2024-12-10T05:00:00.000Z
MALARIA_ITN_COVERAGE,"Population with access to an insecticide-treated bed net (ITN) for malaria protection (%), modelled",numeric,AFR,Africa,Country,GHA,Ghana,Year,2020,FALSE,64.21,64.21,EN,2024-12-10T05:00:00.000Z
MALARIA_ITN_COVERAGE,"Population with access to an insecticide-treated bed net (ITN) for malaria protection (%), modelled",numeric,AFR,Africa,Country,TZA,United Republic of Tanzania,Year,2020,FALSE,64.32,64.32,EN,2024-12-10T05:00:00.000Z
MALARIA_ITN_COVERAGE,"Population with access to an insecticide-treated bed net (ITN) for malaria protection (%), modelled",numeric,AFR,Africa,Country,SSD,South Sudan,Year,2020,FALSE,64.67,64.67,EN,2024-12-10T05:00:00.000Z
MALARIA_ITN_COVERAGE,"Population with access to an insecticide-treated bed net (ITN) for malaria protection (%), modelled",numeric,AFR,Africa,Country,COD,Democratic Republic of the Congo,Year,2020,FALSE,66,66,EN,2024-12-10T05:00:00.000Z
MALARIA_ITN_COVERAGE,"Population with access to an insecticide-treated bed net (ITN) for malaria protection (%), modelled",numeric,AFR,Africa,Country,BEN,Benin,Year,2020,FALSE,68.48,68.48,EN,2024-12-10T05:00:00.000Z
MALARIA_ITN_COVERAGE,"Population with access to an insecticide-treated bed net (ITN) for malaria protection (%), modelled",numeric,AFR,Africa,Country,SLE,Sierra Leone,Year,2020,FALSE,69.55,69.55,EN,2024-12-10T05:00:00.000Z
MALARIA_ITN_COVERAGE,"Population with access to an insecticide-treated bed net (ITN) for malaria protection (%), modelled",numeric,AFR,Africa,Country,CMR,Cameroon,Year,2020,FALSE,69.94,69.94,EN,2024-12-10T05:00:00.000Z
MALARIA_ITN_COVERAGE,"Population with access to an insecticide-treated bed net (ITN) for malaria protection (%), modelled",numeric,EMR,Eastern Mediterranean,Country,SDN,Sudan,Year,2020,FALSE,70.4,70.4,EN,2024-12-10T05:00:00.000Z
MALARIA_ITN_COVERAGE,"Population with access to an insecticide-treated bed net (ITN) for malaria protection (%), modelled",numeric,AFR,Africa,Country,BDI,Burundi,Year,2020,FALSE,70.42,70.42,EN,2024-12-10T05:00:00.000Z
MALARIA_ITN_COVERAGE,"Population with access to an insecticide-treated bed net (ITN) for malaria protection (%), modelled",numeric,AFR,Africa,Country,MOZ,Mozambique,Year,2020,FALSE,70.77,70.77,EN,2024-12-10T05:00:00.000Z
MALARIA_ITN_COVERAGE,"Population with access to an insecticide-treated bed net (ITN) for malaria protection (%), modelled",numeric,AFR,Africa,Country,NER,Niger,Year,2020,FALSE,71.7,71.7,EN,2024-12-10T05:00:00.000Z
MALARIA_ITN_COVERAGE,"Population with access to an insecticide-treated bed net (ITN) for malaria protection (%), modelled",numeric,AFR,Africa,Country,COM,Comoros,Year,2020,FALSE,72.94,72.94,EN,2024-12-10T05:00:00.000Z
MALARIA_ITN_COVERAGE,"Population with access to an insecticide-treated bed net (ITN) for malaria protection (%), modelled",numeric,AFR,Africa,Country,UGA,Uganda,Year,2020,FALSE,73.29,73.29,EN,2024-12-10T05:00:00.000Z
MALARIA_ITN_COVERAGE,"Population with access to an insecticide-treated bed net (ITN) for malaria protection (%), modelled",numeric,AFR,Africa,Country,SEN,Senegal,Year,2020,FALSE,73.73,73.73,EN,2024-12-10T05:00:00.000Z
MALARIA_ITN_COVERAGE,"Population with access to an insecticide-treated bed net (ITN) for malaria protection (%), modelled",numeric,AFR,Africa,Country,CAF,Central African Republic,Year,2020,FALSE,74.88,74.88,EN,2024-12-10T05:00:00.000Z
MALARIA_ITN_COVERAGE,"Population with access to an insecticide-treated bed net (ITN) for malaria protection (%), modelled",numeric,AFR,Africa,Country,GIN,Guinea,Year,2020,FALSE,76.11,76.11,EN,2024-12-10T05:00:00.000Z
MALARIA_ITN_COVERAGE,"Population with access to an insecticide-treated bed net (ITN) for malaria protection (%), modelled",numeric,AFR,Africa,Country,MLI,Mali,Year,2020,FALSE,78.86,78.86,EN,2024-12-10T05:00:00.000Z
MALARIA_ITN_COVERAGE,"Population with access to an insecticide-treated bed net (ITN) for malaria protection (%), modelled",numeric,AFR,Africa,Country,COG,Congo,Year,2020,FALSE,79.58,79.58,EN,2024-12-10T05:00:00.000Z
MALARIA_ITN_COVERAGE,"Population with access to an insecticide-treated bed net (ITN) for malaria protection (%), modelled",numeric,AFR,Africa,Country,GAB,Gabon,Year,2019,FALSE,14.75,14.75,EN,2024-12-10T05:00:00.000Z
MALARIA_ITN_COVERAGE,"Population with access to an insecticide-treated bed net (ITN) for malaria protection (%), modelled",numeric,AFR,Africa,Country,MRT,Mauritania,Year,2019,FALSE,15.58,15.58,EN,2024-12-10T05:00:00.000Z
MALARIA_ITN_COVERAGE,"Population with access to an insecticide-treated bed net (ITN) for malaria protection (%), modelled",numeric,EMR,Eastern Mediterranean,Country,SOM,Somalia,Year,2019,FALSE,18.24,18.24,EN,2024-12-10T05:00:00.000Z
MALARIA_ITN_COVERAGE,"Population with access to an insecticide-treated bed net (ITN) for malaria protection (%), modelled",numeric,AFR,Africa,Country,TCD,Chad,Year,2019,FALSE,20.75,20.75,EN,2024-12-10T05:00:00.000Z
MALARIA_ITN_COVERAGE,"Population with access to an insecticide-treated bed net (ITN) for malaria protection (%), modelled",numeric,AFR,Africa,Country,BEN,Benin,Year,2019,FALSE,26.6,26.6,EN,2024-12-10T05:00:00.000Z
MALARIA_ITN_COVERAGE,"Population with access to an insecticide-treated bed net (ITN) for malaria protection (%), modelled",numeric,AFR,Africa,Country,GNB,Guinea-Bissau,Year,2019,FALSE,26.64,26.64,EN,2024-12-10T05:00:00.000Z
MALARIA_ITN_COVERAGE,"Population with access to an insecticide-treated bed net (ITN) for malaria protection (%), modelled",numeric,AFR,Africa,Country,ETH,Ethiopia,Year,2019,FALSE,31.09,31.09,EN,2024-12-10T05:00:00.000Z
MALARIA_ITN_COVERAGE,"Population with access to an insecticide-treated bed net (ITN) for malaria protection (%), modelled",numeric,AFR,Africa,Country,BFA,Burkina Faso,Year,2019,FALSE,37.66,37.66,EN,2024-12-10T05:00:00.000Z
MALARIA_ITN_COVERAGE,"Population with access to an insecticide-treated bed net (ITN) for malaria protection (%), modelled",numeric,AFR,Africa,Country,RWA,Rwanda,Year,2019,FALSE,38.58,38.58,EN,2024-12-10T05:00:00.000Z
MALARIA_ITN_COVERAGE,"Population with access to an insecticide-treated bed net (ITN) for malaria protection (%), modelled",numeric,EMR,Eastern Mediterranean,Country,DJI,Djibouti,Year,2019,FALSE,39.66,39.66,EN,2024-12-10T05:00:00.000Z
MALARIA_ITN_COVERAGE,"Population with access to an insecticide-treated bed net (ITN) for malaria protection (%), modelled",numeric,AFR,Africa,Country,SSD,South Sudan,Year,2019,FALSE,39.85,39.85,EN,2024-12-10T05:00:00.000Z
MALARIA_ITN_COVERAGE,"Population with access to an insecticide-treated bed net (ITN) for malaria protection (%), modelled",numeric,AFR,Africa,Country,ZMB,Zambia,Year,2019,FALSE,42.33,42.33,EN,2024-12-10T05:00:00.000Z
MALARIA_ITN_COVERAGE,"Population with access to an insecticide-treated bed net (ITN) for malaria protection (%), modelled",numeric,AFR,Africa,Country,AGO,Angola,Year,2019,FALSE,42.8,42.8,EN,2024-12-10T05:00:00.000Z
MALARIA_ITN_COVERAGE,"Population with access to an insecticide-treated bed net (ITN) for malaria protection (%), modelled",numeric,AFR,Africa,Country,ZWE,Zimbabwe,Year,2019,FALSE,45.18,45.18,EN,2024-12-10T05:00:00.000Z
MALARIA_ITN_COVERAGE,"Population with access to an insecticide-treated bed net (ITN) for malaria protection (%), modelled",numeric,AFR,Africa,Country,GNQ,Equatorial Guinea,Year,2019,FALSE,45.64,45.64,EN,2024-12-10T05:00:00.000Z
MALARIA_ITN_COVERAGE,"Population with access to an insecticide-treated bed net (ITN) for malaria protection (%), modelled",numeric,AFR,Africa,Country,COM,Comoros,Year,2019,FALSE,48.25,48.25,EN,2024-12-10T05:00:00.000Z
MALARIA_ITN_COVERAGE,"Population with access to an insecticide-treated bed net (ITN) for malaria protection (%), modelled",numeric,AFR,Africa,Country,SLE,Sierra Leone,Year,2019,FALSE,49.3,49.3,EN,2024-12-10T05:00:00.000Z
MALARIA_ITN_COVERAGE,"Population with access to an insecticide-treated bed net (ITN) for malaria protection (%), modelled",numeric,AFR,Africa,Country,MOZ,Mozambique,Year,2019,FALSE,51.02,51.02,EN,2024-12-10T05:00:00.000Z
MALARIA_ITN_COVERAGE,"Population with access to an insecticide-treated bed net (ITN) for malaria protection (%), modelled",numeric,AFR,Africa,Country,NGA,Nigeria,Year,2019,FALSE,53.64,53.64,EN,2024-12-10T05:00:00.000Z
MALARIA_ITN_COVERAGE,"Population with access to an insecticide-treated bed net (ITN) for malaria protection (%), modelled",numeric,AFR,Africa,Country,KEN,Kenya,Year,2019,FALSE,53.66,53.66,EN,2024-12-10T05:00:00.000Z
MALARIA_ITN_COVERAGE,"Population with access to an insecticide-treated bed net (ITN) for malaria protection (%), modelled",numeric,AFR,Africa,Country,TZA,United Republic of Tanzania,Year,2019,FALSE,55.13,55.13,EN,2024-12-10T05:00:00.000Z
MALARIA_ITN_COVERAGE,"Population with access to an insecticide-treated bed net (ITN) for malaria protection (%), modelled",numeric,AFR,Africa,Country,ERI,Eritrea,Year,2019,FALSE,57.4,57.4,EN,2024-12-10T05:00:00.000Z
MALARIA_ITN_COVERAGE,"Population with access to an insecticide-treated bed net (ITN) for malaria protection (%), modelled",numeric,AFR,Africa,Country,UGA,Uganda,Year,2019,FALSE,60.29,60.29,EN,2024-12-10T05:00:00.000Z
MALARIA_ITN_COVERAGE,"Population with access to an insecticide-treated bed net (ITN) for malaria protection (%), modelled",numeric,AFR,Africa,Country,CAF,Central African Republic,Year,2019,FALSE,60.73,60.73,EN,2024-12-10T05:00:00.000Z
MALARIA_ITN_COVERAGE,"Population with access to an insecticide-treated bed net (ITN) for malaria protection (%), modelled",numeric,AFR,Africa,Country,LBR,Liberia,Year,2019,FALSE,60.99,60.99,EN,2024-12-10T05:00:00.000Z
MALARIA_ITN_COVERAGE,"Population with access to an insecticide-treated bed net (ITN) for malaria protection (%), modelled",numeric,AFR,Africa,Country,GMB,Gambia,Year,2019,FALSE,61.53,61.53,EN,2024-12-10T05:00:00.000Z
MALARIA_ITN_COVERAGE,"Population with access to an insecticide-treated bed net (ITN) for malaria protection (%), modelled",numeric,AFR,Africa,Country,COD,Democratic Republic of the Congo,Year,2019,FALSE,61.58,61.58,EN,2024-12-10T05:00:00.000Z
MALARIA_ITN_COVERAGE,"Population with access to an insecticide-treated bed net (ITN) for malaria protection (%), modelled",numeric,AFR,Africa,Country,CIV,Cote d'Ivoire,Year,2019,FALSE,62.4,62.4,EN,2024-12-10T05:00:00.000Z
MALARIA_ITN_COVERAGE,"Population with access to an insecticide-treated bed net (ITN) for malaria protection (%), modelled",numeric,AFR,Africa,Country,NER,Niger,Year,2019,FALSE,66.02,66.02,EN,2024-12-10T05:00:00.000Z
MALARIA_ITN_COVERAGE,"Population with access to an insecticide-treated bed net (ITN) for malaria protection (%), modelled",numeric,EMR,Eastern Mediterranean,Country,SDN,Sudan,Year,2019,FALSE,67.35,67.35,EN,2024-12-10T05:00:00.000Z
MALARIA_ITN_COVERAGE,"Population with access to an insecticide-treated bed net (ITN) for malaria protection (%), modelled",numeric,AFR,Africa,Country,COG,Congo,Year,2019,FALSE,68.45,68.45,EN,2024-12-10T05:00:00.000Z
MALARIA_ITN_COVERAGE,"Population with access to an insecticide-treated bed net (ITN) for malaria protection (%), modelled",numeric,AFR,Africa,Country,MDG,Madagascar,Year,2019,FALSE,68.76,68.76,EN,2024-12-10T05:00:00.000Z
MALARIA_ITN_COVERAGE,"Population with access to an insecticide-treated bed net (ITN) for malaria protection (%), modelled",numeric,AFR,Africa,Country,TGO,Togo,Year,2019,FALSE,69.52,69.52,EN,2024-12-10T05:00:00.000Z
MALARIA_ITN_COVERAGE,"Population with access to an insecticide-treated bed net (ITN) for malaria protection (%), modelled",numeric,AFR,Africa,Country,SEN,Senegal,Year,2019,FALSE,69.81,69.81,EN,2024-12-10T05:00:00.000Z
MALARIA_ITN_COVERAGE,"Population with access to an insecticide-treated bed net (ITN) for malaria protection (%), modelled",numeric,AFR,Africa,Country,CMR,Cameroon,Year,2019,FALSE,69.94,69.94,EN,2024-12-10T05:00:00.000Z
MALARIA_ITN_COVERAGE,"Population with access to an insecticide-treated bed net (ITN) for malaria protection (%), modelled",numeric,AFR,Africa,Country,MLI,Mali,Year,2019,FALSE,71.31,71.31,EN,2024-12-10T05:00:00.000Z
MALARIA_ITN_COVERAGE,"Population with access to an insecticide-treated bed net (ITN) for malaria protection (%), modelled",numeric,AFR,Africa,Country,MWI,Malawi,Year,2019,FALSE,72.2,72.2,EN,2024-12-10T05:00:00.000Z
MALARIA_ITN_COVERAGE,"Population with access to an insecticide-treated bed net (ITN) for malaria protection (%), modelled",numeric,AFR,Africa,Country,GIN,Guinea,Year,2019,FALSE,73.35,73.35,EN,2024-12-10T05:00:00.000Z
MALARIA_ITN_COVERAGE,"Population with access to an insecticide-treated bed net (ITN) for malaria protection (%), modelled",numeric,AFR,Africa,Country,BDI,Burundi,Year,2019,FALSE,77.04,77.04,EN,2024-12-10T05:00:00.000Z
MALARIA_ITN_COVERAGE,"Population with access to an insecticide-treated bed net (ITN) for malaria protection (%), modelled",numeric,AFR,Africa,Country,GHA,Ghana,Year,2019,FALSE,77.14,77.14,EN,2024-12-10T05:00:00.000Z
MALARIA_ITN_COVERAGE,"Population with access to an insecticide-treated bed net (ITN) for malaria protection (%), modelled",numeric,AFR,Africa,Country,GAB,Gabon,Year,2018,FALSE,17.06,17.06,EN,2024-12-10T05:00:00.000Z
MALARIA_ITN_COVERAGE,"Population with access to an insecticide-treated bed net (ITN) for malaria protection (%), modelled",numeric,AFR,Africa,Country,ETH,Ethiopia,Year,2018,FALSE,20.63,20.63,EN,2024-12-10T05:00:00.000Z
MALARIA_ITN_COVERAGE,"Population with access to an insecticide-treated bed net (ITN) for malaria protection (%), modelled",numeric,EMR,Eastern Mediterranean,Country,SOM,Somalia,Year,2018,FALSE,21.63,21.63,EN,2024-12-10T05:00:00.000Z
MALARIA_ITN_COVERAGE,"Population with access to an insecticide-treated bed net (ITN) for malaria protection (%), modelled",numeric,AFR,Africa,Country,GIN,Guinea,Year,2018,FALSE,30.3,30.3,EN,2024-12-10T05:00:00.000Z
MALARIA_ITN_COVERAGE,"Population with access to an insecticide-treated bed net (ITN) for malaria protection (%), modelled",numeric,AFR,Africa,Country,COG,Congo,Year,2018,FALSE,30.83,30.83,EN,2024-12-10T05:00:00.000Z
MALARIA_ITN_COVERAGE,"Population with access to an insecticide-treated bed net (ITN) for malaria protection (%), modelled",numeric,EMR,Eastern Mediterranean,Country,DJI,Djibouti,Year,2018,FALSE,30.98,30.98,EN,2024-12-10T05:00:00.000Z
MALARIA_ITN_COVERAGE,"Population with access to an insecticide-treated bed net (ITN) for malaria protection (%), modelled",numeric,AFR,Africa,Country,AGO,Angola,Year,2018,FALSE,34.21,34.21,EN,2024-12-10T05:00:00.000Z
MALARIA_ITN_COVERAGE,"Population with access to an insecticide-treated bed net (ITN) for malaria protection (%), modelled",numeric,AFR,Africa,Country,MRT,Mauritania,Year,2018,FALSE,37.32,37.32,EN,2024-12-10T05:00:00.000Z
MALARIA_ITN_COVERAGE,"Population with access to an insecticide-treated bed net (ITN) for malaria protection (%), modelled",numeric,AFR,Africa,Country,ZWE,Zimbabwe,Year,2018,FALSE,41.58,41.58,EN,2024-12-10T05:00:00.000Z
MALARIA_ITN_COVERAGE,"Population with access to an insecticide-treated bed net (ITN) for malaria protection (%), modelled",numeric,AFR,Africa,Country,GNB,Guinea-Bissau,Year,2018,FALSE,41.6,41.6,EN,2024-12-10T05:00:00.000Z
MALARIA_ITN_COVERAGE,"Population with access to an insecticide-treated bed net (ITN) for malaria protection (%), modelled",numeric,AFR,Africa,Country,SSD,South Sudan,Year,2018,FALSE,46.29,46.29,EN,2024-12-10T05:00:00.000Z
MALARIA_ITN_COVERAGE,"Population with access to an insecticide-treated bed net (ITN) for malaria protection (%), modelled",numeric,AFR,Africa,Country,GNQ,Equatorial Guinea,Year,2018,FALSE,46.56,46.56,EN,2024-12-10T05:00:00.000Z
MALARIA_ITN_COVERAGE,"Population with access to an insecticide-treated bed net (ITN) for malaria protection (%), modelled",numeric,AFR,Africa,Country,LBR,Liberia,Year,2018,FALSE,48.91,48.91,EN,2024-12-10T05:00:00.000Z
MALARIA_ITN_COVERAGE,"Population with access to an insecticide-treated bed net (ITN) for malaria protection (%), modelled",numeric,AFR,Africa,Country,TCD,Chad,Year,2018,FALSE,48.95,48.95,EN,2024-12-10T05:00:00.000Z
MALARIA_ITN_COVERAGE,"Population with access to an insecticide-treated bed net (ITN) for malaria protection (%), modelled",numeric,AFR,Africa,Country,NGA,Nigeria,Year,2018,FALSE,49.07,49.07,EN,2024-12-10T05:00:00.000Z
MALARIA_ITN_COVERAGE,"Population with access to an insecticide-treated bed net (ITN) for malaria protection (%), modelled",numeric,AFR,Africa,Country,BFA,Burkina Faso,Year,2018,FALSE,49.22,49.22,EN,2024-12-10T05:00:00.000Z
MALARIA_ITN_COVERAGE,"Population with access to an insecticide-treated bed net (ITN) for malaria protection (%), modelled",numeric,AFR,Africa,Country,COD,Democratic Republic of the Congo,Year,2018,FALSE,57.34,57.34,EN,2024-12-10T05:00:00.000Z
MALARIA_ITN_COVERAGE,"Population with access to an insecticide-treated bed net (ITN) for malaria protection (%), modelled",numeric,AFR,Africa,Country,SEN,Senegal,Year,2018,FALSE,58.55,58.55,EN,2024-12-10T05:00:00.000Z
MALARIA_ITN_COVERAGE,"Population with access to an insecticide-treated bed net (ITN) for malaria protection (%), modelled",numeric,AFR,Africa,Country,BEN,Benin,Year,2018,FALSE,59.05,59.05,EN,2024-12-10T05:00:00.000Z
MALARIA_ITN_COVERAGE,"Population with access to an insecticide-treated bed net (ITN) for malaria protection (%), modelled",numeric,AFR,Africa,Country,RWA,Rwanda,Year,2018,FALSE,59.53,59.53,EN,2024-12-10T05:00:00.000Z
MALARIA_ITN_COVERAGE,"Population with access to an insecticide-treated bed net (ITN) for malaria protection (%), modelled",numeric,AFR,Africa,Country,TZA,United Republic of Tanzania,Year,2018,FALSE,59.87,59.87,EN,2024-12-10T05:00:00.000Z
MALARIA_ITN_COVERAGE,"Population with access to an insecticide-treated bed net (ITN) for malaria protection (%), modelled",numeric,AFR,Africa,Country,GMB,Gambia,Year,2018,FALSE,60.97,60.97,EN,2024-12-10T05:00:00.000Z
MALARIA_ITN_COVERAGE,"Population with access to an insecticide-treated bed net (ITN) for malaria protection (%), modelled",numeric,EMR,Eastern Mediterranean,Country,SDN,Sudan,Year,2018,FALSE,62.67,62.67,EN,2024-12-10T05:00:00.000Z
MALARIA_ITN_COVERAGE,"Population with access to an insecticide-treated bed net (ITN) for malaria protection (%), modelled",numeric,AFR,Africa,Country,CMR,Cameroon,Year,2018,FALSE,62.84,62.84,EN,2024-12-10T05:00:00.000Z
MALARIA_ITN_COVERAGE,"Population with access to an insecticide-treated bed net (ITN) for malaria protection (%), modelled",numeric,AFR,Africa,Country,MDG,Madagascar,Year,2018,FALSE,64.01,64.01,EN,2024-12-10T05:00:00.000Z
MALARIA_ITN_COVERAGE,"Population with access to an insecticide-treated bed net (ITN) for malaria protection (%), modelled",numeric,AFR,Africa,Country,ERI,Eritrea,Year,2018,FALSE,64.08,64.08,EN,2024-12-10T05:00:00.000Z
MALARIA_ITN_COVERAGE,"Population with access to an insecticide-treated bed net (ITN) for malaria protection (%), modelled",numeric,AFR,Africa,Country,ZMB,Zambia,Year,2018,FALSE,64.94,64.94,EN,2024-12-10T05:00:00.000Z
MALARIA_ITN_COVERAGE,"Population with access to an insecticide-treated bed net (ITN) for malaria protection (%), modelled",numeric,AFR,Africa,Country,MOZ,Mozambique,Year,2018,FALSE,65.26,65.26,EN,2024-12-10T05:00:00.000Z
MALARIA_ITN_COVERAGE,"Population with access to an insecticide-treated bed net (ITN) for malaria protection (%), modelled",numeric,AFR,Africa,Country,CAF,Central African Republic,Year,2018,FALSE,65.8,65.8,EN,2024-12-10T05:00:00.000Z
MALARIA_ITN_COVERAGE,"Population with access to an insecticide-treated bed net (ITN) for malaria protection (%), modelled",numeric,AFR,Africa,Country,MLI,Mali,Year,2018,FALSE,66.84,66.84,EN,2024-12-10T05:00:00.000Z
MALARIA_ITN_COVERAGE,"Population with access to an insecticide-treated bed net (ITN) for malaria protection (%), modelled",numeric,AFR,Africa,Country,COM,Comoros,Year,2018,FALSE,67.84,67.84,EN,2024-12-10T05:00:00.000Z
MALARIA_ITN_COVERAGE,"Population with access to an insecticide-treated bed net (ITN) for malaria protection (%), modelled",numeric,AFR,Africa,Country,KEN,Kenya,Year,2018,FALSE,68.01,68.01,EN,2024-12-10T05:00:00.000Z
MALARIA_ITN_COVERAGE,"Population with access to an insecticide-treated bed net (ITN) for malaria protection (%), modelled",numeric,AFR,Africa,Country,SLE,Sierra Leone,Year,2018,FALSE,70.04,70.04,EN,2024-12-10T05:00:00.000Z
MALARIA_ITN_COVERAGE,"Population with access to an insecticide-treated bed net (ITN) for malaria protection (%), modelled",numeric,AFR,Africa,Country,NER,Niger,Year,2018,FALSE,70.75,70.75,EN,2024-12-10T05:00:00.000Z
MALARIA_ITN_COVERAGE,"Population with access to an insecticide-treated bed net (ITN) for malaria protection (%), modelled",numeric,AFR,Africa,Country,BDI,Burundi,Year,2018,FALSE,72.03,72.03,EN,2024-12-10T05:00:00.000Z
MALARIA_ITN_COVERAGE,"Population with access to an insecticide-treated bed net (ITN) for malaria protection (%), modelled",numeric,AFR,Africa,Country,MWI,Malawi,Year,2018,FALSE,73.96,73.96,EN,2024-12-10T05:00:00.000Z
MALARIA_ITN_COVERAGE,"Population with access to an insecticide-treated bed net (ITN) for malaria protection (%), modelled",numeric,AFR,Africa,Country,CIV,Cote d'Ivoire,Year,2018,FALSE,77.83,77.83,EN,2024-12-10T05:00:00.000Z
MALARIA_ITN_COVERAGE,"Population with access to an insecticide-treated bed net (ITN) for malaria protection (%), modelled",numeric,AFR,Africa,Country,GHA,Ghana,Year,2018,FALSE,78.06,78.06,EN,2024-12-10T05:00:00.000Z
MALARIA_ITN_COVERAGE,"Population with access to an insecticide-treated bed net (ITN) for malaria protection (%), modelled",numeric,AFR,Africa,Country,TGO,Togo,Year,2018,FALSE,81.06,81.06,EN,2024-12-10T05:00:00.000Z
MALARIA_ITN_COVERAGE,"Population with access to an insecticide-treated bed net (ITN) for malaria protection (%), modelled",numeric,AFR,Africa,Country,UGA,Uganda,Year,2018,FALSE,81.38,81.38,EN,2024-12-10T05:00:00.000Z
MALARIA_ITN_COVERAGE,"Population with access to an insecticide-treated bed net (ITN) for malaria protection (%), modelled",numeric,AFR,Africa,Country,ETH,Ethiopia,Year,2017,FALSE,19.5,19.5,EN,2024-12-10T05:00:00.000Z
MALARIA_ITN_COVERAGE,"Population with access to an insecticide-treated bed net (ITN) for malaria protection (%), modelled",numeric,EMR,Eastern Mediterranean,Country,DJI,Djibouti,Year,2017,FALSE,20.36,20.36,EN,2024-12-10T05:00:00.000Z
MALARIA_ITN_COVERAGE,"Population with access to an insecticide-treated bed net (ITN) for malaria protection (%), modelled",numeric,AFR,Africa,Country,GAB,Gabon,Year,2017,FALSE,20.95,20.95,EN,2024-12-10T05:00:00.000Z
MALARIA_ITN_COVERAGE,"Population with access to an insecticide-treated bed net (ITN) for malaria protection (%), modelled",numeric,EMR,Eastern Mediterranean,Country,SOM,Somalia,Year,2017,FALSE,21.96,21.96,EN,2024-12-10T05:00:00.000Z
MALARIA_ITN_COVERAGE,"Population with access to an insecticide-treated bed net (ITN) for malaria protection (%), modelled",numeric,AFR,Africa,Country,LBR,Liberia,Year,2017,FALSE,24.7,24.7,EN,2024-12-10T05:00:00.000Z
MALARIA_ITN_COVERAGE,"Population with access to an insecticide-treated bed net (ITN) for malaria protection (%), modelled",numeric,AFR,Africa,Country,MRT,Mauritania,Year,2017,FALSE,30.12,30.12,EN,2024-12-10T05:00:00.000Z
MALARIA_ITN_COVERAGE,"Population with access to an insecticide-treated bed net (ITN) for malaria protection (%), modelled",numeric,AFR,Africa,Country,AGO,Angola,Year,2017,FALSE,31.42,31.42,EN,2024-12-10T05:00:00.000Z
MALARIA_ITN_COVERAGE,"Population with access to an insecticide-treated bed net (ITN) for malaria protection (%), modelled",numeric,AFR,Africa,Country,COG,Congo,Year,2017,FALSE,32.37,32.37,EN,2024-12-10T05:00:00.000Z
MALARIA_ITN_COVERAGE,"Population with access to an insecticide-treated bed net (ITN) for malaria protection (%), modelled",numeric,AFR,Africa,Country,MDG,Madagascar,Year,2017,FALSE,39.32,39.32,EN,2024-12-10T05:00:00.000Z
MALARIA_ITN_COVERAGE,"Population with access to an insecticide-treated bed net (ITN) for malaria protection (%), modelled",numeric,AFR,Africa,Country,GNQ,Equatorial Guinea,Year,2017,FALSE,42.18,42.18,EN,2024-12-10T05:00:00.000Z
MALARIA_ITN_COVERAGE,"Population with access to an insecticide-treated bed net (ITN) for malaria protection (%), modelled",numeric,AFR,Africa,Country,GNB,Guinea-Bissau,Year,2017,FALSE,43.85,43.85,EN,2024-12-10T05:00:00.000Z
MALARIA_ITN_COVERAGE,"Population with access to an insecticide-treated bed net (ITN) for malaria protection (%), modelled",numeric,AFR,Africa,Country,ZWE,Zimbabwe,Year,2017,FALSE,46,46,EN,2024-12-10T05:00:00.000Z
MALARIA_ITN_COVERAGE,"Population with access to an insecticide-treated bed net (ITN) for malaria protection (%), modelled",numeric,AFR,Africa,Country,NGA,Nigeria,Year,2017,FALSE,48.38,48.38,EN,2024-12-10T05:00:00.000Z
MALARIA_ITN_COVERAGE,"Population with access to an insecticide-treated bed net (ITN) for malaria protection (%), modelled",numeric,AFR,Africa,Country,GIN,Guinea,Year,2017,FALSE,50.47,50.47,EN,2024-12-10T05:00:00.000Z
MALARIA_ITN_COVERAGE,"Population with access to an insecticide-treated bed net (ITN) for malaria protection (%), modelled",numeric,AFR,Africa,Country,TCD,Chad,Year,2017,FALSE,51.4,51.4,EN,2024-12-10T05:00:00.000Z
MALARIA_ITN_COVERAGE,"Population with access to an insecticide-treated bed net (ITN) for malaria protection (%), modelled",numeric,AFR,Africa,Country,BEN,Benin,Year,2017,FALSE,54.97,54.97,EN,2024-12-10T05:00:00.000Z
MALARIA_ITN_COVERAGE,"Population with access to an insecticide-treated bed net (ITN) for malaria protection (%), modelled",numeric,AFR,Africa,Country,GMB,Gambia,Year,2017,FALSE,55.02,55.02,EN,2024-12-10T05:00:00.000Z
MALARIA_ITN_COVERAGE,"Population with access to an insecticide-treated bed net (ITN) for malaria protection (%), modelled",numeric,AFR,Africa,Country,ERI,Eritrea,Year,2017,FALSE,56.33,56.33,EN,2024-12-10T05:00:00.000Z
MALARIA_ITN_COVERAGE,"Population with access to an insecticide-treated bed net (ITN) for malaria protection (%), modelled",numeric,AFR,Africa,Country,BDI,Burundi,Year,2017,FALSE,59.4,59.4,EN,2024-12-10T05:00:00.000Z
MALARIA_ITN_COVERAGE,"Population with access to an insecticide-treated bed net (ITN) for malaria protection (%), modelled",numeric,AFR,Africa,Country,SSD,South Sudan,Year,2017,FALSE,60.53,60.53,EN,2024-12-10T05:00:00.000Z
MALARIA_ITN_COVERAGE,"Population with access to an insecticide-treated bed net (ITN) for malaria protection (%), modelled",numeric,AFR,Africa,Country,MLI,Mali,Year,2017,FALSE,60.65,60.65,EN,2024-12-10T05:00:00.000Z
MALARIA_ITN_COVERAGE,"Population with access to an insecticide-treated bed net (ITN) for malaria protection (%), modelled",numeric,AFR,Africa,Country,CAF,Central African Republic,Year,2017,FALSE,61.74,61.74,EN,2024-12-10T05:00:00.000Z
MALARIA_ITN_COVERAGE,"Population with access to an insecticide-treated bed net (ITN) for malaria protection (%), modelled",numeric,AFR,Africa,Country,MWI,Malawi,Year,2017,FALSE,62.32,62.32,EN,2024-12-10T05:00:00.000Z
MALARIA_ITN_COVERAGE,"Population with access to an insecticide-treated bed net (ITN) for malaria protection (%), modelled",numeric,EMR,Eastern Mediterranean,Country,SDN,Sudan,Year,2017,FALSE,63.75,63.75,EN,2024-12-10T05:00:00.000Z
MALARIA_ITN_COVERAGE,"Population with access to an insecticide-treated bed net (ITN) for malaria protection (%), modelled",numeric,AFR,Africa,Country,GHA,Ghana,Year,2017,FALSE,64.09,64.09,EN,2024-12-10T05:00:00.000Z
MALARIA_ITN_COVERAGE,"Population with access to an insecticide-treated bed net (ITN) for malaria protection (%), modelled",numeric,AFR,Africa,Country,SLE,Sierra Leone,Year,2017,FALSE,65.61,65.61,EN,2024-12-10T05:00:00.000Z
MALARIA_ITN_COVERAGE,"Population with access to an insecticide-treated bed net (ITN) for malaria protection (%), modelled",numeric,AFR,Africa,Country,COD,Democratic Republic of the Congo,Year,2017,FALSE,66,66,EN,2024-12-10T05:00:00.000Z
MALARIA_ITN_COVERAGE,"Population with access to an insecticide-treated bed net (ITN) for malaria protection (%), modelled",numeric,AFR,Africa,Country,TZA,United Republic of Tanzania,Year,2017,FALSE,66.48,66.48,EN,2024-12-10T05:00:00.000Z
MALARIA_ITN_COVERAGE,"Population with access to an insecticide-treated bed net (ITN) for malaria protection (%), modelled",numeric,AFR,Africa,Country,NER,Niger,Year,2017,FALSE,66.99,66.99,EN,2024-12-10T05:00:00.000Z
MALARIA_ITN_COVERAGE,"Population with access to an insecticide-treated bed net (ITN) for malaria protection (%), modelled",numeric,AFR,Africa,Country,KEN,Kenya,Year,2017,FALSE,68.56,68.56,EN,2024-12-10T05:00:00.000Z
MALARIA_ITN_COVERAGE,"Population with access to an insecticide-treated bed net (ITN) for malaria protection (%), modelled",numeric,AFR,Africa,Country,RWA,Rwanda,Year,2017,FALSE,68.78,68.78,EN,2024-12-10T05:00:00.000Z
MALARIA_ITN_COVERAGE,"Population with access to an insecticide-treated bed net (ITN) for malaria protection (%), modelled",numeric,AFR,Africa,Country,BFA,Burkina Faso,Year,2017,FALSE,69.2,69.2,EN,2024-12-10T05:00:00.000Z
MALARIA_ITN_COVERAGE,"Population with access to an insecticide-treated bed net (ITN) for malaria protection (%), modelled",numeric,AFR,Africa,Country,MOZ,Mozambique,Year,2017,FALSE,70.14,70.14,EN,2024-12-10T05:00:00.000Z
MALARIA_ITN_COVERAGE,"Population with access to an insecticide-treated bed net (ITN) for malaria protection (%), modelled",numeric,AFR,Africa,Country,CIV,Cote d'Ivoire,Year,2017,FALSE,70.24,70.24,EN,2024-12-10T05:00:00.000Z
MALARIA_ITN_COVERAGE,"Population with access to an insecticide-treated bed net (ITN) for malaria protection (%), modelled",numeric,AFR,Africa,Country,CMR,Cameroon,Year,2017,FALSE,71.37,71.37,EN,2024-12-10T05:00:00.000Z
MALARIA_ITN_COVERAGE,"Population with access to an insecticide-treated bed net (ITN) for malaria protection (%), modelled",numeric,AFR,Africa,Country,ZMB,Zambia,Year,2017,FALSE,71.82,71.82,EN,2024-12-10T05:00:00.000Z
MALARIA_ITN_COVERAGE,"Population with access to an insecticide-treated bed net (ITN) for malaria protection (%), modelled",numeric,AFR,Africa,Country,SEN,Senegal,Year,2017,FALSE,75.82,75.82,EN,2024-12-10T05:00:00.000Z
MALARIA_ITN_COVERAGE,"Population with access to an insecticide-treated bed net (ITN) for malaria protection (%), modelled",numeric,AFR,Africa,Country,TGO,Togo,Year,2017,FALSE,78.42,78.42,EN,2024-12-10T05:00:00.000Z
MALARIA_ITN_COVERAGE,"Population with access to an insecticide-treated bed net (ITN) for malaria protection (%), modelled",numeric,AFR,Africa,Country,COM,Comoros,Year,2017,FALSE,82.81,82.81,EN,2024-12-10T05:00:00.000Z
MALARIA_ITN_COVERAGE,"Population with access to an insecticide-treated bed net (ITN) for malaria protection (%), modelled",numeric,AFR,Africa,Country,UGA,Uganda,Year,2017,FALSE,84.09,84.09,EN,2024-12-10T05:00:00.000Z
MALARIA_ITN_COVERAGE,"Population with access to an insecticide-treated bed net (ITN) for malaria protection (%), modelled",numeric,AFR,Africa,Country,TCD,Chad,Year,2016,FALSE,10.92,10.92,EN,2024-12-10T05:00:00.000Z
MALARIA_ITN_COVERAGE,"Population with access to an insecticide-treated bed net (ITN) for malaria protection (%), modelled",numeric,EMR,Eastern Mediterranean,Country,SOM,Somalia,Year,2016,FALSE,15.21,15.21,EN,2024-12-10T05:00:00.000Z
MALARIA_ITN_COVERAGE,"Population with access to an insecticide-treated bed net (ITN) for malaria protection (%), modelled",numeric,AFR,Africa,Country,GAB,Gabon,Year,2016,FALSE,21.79,21.79,EN,2024-12-10T05:00:00.000Z
MALARIA_ITN_COVERAGE,"Population with access to an insecticide-treated bed net (ITN) for malaria protection (%), modelled",numeric,AFR,Africa,Country,AGO,Angola,Year,2016,FALSE,22.98,22.98,EN,2024-12-10T05:00:00.000Z
MALARIA_ITN_COVERAGE,"Population with access to an insecticide-treated bed net (ITN) for malaria protection (%), modelled",numeric,AFR,Africa,Country,BEN,Benin,Year,2016,FALSE,27.16,27.16,EN,2024-12-10T05:00:00.000Z
MALARIA_ITN_COVERAGE,"Population with access to an insecticide-treated bed net (ITN) for malaria protection (%), modelled",numeric,AFR,Africa,Country,GMB,Gambia,Year,2016,FALSE,28.84,28.84,EN,2024-12-10T05:00:00.000Z
MALARIA_ITN_COVERAGE,"Population with access to an insecticide-treated bed net (ITN) for malaria protection (%), modelled",numeric,AFR,Africa,Country,GNB,Guinea-Bissau,Year,2016,FALSE,31.05,31.05,EN,2024-12-10T05:00:00.000Z
MALARIA_ITN_COVERAGE,"Population with access to an insecticide-treated bed net (ITN) for malaria protection (%), modelled",numeric,AFR,Africa,Country,ERI,Eritrea,Year,2016,FALSE,31.62,31.62,EN,2024-12-10T05:00:00.000Z
MALARIA_ITN_COVERAGE,"Population with access to an insecticide-treated bed net (ITN) for malaria protection (%), modelled",numeric,AFR,Africa,Country,ETH,Ethiopia,Year,2016,FALSE,33.82,33.82,EN,2024-12-10T05:00:00.000Z
MALARIA_ITN_COVERAGE,"Population with access to an insecticide-treated bed net (ITN) for malaria protection (%), modelled",numeric,AFR,Africa,Country,ZMB,Zambia,Year,2016,FALSE,36.87,36.87,EN,2024-12-10T05:00:00.000Z
MALARIA_ITN_COVERAGE,"Population with access to an insecticide-treated bed net (ITN) for malaria protection (%), modelled",numeric,AFR,Africa,Country,BDI,Burundi,Year,2016,FALSE,38.64,38.64,EN,2024-12-10T05:00:00.000Z
MALARIA_ITN_COVERAGE,"Population with access to an insecticide-treated bed net (ITN) for malaria protection (%), modelled",numeric,AFR,Africa,Country,GNQ,Equatorial Guinea,Year,2016,FALSE,40.91,40.91,EN,2024-12-10T05:00:00.000Z
MALARIA_ITN_COVERAGE,"Population with access to an insecticide-treated bed net (ITN) for malaria protection (%), modelled",numeric,AFR,Africa,Country,SLE,Sierra Leone,Year,2016,FALSE,41.36,41.36,EN,2024-12-10T05:00:00.000Z
MALARIA_ITN_COVERAGE,"Population with access to an insecticide-treated bed net (ITN) for malaria protection (%), modelled",numeric,AFR,Africa,Country,COG,Congo,Year,2016,FALSE,42.86,42.86,EN,2024-12-10T05:00:00.000Z
MALARIA_ITN_COVERAGE,"Population with access to an insecticide-treated bed net (ITN) for malaria protection (%), modelled",numeric,AFR,Africa,Country,ZWE,Zimbabwe,Year,2016,FALSE,48.23,48.23,EN,2024-12-10T05:00:00.000Z
MALARIA_ITN_COVERAGE,"Population with access to an insecticide-treated bed net (ITN) for malaria protection (%), modelled",numeric,AFR,Africa,Country,GIN,Guinea,Year,2016,FALSE,50.77,50.77,EN,2024-12-10T05:00:00.000Z
MALARIA_ITN_COVERAGE,"Population with access to an insecticide-treated bed net (ITN) for malaria protection (%), modelled",numeric,AFR,Africa,Country,SSD,South Sudan,Year,2016,FALSE,51.21,51.21,EN,2024-12-10T05:00:00.000Z
MALARIA_ITN_COVERAGE,"Population with access to an insecticide-treated bed net (ITN) for malaria protection (%), modelled",numeric,AFR,Africa,Country,MOZ,Mozambique,Year,2016,FALSE,52.25,52.25,EN,2024-12-10T05:00:00.000Z
MALARIA_ITN_COVERAGE,"Population with access to an insecticide-treated bed net (ITN) for malaria protection (%), modelled",numeric,AFR,Africa,Country,NGA,Nigeria,Year,2016,FALSE,52.89,52.89,EN,2024-12-10T05:00:00.000Z
MALARIA_ITN_COVERAGE,"Population with access to an insecticide-treated bed net (ITN) for malaria protection (%), modelled",numeric,AFR,Africa,Country,MLI,Mali,Year,2016,FALSE,59.86,59.86,EN,2024-12-10T05:00:00.000Z
MALARIA_ITN_COVERAGE,"Population with access to an insecticide-treated bed net (ITN) for malaria protection (%), modelled",numeric,EMR,Eastern Mediterranean,Country,SDN,Sudan,Year,2016,FALSE,59.96,59.96,EN,2024-12-10T05:00:00.000Z
MALARIA_ITN_COVERAGE,"Population with access to an insecticide-treated bed net (ITN) for malaria protection (%), modelled",numeric,EMR,Eastern Mediterranean,Country,DJI,Djibouti,Year,2016,FALSE,6.27,6.27,EN,2024-12-10T05:00:00.000Z
MALARIA_ITN_COVERAGE,"Population with access to an insecticide-treated bed net (ITN) for malaria protection (%), modelled",numeric,AFR,Africa,Country,CIV,Cote d'Ivoire,Year,2016,FALSE,61.19,61.19,EN,2024-12-10T05:00:00.000Z
MALARIA_ITN_COVERAGE,"Population with access to an insecticide-treated bed net (ITN) for malaria protection (%), modelled",numeric,AFR,Africa,Country,LBR,Liberia,Year,2016,FALSE,61.57,61.57,EN,2024-12-10T05:00:00.000Z
MALARIA_ITN_COVERAGE,"Population with access to an insecticide-treated bed net (ITN) for malaria protection (%), modelled",numeric,AFR,Africa,Country,KEN,Kenya,Year,2016,FALSE,61.75,61.75,EN,2024-12-10T05:00:00.000Z
MALARIA_ITN_COVERAGE,"Population with access to an insecticide-treated bed net (ITN) for malaria protection (%), modelled",numeric,AFR,Africa,Country,CAF,Central African Republic,Year,2016,FALSE,62.69,62.69,EN,2024-12-10T05:00:00.000Z
MALARIA_ITN_COVERAGE,"Population with access to an insecticide-treated bed net (ITN) for malaria protection (%), modelled",numeric,AFR,Africa,Country,RWA,Rwanda,Year,2016,FALSE,62.7,62.7,EN,2024-12-10T05:00:00.000Z
MALARIA_ITN_COVERAGE,"Population with access to an insecticide-treated bed net (ITN) for malaria protection (%), modelled",numeric,AFR,Africa,Country,TGO,Togo,Year,2016,FALSE,63.08,63.08,EN,2024-12-10T05:00:00.000Z
MALARIA_ITN_COVERAGE,"Population with access to an insecticide-treated bed net (ITN) for malaria protection (%), modelled",numeric,AFR,Africa,Country,MDG,Madagascar,Year,2016,FALSE,63.46,63.46,EN,2024-12-10T05:00:00.000Z
MALARIA_ITN_COVERAGE,"Population with access to an insecticide-treated bed net (ITN) for malaria protection (%), modelled",numeric,AFR,Africa,Country,MWI,Malawi,Year,2016,FALSE,64,64,EN,2024-12-10T05:00:00.000Z
MALARIA_ITN_COVERAGE,"Population with access to an insecticide-treated bed net (ITN) for malaria protection (%), modelled",numeric,AFR,Africa,Country,TZA,United Republic of Tanzania,Year,2016,FALSE,65.44,65.44,EN,2024-12-10T05:00:00.000Z
MALARIA_ITN_COVERAGE,"Population with access to an insecticide-treated bed net (ITN) for malaria protection (%), modelled",numeric,AFR,Africa,Country,NER,Niger,Year,2016,FALSE,65.67,65.67,EN,2024-12-10T05:00:00.000Z
MALARIA_ITN_COVERAGE,"Population with access to an insecticide-treated bed net (ITN) for malaria protection (%), modelled",numeric,AFR,Africa,Country,UGA,Uganda,Year,2016,FALSE,65.77,65.77,EN,2024-12-10T05:00:00.000Z
MALARIA_ITN_COVERAGE,"Population with access to an insecticide-treated bed net (ITN) for malaria protection (%), modelled",numeric,AFR,Africa,Country,COD,Democratic Republic of the Congo,Year,2016,FALSE,69.5,69.5,EN,2024-12-10T05:00:00.000Z
MALARIA_ITN_COVERAGE,"Population with access to an insecticide-treated bed net (ITN) for malaria protection (%), modelled",numeric,AFR,Africa,Country,MRT,Mauritania,Year,2016,FALSE,7.46,7.46,EN,2024-12-10T05:00:00.000Z
MALARIA_ITN_COVERAGE,"Population with access to an insecticide-treated bed net (ITN) for malaria protection (%), modelled",numeric,AFR,Africa,Country,CMR,Cameroon,Year,2016,FALSE,70.15,70.15,EN,2024-12-10T05:00:00.000Z
MALARIA_ITN_COVERAGE,"Population with access to an insecticide-treated bed net (ITN) for malaria protection (%), modelled",numeric,AFR,Africa,Country,GHA,Ghana,Year,2016,FALSE,71.08,71.08,EN,2024-12-10T05:00:00.000Z
MALARIA_ITN_COVERAGE,"Population with access to an insecticide-treated bed net (ITN) for malaria protection (%), modelled",numeric,AFR,Africa,Country,SEN,Senegal,Year,2016,FALSE,71.32,71.32,EN,2024-12-10T05:00:00.000Z
MALARIA_ITN_COVERAGE,"Population with access to an insecticide-treated bed net (ITN) for malaria protection (%), modelled",numeric,AFR,Africa,Country,BFA,Burkina Faso,Year,2016,FALSE,71.38,71.38,EN,2024-12-10T05:00:00.000Z
MALARIA_ITN_COVERAGE,"Population with access to an insecticide-treated bed net (ITN) for malaria protection (%), modelled",numeric,AFR,Africa,Country,COM,Comoros,Year,2016,FALSE,78.12,78.12,EN,2024-12-10T05:00:00.000Z
MALARIA_ITN_COVERAGE,"Population with access to an insecticide-treated bed net (ITN) for malaria protection (%), modelled",numeric,EMR,Eastern Mediterranean,Country,SOM,Somalia,Year,2015,FALSE,13.53,13.53,EN,2024-12-10T05:00:00.000Z
MALARIA_ITN_COVERAGE,"Population with access to an insecticide-treated bed net (ITN) for malaria protection (%), modelled",numeric,AFR,Africa,Country,SSD,South Sudan,Year,2015,FALSE,19.18,19.18,EN,2024-12-10T05:00:00.000Z
MALARIA_ITN_COVERAGE,"Population with access to an insecticide-treated bed net (ITN) for malaria protection (%), modelled",numeric,AFR,Africa,Country,GAB,Gabon,Year,2015,FALSE,20.68,20.68,EN,2024-12-10T05:00:00.000Z
MALARIA_ITN_COVERAGE,"Population with access to an insecticide-treated bed net (ITN) for malaria protection (%), modelled",numeric,AFR,Africa,Country,AGO,Angola,Year,2015,FALSE,22.45,22.45,EN,2024-12-10T05:00:00.000Z
MALARIA_ITN_COVERAGE,"Population with access to an insecticide-treated bed net (ITN) for malaria protection (%), modelled",numeric,AFR,Africa,Country,TCD,Chad,Year,2015,FALSE,29.07,29.07,EN,2024-12-10T05:00:00.000Z
MALARIA_ITN_COVERAGE,"Population with access to an insecticide-treated bed net (ITN) for malaria protection (%), modelled",numeric,AFR,Africa,Country,GNQ,Equatorial Guinea,Year,2015,FALSE,31.51,31.51,EN,2024-12-10T05:00:00.000Z
MALARIA_ITN_COVERAGE,"Population with access to an insecticide-treated bed net (ITN) for malaria protection (%), modelled",numeric,AFR,Africa,Country,MWI,Malawi,Year,2015,FALSE,31.88,31.88,EN,2024-12-10T05:00:00.000Z
MALARIA_ITN_COVERAGE,"Population with access to an insecticide-treated bed net (ITN) for malaria protection (%), modelled",numeric,AFR,Africa,Country,ERI,Eritrea,Year,2015,FALSE,34.41,34.41,EN,2024-12-10T05:00:00.000Z
MALARIA_ITN_COVERAGE,"Population with access to an insecticide-treated bed net (ITN) for malaria protection (%), modelled",numeric,AFR,Africa,Country,ETH,Ethiopia,Year,2015,FALSE,38.94,38.94,EN,2024-12-10T05:00:00.000Z
MALARIA_ITN_COVERAGE,"Population with access to an insecticide-treated bed net (ITN) for malaria protection (%), modelled",numeric,AFR,Africa,Country,GIN,Guinea,Year,2015,FALSE,42.62,42.62,EN,2024-12-10T05:00:00.000Z
MALARIA_ITN_COVERAGE,"Population with access to an insecticide-treated bed net (ITN) for malaria protection (%), modelled",numeric,AFR,Africa,Country,TZA,United Republic of Tanzania,Year,2015,FALSE,44.73,44.73,EN,2024-12-10T05:00:00.000Z
MALARIA_ITN_COVERAGE,"Population with access to an insecticide-treated bed net (ITN) for malaria protection (%), modelled",numeric,AFR,Africa,Country,ZWE,Zimbabwe,Year,2015,FALSE,46.85,46.85,EN,2024-12-10T05:00:00.000Z
MALARIA_ITN_COVERAGE,"Population with access to an insecticide-treated bed net (ITN) for malaria protection (%), modelled",numeric,AFR,Africa,Country,MRT,Mauritania,Year,2015,FALSE,5.19,5.19,EN,2024-12-10T05:00:00.000Z
MALARIA_ITN_COVERAGE,"Population with access to an insecticide-treated bed net (ITN) for malaria protection (%), modelled",numeric,AFR,Africa,Country,BFA,Burkina Faso,Year,2015,FALSE,51.16,51.16,EN,2024-12-10T05:00:00.000Z
MALARIA_ITN_COVERAGE,"Population with access to an insecticide-treated bed net (ITN) for malaria protection (%), modelled",numeric,AFR,Africa,Country,GMB,Gambia,Year,2015,FALSE,53.54,53.54,EN,2024-12-10T05:00:00.000Z
MALARIA_ITN_COVERAGE,"Population with access to an insecticide-treated bed net (ITN) for malaria protection (%), modelled",numeric,AFR,Africa,Country,COG,Congo,Year,2015,FALSE,53.69,53.69,EN,2024-12-10T05:00:00.000Z
MALARIA_ITN_COVERAGE,"Population with access to an insecticide-treated bed net (ITN) for malaria protection (%), modelled",numeric,AFR,Africa,Country,CMR,Cameroon,Year,2015,FALSE,55.51,55.51,EN,2024-12-10T05:00:00.000Z
MALARIA_ITN_COVERAGE,"Population with access to an insecticide-treated bed net (ITN) for malaria protection (%), modelled",numeric,AFR,Africa,Country,COD,Democratic Republic of the Congo,Year,2015,FALSE,55.84,55.84,EN,2024-12-10T05:00:00.000Z
MALARIA_ITN_COVERAGE,"Population with access to an insecticide-treated bed net (ITN) for malaria protection (%), modelled",numeric,AFR,Africa,Country,NGA,Nigeria,Year,2015,FALSE,56.19,56.19,EN,2024-12-10T05:00:00.000Z
MALARIA_ITN_COVERAGE,"Population with access to an insecticide-treated bed net (ITN) for malaria protection (%), modelled",numeric,EMR,Eastern Mediterranean,Country,SDN,Sudan,Year,2015,FALSE,57.46,57.46,EN,2024-12-10T05:00:00.000Z
MALARIA_ITN_COVERAGE,"Population with access to an insecticide-treated bed net (ITN) for malaria protection (%), modelled",numeric,AFR,Africa,Country,MOZ,Mozambique,Year,2015,FALSE,57.69,57.69,EN,2024-12-10T05:00:00.000Z
MALARIA_ITN_COVERAGE,"Population with access to an insecticide-treated bed net (ITN) for malaria protection (%), modelled",numeric,AFR,Africa,Country,MLI,Mali,Year,2015,FALSE,58.68,58.68,EN,2024-12-10T05:00:00.000Z
MALARIA_ITN_COVERAGE,"Population with access to an insecticide-treated bed net (ITN) for malaria protection (%), modelled",numeric,AFR,Africa,Country,ZMB,Zambia,Year,2015,FALSE,59.51,59.51,EN,2024-12-10T05:00:00.000Z
MALARIA_ITN_COVERAGE,"Population with access to an insecticide-treated bed net (ITN) for malaria protection (%), modelled",numeric,AFR,Africa,Country,KEN,Kenya,Year,2015,FALSE,59.9,59.9,EN,2024-12-10T05:00:00.000Z
MALARIA_ITN_COVERAGE,"Population with access to an insecticide-treated bed net (ITN) for malaria protection (%), modelled",numeric,EMR,Eastern Mediterranean,Country,DJI,Djibouti,Year,2015,FALSE,6.19,6.19,EN,2024-12-10T05:00:00.000Z
MALARIA_ITN_COVERAGE,"Population with access to an insecticide-treated bed net (ITN) for malaria protection (%), modelled",numeric,AFR,Africa,Country,COM,Comoros,Year,2015,FALSE,60.01,60.01,EN,2024-12-10T05:00:00.000Z
MALARIA_ITN_COVERAGE,"Population with access to an insecticide-treated bed net (ITN) for malaria protection (%), modelled",numeric,AFR,Africa,Country,NER,Niger,Year,2015,FALSE,60.11,60.11,EN,2024-12-10T05:00:00.000Z
MALARIA_ITN_COVERAGE,"Population with access to an insecticide-treated bed net (ITN) for malaria protection (%), modelled",numeric,AFR,Africa,Country,SEN,Senegal,Year,2015,FALSE,60.53,60.53,EN,2024-12-10T05:00:00.000Z
MALARIA_ITN_COVERAGE,"Population with access to an insecticide-treated bed net (ITN) for malaria protection (%), modelled",numeric,AFR,Africa,Country,CAF,Central African Republic,Year,2015,FALSE,60.91,60.91,EN,2024-12-10T05:00:00.000Z
MALARIA_ITN_COVERAGE,"Population with access to an insecticide-treated bed net (ITN) for malaria protection (%), modelled",numeric,AFR,Africa,Country,RWA,Rwanda,Year,2015,FALSE,61.48,61.48,EN,2024-12-10T05:00:00.000Z
MALARIA_ITN_COVERAGE,"Population with access to an insecticide-treated bed net (ITN) for malaria protection (%), modelled",numeric,AFR,Africa,Country,LBR,Liberia,Year,2015,FALSE,61.92,61.91,EN,2024-12-10T05:00:00.000Z
MALARIA_ITN_COVERAGE,"Population with access to an insecticide-treated bed net (ITN) for malaria protection (%), modelled",numeric,AFR,Africa,Country,GNB,Guinea-Bissau,Year,2015,FALSE,62.84,62.84,EN,2024-12-10T05:00:00.000Z
MALARIA_ITN_COVERAGE,"Population with access to an insecticide-treated bed net (ITN) for malaria protection (%), modelled",numeric,AFR,Africa,Country,BEN,Benin,Year,2015,FALSE,64.54,64.54,EN,2024-12-10T05:00:00.000Z
MALARIA_ITN_COVERAGE,"Population with access to an insecticide-treated bed net (ITN) for malaria protection (%), modelled",numeric,AFR,Africa,Country,BDI,Burundi,Year,2015,FALSE,64.57,64.57,EN,2024-12-10T05:00:00.000Z
MALARIA_ITN_COVERAGE,"Population with access to an insecticide-treated bed net (ITN) for malaria protection (%), modelled",numeric,AFR,Africa,Country,SLE,Sierra Leone,Year,2015,FALSE,66.86,66.86,EN,2024-12-10T05:00:00.000Z
MALARIA_ITN_COVERAGE,"Population with access to an insecticide-treated bed net (ITN) for malaria protection (%), modelled",numeric,AFR,Africa,Country,MDG,Madagascar,Year,2015,FALSE,67.53,67.53,EN,2024-12-10T05:00:00.000Z
MALARIA_ITN_COVERAGE,"Population with access to an insecticide-treated bed net (ITN) for malaria protection (%), modelled",numeric,AFR,Africa,Country,UGA,Uganda,Year,2015,FALSE,68,68,EN,2024-12-10T05:00:00.000Z
MALARIA_ITN_COVERAGE,"Population with access to an insecticide-treated bed net (ITN) for malaria protection (%), modelled",numeric,AFR,Africa,Country,GHA,Ghana,Year,2015,FALSE,69.5,69.5,EN,2024-12-10T05:00:00.000Z
MALARIA_ITN_COVERAGE,"Population with access to an insecticide-treated bed net (ITN) for malaria protection (%), modelled",numeric,AFR,Africa,Country,CIV,Cote d'Ivoire,Year,2015,FALSE,76.34,76.34,EN,2024-12-10T05:00:00.000Z
MALARIA_ITN_COVERAGE,"Population with access to an insecticide-treated bed net (ITN) for malaria protection (%), modelled",numeric,AFR,Africa,Country,TGO,Togo,Year,2015,FALSE,78.44,78.44,EN,2024-12-10T05:00:00.000Z
